EmpID,FirstName,LastName,StartDate,ExitDate,Title,Supervisor,SupervisorID,ADEmail,BusinessUnit,EmployeeStatus,EmployeeType,PayZone,EmployeeClassificationType,DepartmentType,Division,DOB,State,GenderCode,LocationCode,RaceDesc,MaritalDesc,Performance Score,Current Employee Rating
3427,Uriah,Bridges,2020-08-16,,Production Technician I,Ariana Strickland,2294,uriah.bridges@bilearner.com,CCDR,Active,Full-Time,Zone C,Full-Time,Production,Production Operations,1969-10-07,MA,Female,US-MA-01,White,Widowed,Fully Meets,3
3428,Paula,Small,2020-06-12,,Production Technician I,Julianne Shaw,2414,paula.small@bilearner.com,EW,Active,Part-Time,Zone C,Part-Time,Production,Production Operations,1965-08-30,MA,Male,US-MA-02,Hispanic,Widowed,Fully Meets,3
3429,Edward,Buck,2011-05-06,,Area Sales Manager,Luciana Steele,2688,edward.buck@bilearner.com,PL,Active,Full-Time,Zone A,Full-Time,Sales,Sales & Marketing,1991-10-06,MA,Male,US-MA-03,Hispanic,Widowed,Fully Meets,3
3430,Michael,Riordan,2018-06-10,,Area Sales Manager,Maxim Mooney,2734,michael.riordan@bilearner.com,CCDR,Active,Full-Time,Zone B,Full-Time,Sales,Sales & Marketing,1998-04-04,ND,Male,US-ND-01,Other,Single,Fully Meets,4
3431,Jasmine,Onque,2014-06-27,,Area Sales Manager,Maruk Fraval,3432,jasmine.onque@bilearner.com,TNS,Active,Full-Time,Zone B,Full-Time,Sales,Sales & Marketing,1969-08-29,FL,Female,US-FL-01,Other,Married,Fully Meets,3
3432,Maruk,Fraval,2006-01-23,,Area Sales Manager,Marlon Ford,3532,maruk.fraval@bilearner.com,BPC,Active,Full-Time,Zone A,Full-Time,Sales,Sales & Marketing,1969-09-27,CT,Male,US-CT-01,Black,Married,Fully Meets,3
3433,Latia,Costa,2016-11-07,2017-08-03,Area Sales Manager,Ryann Rubio,3545,latia.costa@bilearner.com,WBL,Voluntarily Terminated,Full-Time,Zone B,Full-Time,Sales,Sales & Marketing,1975-11-11,CA,Female,US-CA-01,Hispanic,Divorced,Exceeds,5
3434,Sharlene,Terry,2015-05-31,2017-03-21,Area Sales Manager,Willie Patterson,3488,sharlene.terry@bilearner.com,CCDR,Voluntarily Terminated,Full-Time,Zone B,Full-Time,Sales,Sales & Marketing,1957-03-07,OR,Female,US-OR-01,White,Divorced,Fully Meets,3
3435,Jac,McKinzie,2005-03-25,,Area Sales Manager,Kimora Parsons,3487,jac.mckinzie@bilearner.com,NEL,Active,Full-Time,Zone A,Full-Time,Sales,Sales & Marketing,1974-05-15,TX,Male,US-TX-01,Black,Widowed,Exceeds,5
3436,Joseph,Martins,2008-01-07,2015-12-06,Area Sales Manager,Harley Greer,2745,joseph.martins@bilearner.com,BPC,Retired,Full-Time,Zone B,Full-Time,Sales,Sales & Marketing,1949-11-11,TX,Male,US-TX-02,Asian,Widowed,Fully Meets,3
3437,Myriam,Givens,2025-11-09,,Area Sales Manager,Arely Patton,3474,myriam.givens@bilearner.com,SVG,Active,Full-Time,Zone B,Full-Time,Sales,Sales & Marketing,1964-01-26,IN,Female,US-IN-01,Other,Single,Fully Meets,3
3438,Dheepa,Nguyen,2009-12-03,2013-01-27,Area Sales Manager,Kimora Parsons,3487,dheepa.nguyen@bilearner.com,MSC,Retired,Full-Time,Zone B,Full-Time,Sales,Sales & Marketing,1948-04-06,GA,Female,US-GA-01,Asian,Married,Fully Meets,4
3439,Bartholemew,Khemmich,2019-12-28,2020-12-04,Area Sales Manager,Madalyn Prince,2718,bartholemew.khemmich@bilearner.com,EW,Voluntarily Terminated,Full-Time,Zone B,Full-Time,Sales,Sales & Marketing,1981-11-24,CO,Male,US-CO-01,Other,Single,Fully Meets,3
3440,Xana,Potts,2021-06-19,2024-02-19,Area Sales Manager,Michelle Carter,2578,xana.potts@bilearner.com,CCDR,Retired,Full-Time,Zone B,Full-Time,Sales,Sales & Marketing,1960-04-29,KY,Female,US-KY-01,White,Divorced,Fully Meets,3
3441,Prater,Jeremy,2025-02-19,,Area Sales Manager,Simeon Roy,2639,prater.jeremy@bilearner.com,BPC,Active,Full-Time,Zone B,Full-Time,Sales,Sales & Marketing,1989-11-21,NV,Male,US-NV-01,Asian,Widowed,Exceeds,4
3442,Kaylah,Moon,2014-02-14,2016-03-02,Area Sales Manager,Jocelyn Bradford,3521,kaylah.moon@bilearner.com,PYZ,Retired,Full-Time,Zone B,Full-Time,Sales,Sales & Marketing,1952-11-24,MA,Male,US-MA-01,Black,Single,Exceeds,4
3443,Kristen,Tate,2019-12-01,2021-04-19,Area Sales Manager,Graham Rodriguez,3497,kristen.tate@bilearner.com,WBL,Voluntarily Terminated,Full-Time,Zone B,Full-Time,Sales,Sales & Marketing,1994-04-08,KY,Male,US-KY-02,Asian,Widowed,Fully Meets,3
3444,Bobby,Rodgers,2019-02-14,2021-08-18,Area Sales Manager,Khalil Mendez,3553,bobby.rodgers@bilearner.com,NEL,Terminated for Cause,Full-Time,Zone B,Full-Time,Sales,Sales & Marketing,1983-11-15,KY,Male,US-KY-03,Other,Widowed,Fully Meets,3
3445,Reid,Park,2021-03-16,,Area Sales Manager,Benjamin Goodman,2697,reid.park@bilearner.com,PL,Active,Full-Time,Zone B,Full-Time,Sales,Sales & Marketing,1985-12-07,KY,Female,US-KY-01,Other,Married,Exceeds,4
3446,Hector,Dalton,2014-12-22,,Area Sales Manager,Troy Todd,1682,hector.dalton@bilearner.com,BPC,Active,Full-Time,Zone B,Full-Time,Sales,Sales & Marketing,1996-05-01,TX,Female,US-TX-03,White,Divorced,Exceeds,4
3447,Mariela,Schultz,2009-10-24,2011-06-17,Area Sales Manager,Valentin Reilly,3468,mariela.schultz@bilearner.com,CCDR,Voluntarily Terminated,Full-Time,Zone B,Full-Time,Sales,Sales & Marketing,1964-02-17,TX,Female,US-TX-01,Asian,Widowed,Fully Meets,4
3448,Angela,Molina,2012-10-14,2013-10-18,Area Sales Manager,Lynn Daneault,1933,angela.molina@bilearner.com,SVG,Voluntarily Terminated,Full-Time,Zone B,Full-Time,Sales,Sales & Marketing,1958-05-12,TX,Male,US-TX-02,Asian,Widowed,Fully Meets,3
3449,Gerald,Preston,2012-10-17,2013-07-23,Area Sales Manager,Aileen Wright,2594,gerald.preston@bilearner.com,EW,Terminated for Cause,Full-Time,Zone B,Full-Time,Sales,Sales & Marketing,1992-09-18,CO,Male,US-CO-02,Black,Single,Fully Meets,4
3450,Reilly,Moyer,2008-11-06,2014-11-19,Area Sales Manager,Tania Jennings,1665,reilly.moyer@bilearner.com,MSC,Voluntarily Terminated,Full-Time,Zone B,Full-Time,Sales,Sales & Marketing,1957-08-09,CO,Male,US-CO-03,Other,Single,Exceeds,5
3451,Carlee,French,2025-07-04,2025-09-11,Area Sales Manager,Lea Cantu,2705,carlee.french@bilearner.com,TNS,Terminated for Cause,Full-Time,Zone B,Full-Time,Sales,Sales & Marketing,1968-01-15,CO,Male,US-CO-01,Other,Divorced,Exceeds,5
3452,Jaydon,Blackburn,2019-04-25,,Area Sales Manager,Moises Day,1676,jaydon.blackburn@bilearner.com,PYZ,Active,Full-Time,Zone B,Full-Time,Sales,Sales & Marketing,1998-11-15,IN,Male,US-IN-02,Black,Divorced,Fully Meets,3
3453,Bridger,Carter,2016-10-22,,Area Sales Manager,Hector Dalton,3446,bridger.carter@bilearner.com,WBL,Active,Full-Time,Zone B,Full-Time,Sales,Sales & Marketing,1982-04-07,MA,Male,US-MA-02,White,Widowed,Fully Meets,4
3454,Leon,Beard,2017-12-13,,Area Sales Manager,Alejandro Wilkinson,2715,leon.beard@bilearner.com,PYZ,Active,Full-Time,Zone B,Full-Time,Sales,Sales & Marketing,1970-01-29,KY,Male,US-KY-02,Hispanic,Married,Needs Improvement,2
3455,Charity,Miranda,2025-09-07,2026-05-20,Area Sales Manager,Layla Kane,2597,charity.miranda@bilearner.com,WBL,Voluntarily Terminated,Full-Time,Zone B,Full-Time,Sales,Sales & Marketing,1999-01-18,KY,Male,US-KY-03,Other,Widowed,Exceeds,5
3456,Axel,Howe,2001-05-12,,Area Sales Manager,Marlon Stanton,2304,axel.howe@bilearner.com,NEL,Active,Full-Time,Zone A,Full-Time,Sales,Sales & Marketing,1960-10-25,KY,Female,US-KY-01,Black,Divorced,Fully Meets,3
3457,Milton,Wall,2020-10-31,,Area Sales Manager,Sanaa Valenzuela,2660,milton.wall@bilearner.com,PL,Active,Full-Time,Zone B,Full-Time,Sales,Sales & Marketing,1976-06-24,KY,Female,US-KY-02,White,Divorced,Needs Improvement,2
3458,Cory,Robinson,2011-04-08,2011-12-31,Area Sales Manager,Alexus Estes,3514,cory.robinson@bilearner.com,BPC,Retired,Full-Time,Zone B,Full-Time,Sales,Sales & Marketing,1946-07-19,TX,Female,US-TX-03,Hispanic,Single,Needs Improvement,1
3459,Saniya,Yu,2021-09-21,2024-11-06,Area Sales Manager,Emerson Zavala,2721,saniya.yu@bilearner.com,CCDR,Voluntarily Terminated,Full-Time,Zone B,Full-Time,Sales,Sales & Marketing,1978-09-11,TX,Male,US-TX-01,Black,Widowed,Exceeds,5
3460,Alisa,James,2012-04-19,,Area Sales Manager,Harley Greer,2745,alisa.james@bilearner.com,SVG,Active,Full-Time,Zone B,Full-Time,Sales,Sales & Marketing,1984-07-01,TX,Male,US-TX-02,Asian,Married,Fully Meets,3
3461,Lincoln,Compton,2020-04-09,2021-09-24,Area Sales Manager,Edward Buck,3429,lincoln.compton@bilearner.com,EW,Voluntarily Terminated,Full-Time,Zone B,Full-Time,Sales,Sales & Marketing,1997-12-29,CO,Male,US-CO-02,Hispanic,Married,Needs Improvement,1
3462,Aliana,Nolan,2012-01-19,2018-06-29,Area Sales Manager,Noah Villanueva,2584,aliana.nolan@bilearner.com,MSC,Terminated for Cause,Full-Time,Zone B,Full-Time,Sales,Sales & Marketing,1963-01-26,CO,Male,US-CO-03,Hispanic,Divorced,Needs Improvement,2
3463,Kayden,Dodson,2008-11-14,2010-06-17,Area Sales Manager,Ryann Rubio,3545,kayden.dodson@bilearner.com,TNS,Terminated for Cause,Full-Time,Zone B,Full-Time,Sales,Sales & Marketing,1951-06-21,IN,Male,US-IN-03,Hispanic,Single,Fully Meets,4
3464,James,Duke,2004-04-06,2005-06-08,Area Sales Manager,Axel Howe,3456,james.duke@bilearner.com,PYZ,Terminated for Cause,Full-Time,Zone B,Full-Time,Sales,Sales & Marketing,1948-08-15,MA,Male,US-MA-03,Black,Widowed,Needs Improvement,2
3465,Willow,Stuart,2025-10-23,,Area Sales Manager,Chloe Gould,1655,willow.stuart@bilearner.com,WBL,Active,Full-Time,Zone B,Full-Time,Sales,Sales & Marketing,1962-01-07,MA,Male,US-MA-01,Asian,Divorced,Needs Improvement,1
3466,Clayton,Walker,2026-04-17,2026-05-28,Area Sales Manager,Mylee Snow,1687,clayton.walker@bilearner.com,PYZ,Terminated for Cause,Full-Time,Zone B,Full-Time,Sales,Sales & Marketing,1979-01-26,KY,Male,US-KY-03,Other,Married,Exceeds,5
3467,Celia,Curtis,2025-12-14,,Area Sales Manager,Nasir Glass,2671,celia.curtis@bilearner.com,WBL,Active,Full-Time,Zone B,Full-Time,Sales,Sales & Marketing,1987-05-14,KY,Female,US-KY-01,Asian,Divorced,Exceeds,5
3468,Valentin,Reilly,2006-05-10,,Area Sales Manager,Callum Ford,2588,valentin.reilly@bilearner.com,NEL,Active,Full-Time,Zone A,Full-Time,Sales,Sales & Marketing,1976-12-30,KY,Female,US-KY-02,Black,Single,Fully Meets,3
3469,Ryland,Shepherd,2012-03-14,2012-11-14,Area Sales Manager,Ryann Rubio,3545,ryland.shepherd@bilearner.com,PL,Retired,Full-Time,Zone B,Full-Time,Sales,Sales & Marketing,1945-02-21,TX,Female,US-TX-03,Asian,Divorced,Needs Improvement,1
3470,Esteban,Gilbert,2015-04-16,2018-07-26,Area Sales Manager,Aylin Berg,3536,esteban.gilbert@bilearner.com,BPC,Retired,Full-Time,Zone B,Full-Time,Sales,Sales & Marketing,1956-01-28,TX,Female,US-TX-01,Black,Married,Needs Improvement,2
3471,Jonathan,Adkins,2011-07-07,,Area Sales Manager,Simeon Roy,2639,jonathan.adkins@bilearner.com,CCDR,Active,Full-Time,Zone B,Full-Time,Sales,Sales & Marketing,1967-01-03,TX,Male,US-TX-02,Asian,Married,Fully Meets,3
3472,Nevaeh,Soto,2025-01-23,,Area Sales Manager,Helen Humphrey,2712,nevaeh.soto@bilearner.com,SVG,Active,Full-Time,Zone B,Full-Time,Sales,Sales & Marketing,1982-01-12,TX,Male,US-TX-03,Other,Married,Exceeds,5
3473,Chaim,Mata,2023-07-10,,Area Sales Manager,Sonny Horne,3477,chaim.mata@bilearner.com,EW,Active,Full-Time,Zone B,Full-Time,Sales,Sales & Marketing,1989-12-25,CO,Male,US-CO-01,Hispanic,Widowed,Exceeds,5
3474,Arely,Patton,2013-02-03,,Area Sales Manager,Marlon Ford,3532,arely.patton@bilearner.com,MSC,Active,Full-Time,Zone B,Full-Time,Sales,Sales & Marketing,1965-12-16,CO,Male,US-CO-02,Other,Divorced,Fully Meets,4
3475,Vance,Trujillo,2020-12-05,2024-12-29,Area Sales Manager,Cannon Gray,2699,vance.trujillo@bilearner.com,TNS,Retired,Full-Time,Zone B,Full-Time,Sales,Sales & Marketing,1957-12-25,IN,Male,US-IN-01,Asian,Widowed,Fully Meets,3
3476,Charlie,Koch,2020-08-08,2022-01-12,Area Sales Manager,Layla Kane,2597,charlie.koch@bilearner.com,PYZ,Retired,Full-Time,Zone B,Full-Time,Sales,Sales & Marketing,1960-08-04,MA,Male,US-MA-02,Asian,Divorced,Needs Improvement,2
3477,Sonny,Horne,2019-10-02,,Area Sales Manager,Ryker Hopkins,2686,sonny.horne@bilearner.com,PYZ,Active,Full-Time,Zone B,Full-Time,Sales,Sales & Marketing,1969-12-03,KY,Female,US-KY-03,Asian,Widowed,Needs Improvement,2
3478,Thomas,Chandler,2022-10-14,2024-06-04,Area Sales Manager,Lamont Summers,2607,thomas.chandler@bilearner.com,WBL,Retired,Full-Time,Zone B,Full-Time,Sales,Sales & Marketing,1957-10-10,KY,Female,US-KY-01,Hispanic,Married,Fully Meets,3
3479,Sarai,Stone,2024-01-10,2024-07-30,Area Sales Manager,Hugo Clay,3493,sarai.stone@bilearner.com,NEL,Retired,Full-Time,Zone B,Full-Time,Sales,Sales & Marketing,1962-05-17,TX,Female,US-TX-01,Hispanic,Widowed,Fully Meets,3
3480,Jerimiah,Harmon,2017-08-02,2019-08-31,Area Sales Manager,Allison Frank,1658,jerimiah.harmon@bilearner.com,PL,Voluntarily Terminated,Full-Time,Zone B,Full-Time,Sales,Sales & Marketing,1970-09-30,TX,Female,US-TX-02,Black,Widowed,Fully Meets,3
3481,Leland,Allen,2024-11-23,2025-04-06,Area Sales Manager,Carleigh Hendricks,2505,leland.allen@bilearner.com,BPC,Voluntarily Terminated,Full-Time,Zone B,Full-Time,Sales,Sales & Marketing,1965-12-11,TX,Male,US-TX-03,Other,Widowed,Fully Meets,3
3482,Cristal,Bolton,2006-07-04,2007-02-27,Area Sales Manager,Charlize Ballard,2683,cristal.bolton@bilearner.com,CCDR,Voluntarily Terminated,Contract,Zone B,Temporary,Sales,Sales & Marketing,1979-03-12,TX,Male,US-TX-01,Asian,Divorced,Needs Improvement,1
3483,Jaslene,Harding,2022-10-31,,Area Sales Manager,Graham Rodriguez,3497,jaslene.harding@bilearner.com,SVG,Active,Full-Time,Zone B,Full-Time,Sales,Sales & Marketing,1964-06-19,CO,Male,US-CO-03,Asian,Widowed,Fully Meets,3
3484,Albert,Gonzalez,2016-03-01,,Area Sales Manager,Jonathan Adkins,3471,albert.gonzalez@bilearner.com,EW,Active,Full-Time,Zone B,Full-Time,Sales,Sales & Marketing,1995-07-18,CO,Male,US-CO-01,Other,Single,Fully Meets,3
3485,Jaiden,Johnson,2020-11-22,,Area Sales Manager,Ryann Rubio,3545,jaiden.johnson@bilearner.com,MSC,Active,Full-Time,Zone B,Full-Time,Sales,Sales & Marketing,1994-08-22,CO,Male,US-CO-02,White,Widowed,Fully Meets,3
3486,Brendon,Mcconnell,2015-07-12,2020-12-12,Area Sales Manager,Luciana Steele,2688,brendon.mcconnell@bilearner.com,TNS,Terminated for Cause,Full-Time,Zone B,Full-Time,Sales,Sales & Marketing,1990-11-14,IN,Male,US-IN-02,Other,Widowed,Fully Meets,3
3487,Kimora,Parsons,2004-03-23,,Area Sales Manager,David Kirk,2729,kimora.parsons@bilearner.com,BPC,Active,Full-Time,Zone A,Full-Time,Sales,Sales & Marketing,1965-09-13,KY,Female,US-KY-02,Other,Divorced,Fully Meets,3
3488,Willie,Patterson,2009-01-20,,Area Sales Manager,Yesenia Payne,2598,willie.patterson@bilearner.com,CCDR,Active,Full-Time,Zone A,Full-Time,Sales,Sales & Marketing,1988-12-09,KY,Female,US-KY-03,Asian,Single,Fully Meets,3
3489,Devyn,Powers,2023-09-11,,Area Sales Manager,Nathaly Stevens,2648,devyn.powers@bilearner.com,EW,Active,Full-Time,Zone B,Full-Time,Sales,Sales & Marketing,1964-12-19,TX,Female,US-TX-02,Black,Divorced,Fully Meets,4
3490,Weston,Preston,2024-12-12,,Area Sales Manager,Santiago Rosales,2735,weston.preston@bilearner.com,MSC,Active,Full-Time,Zone B,Full-Time,Sales,Sales & Marketing,1991-07-10,TX,Female,US-TX-03,Hispanic,Divorced,Fully Meets,3
3491,Lennon,Buchanan,2007-10-14,,Area Sales Manager,Noah Villanueva,2584,lennon.buchanan@bilearner.com,NEL,Active,Full-Time,Zone A,Full-Time,Sales,Sales & Marketing,1973-06-02,TX,Male,US-TX-01,White,Widowed,Fully Meets,3
3492,Vicente,Merritt,2025-04-27,,Area Sales Manager,Troy Todd,1682,vicente.merritt@bilearner.com,PL,Active,Full-Time,Zone B,Full-Time,Sales,Sales & Marketing,1993-01-08,CO,Male,US-CO-03,Asian,Married,Fully Meets,3
3493,Hugo,Clay,2012-08-29,,Area Sales Manager,Jac McKinzie,3435,hugo.clay@bilearner.com,PYZ,Active,Full-Time,Zone B,Full-Time,Sales,Sales & Marketing,1984-04-17,CO,Male,US-CO-01,Asian,Widowed,Fully Meets,3
3494,Cohen,Raymond,2010-01-30,,Area Sales Manager,Alexus Estes,3514,cohen.raymond@bilearner.com,SVG,Active,Full-Time,Zone A,Full-Time,Sales,Sales & Marketing,1991-02-16,CO,Male,US-CO-02,Black,Single,Fully Meets,3
3495,Tia,Ellis,2015-03-17,2019-04-21,Area Sales Manager,Johnathon Serrano,2689,tia.ellis@bilearner.com,TNS,Terminated for Cause,Full-Time,Zone B,Full-Time,Sales,Sales & Marketing,1993-01-27,IN,Male,US-IN-03,Other,Married,Fully Meets,3
3496,Aspen,Bentley,2012-08-14,,Area Sales Manager,Tania Jennings,1665,aspen.bentley@bilearner.com,WBL,Active,Full-Time,Zone B,Full-Time,Sales,Sales & Marketing,1964-09-19,CA,Male,US-CA-02,Other,Widowed,Fully Meets,4
3497,Graham,Rodriguez,2019-01-29,,Area Sales Manager,Sanaa Valenzuela,2660,graham.rodriguez@bilearner.com,TNS,Active,Full-Time,Zone B,Full-Time,Sales,Sales & Marketing,1981-02-18,OR,Female,US-OR-02,Hispanic,Widowed,Fully Meets,3
3498,Joel,Mcmillan,2014-01-26,2015-05-24,Area Sales Manager,Nathaly Stevens,2648,joel.mcmillan@bilearner.com,PYZ,Voluntarily Terminated,Full-Time,Zone B,Full-Time,Sales,Sales & Marketing,1989-07-03,KY,Female,US-KY-01,White,Widowed,Fully Meets,3
3499,Maci,Frost,2012-05-14,2013-02-02,Area Sales Manager,Lewis Hobbs,2608,maci.frost@bilearner.com,WBL,Terminated for Cause,Full-Time,Zone B,Full-Time,Sales,Sales & Marketing,1971-01-16,KY,Female,US-KY-02,Asian,Widowed,Fully Meets,3
3500,Nevaeh,Lucas,2018-09-06,2020-06-15,Area Sales Manager,Trevin Shannon,2477,nevaeh.lucas@bilearner.com,NEL,Voluntarily Terminated,Contract,Zone B,Temporary,Sales,Sales & Marketing,2000-02-25,TX,Female,US-TX-02,White,Divorced,Fully Meets,4
3501,Garrett,Zimmerman,2025-06-11,2026-02-04,Area Sales Manager,Mayra Lynn,2515,garrett.zimmerman@bilearner.com,PL,Retired,Full-Time,Zone B,Full-Time,Sales,Sales & Marketing,1959-04-19,TX,Male,US-TX-03,Other,Widowed,Fully Meets,3
3502,Eugene,Marks,2026-03-22,,Area Sales Manager,Geovanni Pugh,3503,eugene.marks@bilearner.com,BPC,Active,Full-Time,Zone B,Full-Time,Sales,Sales & Marketing,1976-06-29,TX,Male,US-TX-01,White,Married,Fully Meets,3
3503,Geovanni,Pugh,2023-08-05,,Area Sales Manager,Mike Guilianno,2585,geovanni.pugh@bilearner.com,CCDR,Active,Full-Time,Zone B,Full-Time,Sales,Sales & Marketing,2001-10-27,CO,Male,US-CO-03,Other,Single,Fully Meets,3
3504,Javon,Kelley,2017-09-22,,Area Sales Manager,Bruno Ashley,2687,javon.kelley@bilearner.com,SVG,Active,Part-Time,Zone B,Part-Time,Sales,Sales & Marketing,1980-08-23,CO,Male,US-CO-01,Hispanic,Married,Fully Meets,3
3505,Amaya,Hicks,2016-02-16,,Area Sales Manager,Raven Koch,3510,amaya.hicks@bilearner.com,EW,Active,Part-Time,Zone B,Part-Time,Sales,Sales & Marketing,1978-08-12,IN,Male,US-IN-01,Hispanic,Widowed,Fully Meets,3
3506,Laila,Woodard,2017-01-03,2021-08-15,Area Sales Manager,Charlize Ballard,2683,laila.woodard@bilearner.com,MSC,Voluntarily Terminated,Full-Time,Zone B,Full-Time,Sales,Sales & Marketing,1988-07-06,IN,Male,US-IN-02,Other,Married,Fully Meets,3
3507,Ivan,Huff,2004-07-30,2012-03-01,Area Sales Manager,Callum Ford,2588,ivan.huff@bilearner.com,TNS,Voluntarily Terminated,Full-Time,Zone B,Full-Time,Sales,Sales & Marketing,1973-03-24,CA,Male,US-CA-03,White,Single,Fully Meets,3
3508,Aidan,Harding,2023-01-30,,Area Sales Manager,Cody Bates,2662,aidan.harding@bilearner.com,CCDR,Active,Full-Time,Zone B,Full-Time,Sales,Sales & Marketing,1960-06-06,OR,Male,US-OR-03,Asian,Single,Fully Meets,3
3509,Cruz,Boyer,2023-08-23,,Area Sales Manager,Charles Coleman,2628,cruz.boyer@bilearner.com,BPC,Active,Full-Time,Zone B,Full-Time,Sales,Sales & Marketing,1977-11-04,KY,Female,US-KY-03,Black,Married,Fully Meets,3
3510,Raven,Koch,2007-10-13,,Area Sales Manager,Graham Villa,2489,raven.koch@bilearner.com,PYZ,Active,Full-Time,Zone A,Full-Time,Sales,Sales & Marketing,1981-08-04,KY,Female,US-KY-01,Hispanic,Married,Fully Meets,3
3511,Karli,Barker,2017-03-31,2018-05-29,Area Sales Manager,Nathaly Stevens,2648,karli.barker@bilearner.com,WBL,Terminated for Cause,Full-Time,Zone B,Full-Time,Sales,Sales & Marketing,1997-02-18,KY,Female,US-KY-02,Asian,Divorced,Fully Meets,3
3512,Tyrone,Sosa,2017-10-20,2020-02-28,Area Sales Manager,Aileen Wright,2594,tyrone.sosa@bilearner.com,NEL,Terminated for Cause,Full-Time,Zone B,Full-Time,Sales,Sales & Marketing,1996-10-25,TX,Female,US-TX-02,Black,Single,Fully Meets,3
3513,Damaris,Cisneros,2015-07-07,2016-07-12,Area Sales Manager,Breanna Kerr,2645,damaris.cisneros@bilearner.com,PL,Voluntarily Terminated,Full-Time,Zone B,Full-Time,Sales,Sales & Marketing,1959-11-13,TX,Male,US-TX-03,Other,Married,Fully Meets,3
3514,Alexus,Estes,2008-09-14,,Area Sales Manager,Harley Greer,2745,alexus.estes@bilearner.com,BPC,Active,Full-Time,Zone A,Full-Time,Sales,Sales & Marketing,1958-01-03,TX,Male,US-TX-01,Asian,Married,Fully Meets,3
3515,Kinsley,Flowers,2010-03-07,2014-09-22,Area Sales Manager,Valentin Reilly,3468,kinsley.flowers@bilearner.com,CCDR,Voluntarily Terminated,Full-Time,Zone B,Full-Time,Sales,Sales & Marketing,1985-02-27,CO,Male,US-CO-02,White,Single,Fully Meets,3
3516,Deborah,Love,2023-03-25,2023-12-10,Area Sales Manager,Sanaa Valenzuela,2660,deborah.love@bilearner.com,SVG,Voluntarily Terminated,Full-Time,Zone B,Full-Time,Sales,Sales & Marketing,1988-06-25,CO,Male,US-CO-03,Asian,Divorced,Fully Meets,4
3517,Milagros,Francis,2006-08-07,,Area Sales Manager,Ryann Rubio,3545,milagros.francis@bilearner.com,EW,Active,Full-Time,Zone A,Full-Time,Sales,Sales & Marketing,1960-08-23,IN,Male,US-IN-03,Hispanic,Widowed,Fully Meets,3
3518,Roberto,Michael,2017-06-15,2018-04-03,Area Sales Manager,Callum Ford,2588,roberto.michael@bilearner.com,MSC,Voluntarily Terminated,Full-Time,Zone B,Full-Time,Sales,Sales & Marketing,1969-05-24,CA,Female,US-CA-01,Hispanic,Married,Fully Meets,3
3519,Elaine,Ewing,2008-08-27,2009-08-08,Area Sales Manager,Jac McKinzie,3435,elaine.ewing@bilearner.com,TNS,Voluntarily Terminated,Full-Time,Zone B,Full-Time,Sales,Sales & Marketing,1951-03-28,CA,Male,US-CA-02,Hispanic,Widowed,Fully Meets,3
3520,Caiden,Munoz,2013-12-27,2015-09-14,Area Sales Manager,Ashlynn Duffy,1949,caiden.munoz@bilearner.com,TNS,Voluntarily Terminated,Contract,Zone B,Temporary,Sales,Sales & Marketing,1963-03-01,ND,Female,US-ND-02,Black,Divorced,Fully Meets,3
3521,Jocelyn,Bradford,2012-06-21,,Area Sales Manager,Jabari Frank,2589,jocelyn.bradford@bilearner.com,WBL,Active,Full-Time,Zone B,Full-Time,Sales,Sales & Marketing,1959-02-26,KY,Female,US-KY-03,Asian,Divorced,Fully Meets,3
3522,Marques,Armstrong,2026-01-23,,Area Sales Manager,Tess Reilly,1714,marques.armstrong@bilearner.com,BPC,Active,Full-Time,Zone B,Full-Time,Sales,Sales & Marketing,1983-10-12,KY,Female,US-KY-01,Other,Single,Fully Meets,4
3523,Rohan,Chapman,2023-04-14,2025-03-10,Area Sales Manager,Alisa James,3460,rohan.chapman@bilearner.com,CCDR,Voluntarily Terminated,Full-Time,Zone B,Full-Time,Sales,Sales & Marketing,1978-12-19,KY,Female,US-KY-02,Other,Single,Fully Meets,3
3524,Emmanuel,Franklin,2007-10-03,2008-06-26,Area Sales Manager,Harley Greer,2745,emmanuel.franklin@bilearner.com,EW,Retired,Full-Time,Zone B,Full-Time,Sales,Sales & Marketing,1944-04-10,TX,Male,US-TX-02,Asian,Divorced,Fully Meets,3
3525,Clayton,Mccormick,2023-03-31,2024-07-07,Area Sales Manager,Jocelyn Bradford,3521,clayton.mccormick@bilearner.com,MSC,Voluntarily Terminated,Full-Time,Zone B,Full-Time,Sales,Sales & Marketing,1967-01-29,TX,Male,US-TX-03,Hispanic,Single,Fully Meets,3
3526,Darius,Krause,2014-12-10,,Area Sales Manager,Mary Moore,2622,darius.krause@bilearner.com,NEL,Active,Full-Time,Zone B,Full-Time,Sales,Sales & Marketing,1977-07-23,TX,Male,US-TX-01,White,Widowed,Fully Meets,3
3527,Ahmed,Hawkins,2010-06-01,2013-08-14,Area Sales Manager,Emery Roach,3551,ahmed.hawkins@bilearner.com,PL,Terminated for Cause,Full-Time,Zone B,Full-Time,Sales,Sales & Marketing,1974-10-15,CO,Male,US-CO-01,Black,Married,Fully Meets,3
3528,Kymani,Benjamin,2022-11-13,,Area Sales Manager,Zara Werner,2736,kymani.benjamin@bilearner.com,PYZ,Active,Full-Time,Zone B,Full-Time,Sales,Sales & Marketing,1991-12-13,CO,Male,US-CO-02,Hispanic,Widowed,Fully Meets,3
3529,Callum,Mcdaniel,2019-07-31,2021-08-25,Area Sales Manager,Malcolm Rivas,2693,callum.mcdaniel@bilearner.com,SVG,Voluntarily Terminated,Full-Time,Zone B,Full-Time,Sales,Sales & Marketing,1994-06-18,IN,Male,US-IN-01,Hispanic,Single,Fully Meets,4
3530,Zariah,Black,2016-01-25,,Area Sales Manager,Charlize Ballard,2683,zariah.black@bilearner.com,TNS,Active,Full-Time,Zone B,Full-Time,Sales,Sales & Marketing,1993-06-16,CA,Female,US-CA-03,Black,Widowed,Fully Meets,3
3531,Ronnie,Mayer,2019-12-30,,Area Sales Manager,Amaya Hicks,3505,ronnie.mayer@bilearner.com,WBL,Active,Full-Time,Zone B,Full-Time,Sales,Sales & Marketing,1982-02-18,CA,Male,US-CA-01,Black,Divorced,Fully Meets,4
3532,Marlon,Ford,2003-04-26,,Area Sales Manager,Axel Howe,3456,marlon.ford@bilearner.com,EW,Active,Full-Time,Zone A,Full-Time,Sales,Sales & Marketing,1966-11-27,OR,Female,US-OR-01,Black,Widowed,Fully Meets,3
3533,Slade,Griffith,2010-02-08,2011-03-04,Area Sales Manager,Nathaly Stevens,2648,slade.griffith@bilearner.com,MSC,Voluntarily Terminated,Full-Time,Zone B,Full-Time,Sales,Sales & Marketing,1966-11-12,ND,Male,US-ND-03,White,Married,Fully Meets,4
3534,Lee,Frye,2018-11-03,,Area Sales Manager,Callum Ford,2588,lee.frye@bilearner.com,TNS,Active,Full-Time,Zone B,Full-Time,Sales,Sales & Marketing,1959-08-16,KY,Female,US-KY-03,Asian,Single,Fully Meets,3
3535,Veronica,Rowe,2004-03-17,2006-02-26,Area Sales Manager,David Kirk,2729,veronica.rowe@bilearner.com,PYZ,Voluntarily Terminated,Full-Time,Zone B,Full-Time,Sales,Sales & Marketing,1962-09-21,KY,Female,US-KY-01,Black,Single,Fully Meets,4
3536,Aylin,Berg,2014-06-21,,Area Sales Manager,Troy Todd,1682,aylin.berg@bilearner.com,WBL,Active,Full-Time,Zone B,Full-Time,Sales,Sales & Marketing,1989-01-02,GA,Female,US-GA-02,Black,Single,Fully Meets,3
3537,Neveah,Rowe,2012-07-29,2019-07-30,Area Sales Manager,Noah Villanueva,2584,neveah.rowe@bilearner.com,NEL,Retired,Full-Time,Zone B,Full-Time,Sales,Sales & Marketing,1954-07-11,TX,Male,US-TX-02,Hispanic,Married,Fully Meets,3
3538,Keith,Baxter,2018-05-11,2022-10-03,Area Sales Manager,Troy Todd,1682,keith.baxter@bilearner.com,PL,Retired,Full-Time,Zone B,Full-Time,Sales,Sales & Marketing,1959-08-29,TX,Male,US-TX-03,Asian,Widowed,Fully Meets,3
3539,Chaz,Bruce,2003-10-27,,Area Sales Manager,Harley Greer,2745,chaz.bruce@bilearner.com,BPC,Active,Full-Time,Zone A,Full-Time,Sales,Sales & Marketing,1983-11-27,CO,Male,US-CO-03,Hispanic,Single,Fully Meets,3
3540,Maya,Mccann,2016-03-10,2021-08-13,Area Sales Manager,Kaylin Dillon,2620,maya.mccann@bilearner.com,CCDR,Terminated for Cause,Full-Time,Zone B,Full-Time,Sales,Sales & Marketing,1983-06-09,CO,Male,US-CO-01,White,Widowed,Exceeds,4
3541,Aaron,Weber,2013-12-23,2015-11-16,Area Sales Manager,Mary Moore,2622,aaron.weber@bilearner.com,SVG,Voluntarily Terminated,Full-Time,Zone B,Full-Time,Sales,Sales & Marketing,1991-10-27,IN,Male,US-IN-02,Black,Married,Exceeds,4
3542,Ellie,Gill,2025-11-21,,Area Sales Manager,Chaim Mata,3473,ellie.gill@bilearner.com,EW,Active,Full-Time,Zone B,Full-Time,Sales,Sales & Marketing,1972-09-09,IN,Male,US-IN-03,White,Married,Needs Improvement,1
3543,Rayne,Kerr,2026-03-20,,Area Sales Manager,Luciana Steele,2688,rayne.kerr@bilearner.com,MSC,Active,Full-Time,Zone B,Full-Time,Sales,Sales & Marketing,1981-02-18,CA,Female,US-CA-02,Black,Single,Fully Meets,3
3544,Samara,Mcbride,2024-05-29,2026-03-12,Area Sales Manager,Presley Dodson,2678,samara.mcbride@bilearner.com,TNS,Terminated for Cause,Full-Time,Zone B,Full-Time,Sales,Sales & Marketing,2000-09-16,CA,Male,US-CA-03,Asian,Single,Fully Meets,3
3545,Ryann,Rubio,2005-11-21,,Area Sales Manager,Jac McKinzie,3435,ryann.rubio@bilearner.com,EW,Active,Full-Time,Zone A,Full-Time,Sales,Sales & Marketing,1962-02-05,OR,Female,US-OR-02,Black,Widowed,Fully Meets,3
3546,Paris,Carr,2025-01-31,2025-12-03,Area Sales Manager,Kymani Benjamin,3528,paris.carr@bilearner.com,CCDR,Terminated for Cause,Full-Time,Zone B,Full-Time,Sales,Sales & Marketing,1980-07-14,ND,Male,US-ND-01,Hispanic,Widowed,Exceeds,5
3547,Adriel,Wiggins,2008-09-23,,Area Sales Manager,Charlize Ballard,2683,adriel.wiggins@bilearner.com,BPC,Active,Full-Time,Zone A,Full-Time,Sales,Sales & Marketing,1982-03-23,KY,Female,US-KY-02,Other,Married,Needs Improvement,2
3548,Sanaa,Glass,2025-04-18,2025-11-26,Area Sales Manager,Andy Stewart,2614,sanaa.glass@bilearner.com,WBL,Voluntarily Terminated,Full-Time,Zone B,Full-Time,Sales,Sales & Marketing,1964-01-25,KY,Female,US-KY-03,White,Single,Fully Meets,3
3549,Ryan,Lynch,2016-12-03,2020-12-31,Area Sales Manager,Axel Howe,3456,ryan.lynch@bilearner.com,TNS,Retired,Full-Time,Zone B,Full-Time,Sales,Sales & Marketing,1955-03-17,GA,Female,US-GA-03,Black,Divorced,Fully Meets,3
3550,Charlie,Atkinson,2014-05-19,2015-12-23,Area Sales Manager,Jonathan Adkins,3471,charlie.atkinson@bilearner.com,SVG,Voluntarily Terminated,Full-Time,Zone B,Full-Time,Sales,Sales & Marketing,1988-03-26,TX,Male,US-TX-01,White,Divorced,Fully Meets,3
3551,Emery,Roach,2010-03-28,,Area Sales Manager,Milagros Francis,3517,emery.roach@bilearner.com,PYZ,Active,Full-Time,Zone A,Full-Time,Sales,Sales & Marketing,1968-06-08,TX,Male,US-TX-02,Black,Married,Needs Improvement,2
3552,Harper,Ramos,2013-04-23,2013-12-06,Area Sales Manager,Maruk Fraval,3432,harper.ramos@bilearner.com,PL,Voluntarily Terminated,Part-Time,Zone B,Part-Time,Sales,Sales & Marketing,1974-01-30,CO,Male,US-CO-02,White,Single,Needs Improvement,2
3553,Khalil,Mendez,2014-06-15,,Area Sales Manager,Jackie Valentin,2579,khalil.mendez@bilearner.com,NEL,Active,Full-Time,Zone B,Full-Time,Sales,Sales & Marketing,1970-03-02,CO,Male,US-CO-03,Black,Divorced,Fully Meets,4
3554,Lizeth,Holland,2020-11-09,,Area Sales Manager,Jaydon Blackburn,3452,lizeth.holland@bilearner.com,MSC,Active,Full-Time,Zone B,Full-Time,Sales,Sales & Marketing,1958-10-14,IN,Male,US-IN-01,Asian,Widowed,Fully Meets,3
3555,Matilda,Randall,2025-09-13,2026-02-26,Area Sales Manager,Malcolm Rivas,2693,matilda.randall@bilearner.com,EW,Voluntarily Terminated,Full-Time,Zone B,Full-Time,Sales,Sales & Marketing,1988-01-11,IN,Female,US-IN-02,Hispanic,Widowed,Fully Meets,3
3556,Damien,Howe,2010-12-24,2013-06-02,Area Sales Manager,Harley Greer,2745,damien.howe@bilearner.com,CCDR,Terminated for Cause,Full-Time,Zone B,Full-Time,Sales,Sales & Marketing,1961-06-16,CA,Male,US-CA-01,White,Single,Exceeds,5
3557,Nicholas,Obrien,2019-11-29,,Area Sales Manager,Lennon Buchanan,3491,nicholas.obrien@bilearner.com,BPC,Active,Full-Time,Zone B,Full-Time,Sales,Sales & Marketing,1960-06-06,MA,Male,US-MA-03,Other,Single,Fully Meets,3
3558,Mildred,Gentry,2012-03-26,,Production Technician I,Ally Brennan,2516,mildred.gentry@bilearner.com,MSC,Active,Full-Time,Zone B,Full-Time,Production,Production Operations,1959-06-04,MA,Female,US-MA-01,Black,Single,Fully Meets,3
3559,Wilson K,Adinolfi,2025-01-25,2026-03-31,Production Technician I,Rigoberto Townsend,1187,wilson k.adinolfi@bilearner.com,NEL,Voluntarily Terminated,Part-Time,Zone C,Part-Time,Production,Production Operations,1991-11-18,MA,Male,US-MA-02,White,Single,Fully Meets,4
3560,Joanne,Handschiegl,2017-04-24,,Production Technician I,Kailyn Torres,2468,joanne.handschiegl@bilearner.com,MSC,Active,Full-Time,Zone C,Full-Time,Production,Production Operations,1991-09-24,MA,Female,US-MA-03,Asian,Divorced,Exceeds,4
3561,Dianna,Blount,2005-10-08,,Production Technician II,Uriel Brennan,2386,dianna.blount@bilearner.com,BPC,Active,Contract,Zone A,Temporary,Production,Production Operations,1959-01-31,MA,Female,US-MA-01,White,Married,Fully Meets,4
3562,Jean,Crimmings,2022-10-21,2024-09-10,Production Technician I,Callum Mccormick,2454,jean.crimmings@bilearner.com,CCDR,Terminated for Cause,Full-Time,Zone C,Full-Time,Production,Production Operations,1999-06-07,MA,Female,US-MA-02,Other,Single,Exceeds,4
3563,Nore,Sadki,2024-09-12,,Production Technician I,Ariana Strickland,2294,nore.sadki@bilearner.com,WBL,Active,Full-Time,Zone C,Full-Time,Production,Production Operations,1970-11-08,MA,Male,US-MA-03,Black,Widowed,PIP,1
3564,Susan,Lundy,2012-03-13,2014-06-26,Production Technician II,Amy Dunn,2277,susan.lundy@bilearner.com,SVG,Voluntarily Terminated,Contract,Zone C,Temporary,Production,Production Operations,1980-04-28,MA,Female,US-MA-01,White,Divorced,Fully Meets,3
3565,Kramer,Keatts,2012-03-25,,Production Technician I,Teagan Fletcher,2440,kramer.keatts@bilearner.com,WBL,Active,Full-Time,Zone B,Full-Time,Production,Production Operations,1968-05-10,MA,Male,US-MA-02,Other,Divorced,Fully Meets,3
3566,Maliki,Moumanil,2002-08-31,,Production Technician II,David Kirk,2729,maliki.moumanil@bilearner.com,PL,Active,Full-Time,Zone A,Full-Time,Production,Production Operations,1963-10-05,MA,Male,US-MA-03,Black,Single,Fully Meets,3
3567,Nader,Barton,2020-04-15,,Production Technician I,Jesus Hendricks,2341,nader.barton@bilearner.com,EW,Active,Full-Time,Zone C,Full-Time,Production,Production Operations,1966-09-02,MA,Male,US-MA-01,Asian,Widowed,Fully Meets,3
3568,Quinn,Rarrick,2018-05-01,2020-05-20,Production Technician I,Justice Pineda,1164,quinn.rarrick@bilearner.com,EW,Voluntarily Terminated,Part-Time,Zone C,Part-Time,Production,Production Operations,1974-12-08,MA,Male,US-MA-02,Asian,Divorced,Fully Meets,3
3569,Beatrice,Chace,2020-05-03,2021-08-21,Production Technician I,Marquise Pacheco,2464,beatrice.chace@bilearner.com,MSC,Voluntarily Terminated,Contract,Zone C,Temporary,Production,Production Operations,1995-07-19,MA,Female,US-MA-03,Hispanic,Divorced,Fully Meets,3
3570,Adrienne J,Homberger,2008-06-09,2009-07-16,Production Technician II,Julianne Shaw,2414,adrienne j.homberger@bilearner.com,TNS,Voluntarily Terminated,Full-Time,Zone C,Full-Time,Production,Production Operations,1974-11-23,MA,Female,US-MA-01,Asian,Married,Fully Meets,3
3571,Marilyn,Linares,2012-12-12,2021-11-23,Production Technician I,Terrell Guerra,2395,marilyn.linares@bilearner.com,NEL,Retired,Full-Time,Zone C,Full-Time,Production,Production Operations,1957-07-31,MA,Female,US-MA-02,White,Widowed,Fully Meets,3
3572,Timothy,Sullivan,2002-10-03,2004-05-23,Production Technician I,Marlon Stanton,2304,timothy.sullivan@bilearner.com,WBL,Retired,Full-Time,Zone C,Full-Time,Production,Production Operations,1941-03-18,MA,Male,US-MA-03,White,Single,Fully Meets,3
3573,Jennifer,Medeiros,2010-06-04,2011-12-30,Production Technician I,Kyle Ali,2490,jennifer.medeiros@bilearner.com,NEL,Terminated for Cause,Full-Time,Zone C,Full-Time,Production,Production Operations,1983-10-26,MA,Female,US-MA-01,Asian,Divorced,Exceeds,4
3574,Anna,Von Massenbach,2020-06-28,2022-07-22,Production Technician I,Rigoberto Townsend,1187,anna.von massenbach@bilearner.com,WBL,Voluntarily Terminated,Full-Time,Zone C,Full-Time,Production,Production Operations,1962-08-09,MA,Female,US-MA-02,Hispanic,Widowed,Fully Meets,3
3575,George,Johnson,2021-11-22,2022-04-23,Production Technician I,George Meyers,2457,george.johnson@bilearner.com,MSC,Voluntarily Terminated,Contract,Zone C,Temporary,Production,Production Operations,1987-03-05,MA,Male,US-MA-03,Hispanic,Single,Exceeds,4
3576,Angela,Erilus,2013-08-13,2015-03-18,Production Technician II,Michael Albert,2275,angela.erilus@bilearner.com,PL,Voluntarily Terminated,Full-Time,Zone C,Full-Time,Production,Production Operations,1992-04-26,MA,Female,US-MA-01,Asian,Single,Exceeds,5
3577,Miguel,Estremera,2014-12-02,,Production Technician I,Uriel Brennan,2386,miguel.estremera@bilearner.com,BPC,Active,Full-Time,Zone B,Full-Time,Production,Production Operations,1981-05-31,MA,Male,US-MA-02,White,Widowed,Fully Meets,3
3578,Clinton,Owad,2021-07-19,,Production Technician I,Ariel May,2472,clinton.owad@bilearner.com,WBL,Active,Part-Time,Zone C,Part-Time,Production,Production Operations,1988-07-24,MA,Male,US-MA-03,Hispanic,Married,Exceeds,4
3579,Constance,Sloan,2022-09-29,,Production Technician II,Leticia Parks,2378,constance.sloan@bilearner.com,BPC,Active,Full-Time,Zone C,Full-Time,Production,Production Operations,1961-09-05,MA,Female,US-MA-01,Asian,Widowed,Needs Improvement,1
3580,Davion,Sanchez,2014-03-14,,Production Technician I,Brycen York,2421,davion.sanchez@bilearner.com,PYZ,Active,Full-Time,Zone B,Full-Time,Production,Production Operations,1969-06-04,MA,Male,US-MA-02,Other,Married,Fully Meets,4
3581,Ross,Strickland,2005-07-31,2009-08-25,Production Technician I,Terrell Guerra,2395,ross.strickland@bilearner.com,SVG,Retired,Full-Time,Zone C,Full-Time,Production,Production Operations,1943-03-08,MA,Male,US-MA-03,Other,Divorced,Fully Meets,3
3582,Augustus,Drake,2022-02-27,2022-09-10,Production Technician I,Odin Sampson,2456,augustus.drake@bilearner.com,TNS,Voluntarily Terminated,Full-Time,Zone C,Full-Time,Production,Production Operations,1968-08-09,MA,Male,US-MA-01,Asian,Widowed,Fully Meets,3
3583,Gracelyn,Huynh,2017-07-26,2020-01-08,Production Technician I,Marquise Pacheco,2464,gracelyn.huynh@bilearner.com,WBL,Voluntarily Terminated,Full-Time,Zone C,Full-Time,Production,Production Operations,1958-11-20,MA,Female,US-MA-02,White,Married,Needs Improvement,1
3584,Orlando,Armstrong,2013-12-12,,Production Technician I,Ariel Cervantes,2322,orlando.armstrong@bilearner.com,BPC,Active,Contract,Zone B,Temporary,Production,Production Operations,1987-11-07,MA,Female,US-MA-03,Other,Married,Fully Meets,4
3585,Edward,Everett,2004-09-07,,Production Technician I,Teagan Fletcher,2440,edward.everett@bilearner.com,CCDR,Active,Contract,Zone A,Temporary,Production,Production Operations,1967-07-01,MA,Female,US-MA-01,Black,Divorced,Fully Meets,3
3586,Jaqueline,Terrell,2006-04-27,2007-09-03,Production Technician I,Brycen York,2421,jaqueline.terrell@bilearner.com,EW,Voluntarily Terminated,Full-Time,Zone C,Full-Time,Production,Production Operations,1953-12-05,MA,Female,US-MA-02,Hispanic,Single,Fully Meets,4
3587,Quinn,Mccullough,2015-10-19,2023-03-04,Production Technician I,Brianna Hurley,2471,quinn.mccullough@bilearner.com,MSC,Voluntarily Terminated,Contract,Zone C,Temporary,Production,Production Operations,1977-12-25,MA,Male,US-MA-03,Other,Divorced,Fully Meets,3
3588,Selena,Greer,2007-04-16,2007-12-24,Production Technician I,Ariel Cervantes,2322,selena.greer@bilearner.com,NEL,Voluntarily Terminated,Full-Time,Zone C,Full-Time,Production,Production Operations,1972-03-08,MA,Male,US-MA-01,Black,Widowed,Fully Meets,4
3589,Giovani,Roy,2016-11-13,,Production Technician I,Rigoberto Townsend,1187,giovani.roy@bilearner.com,PL,Active,Full-Time,Zone C,Full-Time,Production,Production Operations,1978-09-30,MA,Male,US-MA-02,White,Single,Fully Meets,4
3590,Dominik,Mullen,2023-01-10,2026-03-28,Production Technician I,Brianna Hurley,2471,dominik.mullen@bilearner.com,PYZ,Voluntarily Terminated,Full-Time,Zone C,Full-Time,Production,Production Operations,1995-05-31,MA,Male,US-MA-03,Asian,Widowed,Fully Meets,3
3591,Abdullah,Ellison,2013-09-08,2023-09-27,Production Technician I,Ava Chan,2463,abdullah.ellison@bilearner.com,SVG,Voluntarily Terminated,Contract,Zone B,Temporary,Production,Production Operations,1973-05-08,MA,Female,US-MA-01,White,Married,Needs Improvement,1
3592,Andre,Guzman,2015-10-08,2017-10-11,Production Technician I,Braden Nicholson,2478,andre.guzman@bilearner.com,TNS,Voluntarily Terminated,Full-Time,Zone C,Full-Time,Production,Production Operations,1956-07-21,MA,Male,US-MA-02,Other,Single,Fully Meets,3
3593,Brayden,Malone,2024-11-22,,Production Technician I,Milagros Jimenez,2364,brayden.malone@bilearner.com,WBL,Active,Contract,Zone C,Temporary,Production,Production Operations,1995-05-10,MA,Male,US-MA-03,Asian,Married,Fully Meets,3
3594,Maribel,Morrison,2008-11-15,,Production Technician I,Leticia Parks,2378,maribel.morrison@bilearner.com,PYZ,Active,Full-Time,Zone A,Full-Time,Production,Production Operations,1968-03-14,MA,Male,US-MA-01,Black,Married,Needs Improvement,2
3595,Fisher,Stafford,2018-05-05,2020-02-04,Production Technician I,Sawyer Little,2385,fisher.stafford@bilearner.com,WBL,Retired,Full-Time,Zone C,Full-Time,Production,Production Operations,1952-03-02,MA,Male,US-MA-02,Other,Divorced,Fully Meets,4
3596,Kellen,Medina,2017-08-23,,Production Technician I,Emelia Mcintyre,2343,kellen.medina@bilearner.com,NEL,Active,Full-Time,Zone C,Full-Time,Production,Production Operations,1982-07-19,MA,Male,US-MA-03,Other,Single,Needs Improvement,2
3597,Brenton,Monroe,2005-02-11,2006-03-10,Production Technician II,Teagan Fletcher,2440,brenton.monroe@bilearner.com,PYZ,Voluntarily Terminated,Full-Time,Zone C,Full-Time,Production,Production Operations,1986-10-31,MA,Female,US-MA-01,Black,Single,Fully Meets,3
3598,Derick,Rocha,2009-05-21,2011-04-15,Production Technician II,Kaylyn Joyce,2419,derick.rocha@bilearner.com,SVG,Retired,Full-Time,Zone C,Full-Time,Production,Production Operations,1950-10-06,MA,Female,US-MA-02,Other,Married,Needs Improvement,1
3599,Elaine,Weeks,2004-08-27,,Production Technician II,Terrell Guerra,2395,elaine.weeks@bilearner.com,TNS,Active,Full-Time,Zone A,Full-Time,Production,Production Operations,1977-08-30,MA,Female,US-MA-03,White,Divorced,Fully Meets,3
3600,Marely,Dixon,2017-04-28,,Production Technician II,Terry Gay,2298,marely.dixon@bilearner.com,WBL,Active,Full-Time,Zone C,Full-Time,Production,Production Operations,1976-01-29,MA,Female,US-MA-01,White,Single,Fully Meets,3
3601,Keagan,Henson,2014-04-29,,Production Technician II,Trey Johnston,2506,keagan.henson@bilearner.com,BPC,Active,Full-Time,Zone B,Full-Time,Production,Production Operations,1966-07-22,MA,Female,US-MA-02,White,Married,Fully Meets,3
3602,Helena,Davenport,2013-10-12,2017-12-17,Production Technician II,Michael Albert,2275,helena.davenport@bilearner.com,CCDR,Voluntarily Terminated,Full-Time,Zone C,Full-Time,Production,Production Operations,1994-10-12,MA,Female,US-MA-03,Hispanic,Married,Fully Meets,3
3603,Houston,Aguirre,2025-10-04,2026-06-09,Production Technician II,Teagan Fletcher,2440,houston.aguirre@bilearner.com,EW,Voluntarily Terminated,Part-Time,Zone C,Part-Time,Production,Production Operations,1977-02-15,MA,Female,US-MA-01,White,Married,Fully Meets,3
3604,Kane,Owen,2001-08-05,2008-04-05,Production Technician II,Marlon Stanton,2304,kane.owen@bilearner.com,MSC,Retired,Full-Time,Zone C,Full-Time,Production,Production Operations,1948-03-09,MA,Female,US-MA-02,Hispanic,Divorced,Needs Improvement,2
3605,Emerson,Pitts,2008-05-19,,Production Technician I,Terrell Guerra,2395,emerson.pitts@bilearner.com,CCDR,Active,Full-Time,Zone A,Full-Time,Production,Production Operations,1983-08-12,MA,Male,US-MA-03,Other,Divorced,Fully Meets,3
3606,Clarissa,Winters,2012-01-13,2012-12-08,Production Technician I,Sawyer Little,2385,clarissa.winters@bilearner.com,SVG,Voluntarily Terminated,Full-Time,Zone C,Full-Time,Production,Production Operations,1965-03-13,MA,Male,US-MA-01,Other,Divorced,Fully Meets,3
3607,Frankie,Atkins,2014-07-19,2014-10-11,Production Technician I,Walter Immediato,2279,frankie.atkins@bilearner.com,EW,Voluntarily Terminated,Full-Time,Zone C,Full-Time,Production,Production Operations,1976-08-03,MA,Male,US-MA-02,Other,Married,Fully Meets,3
3608,Ally,Zhang,2008-10-02,,Production Technician I,Julianne Shaw,2414,ally.zhang@bilearner.com,MSC,Active,Full-Time,Zone A,Full-Time,Production,Production Operations,1979-07-06,MA,Male,US-MA-03,Other,Married,Fully Meets,3
3609,Kayleigh,Harmon,2024-09-15,,Production Technician I,Jaydan Hoffman,2317,kayleigh.harmon@bilearner.com,TNS,Active,Full-Time,Zone C,Full-Time,Production,Production Operations,1993-06-09,MA,Female,US-MA-01,Other,Widowed,Fully Meets,4
3610,Kayley,Myers,2018-10-16,,Production Technician I,Justice Pineda,1164,kayley.myers@bilearner.com,PYZ,Active,Contract,Zone C,Temporary,Production,Production Operations,1973-04-07,MA,Female,US-MA-02,Other,Single,Fully Meets,3
3611,Rowan,Cobb,2019-08-13,,Production Technician I,Elijiah Gray,2281,rowan.cobb@bilearner.com,WBL,Active,Full-Time,Zone C,Full-Time,Production,Production Operations,1992-06-17,MA,Female,US-MA-03,Hispanic,Married,Fully Meets,3
3612,Edward,Mann,2014-12-31,,Production Technician I,George Meyers,2457,edward.mann@bilearner.com,NEL,Active,Full-Time,Zone B,Full-Time,Production,Production Operations,1984-12-25,MA,Male,US-MA-01,Black,Single,PIP,1
3613,Amirah,Johnson,2010-04-10,,Production Technician I,Kyle Ali,2490,amirah.johnson@bilearner.com,PL,Active,Part-Time,Zone A,Part-Time,Production,Production Operations,1973-06-14,MA,Male,US-MA-02,Asian,Married,Exceeds,5
3614,Bridget,Deleon,2019-04-11,2024-03-25,Production Technician I,Rosa Rosales,2451,bridget.deleon@bilearner.com,BPC,Voluntarily Terminated,Full-Time,Zone C,Full-Time,Production,Production Operations,1973-08-31,MA,Male,US-MA-03,White,Married,Fully Meets,3
3615,Martin,Weber,2003-12-20,2007-04-13,Production Technician I,Ariel Cervantes,2322,martin.weber@bilearner.com,CCDR,Retired,Contract,Zone C,Temporary,Production,Production Operations,1941-01-10,MA,Male,US-MA-01,Asian,Divorced,Exceeds,4
3616,Ruben,Lewis,2011-06-10,,Production Technician I,Julianne Shaw,2414,ruben.lewis@bilearner.com,SVG,Active,Full-Time,Zone A,Full-Time,Production,Production Operations,1981-03-24,MA,Female,US-MA-02,Hispanic,Married,Fully Meets,3
3617,Bailey,Collier,2018-12-20,,Production Technician I,Jesus Hendricks,2341,bailey.collier@bilearner.com,EW,Active,Full-Time,Zone C,Full-Time,Production,Production Operations,1961-02-18,MA,Female,US-MA-03,Hispanic,Married,Fully Meets,3
3618,Charlee,Roth,2017-09-04,,Production Technician I,Sawyer Little,2385,charlee.roth@bilearner.com,MSC,Active,Contract,Zone C,Temporary,Production,Production Operations,1994-04-11,MA,Male,US-MA-01,Black,Married,Fully Meets,3
3619,Karissa,Bowers,2014-12-03,2017-09-27,Production Technician I,Leticia Parks,2378,karissa.bowers@bilearner.com,TNS,Voluntarily Terminated,Full-Time,Zone C,Full-Time,Production,Production Operations,1984-03-17,MA,Male,US-MA-02,Asian,Married,Fully Meets,3
3620,Noel,Ramirez,2008-11-14,2010-03-24,Production Technician I,Uriel Brennan,2386,noel.ramirez@bilearner.com,PYZ,Terminated for Cause,Part-Time,Zone C,Part-Time,Production,Production Operations,1976-06-10,MA,Male,US-MA-03,Hispanic,Married,Fully Meets,4
3621,Victoria,Franco,2005-10-22,,Production Technician I,Amy Dunn,2277,victoria.franco@bilearner.com,WBL,Active,Full-Time,Zone A,Full-Time,Production,Production Operations,1979-11-20,MA,Male,US-MA-01,White,Married,Fully Meets,3
3622,Danika,Fleming,2008-08-01,2011-09-24,Production Technician II,Walter Immediato,2279,danika.fleming@bilearner.com,SVG,Voluntarily Terminated,Part-Time,Zone C,Part-Time,Production,Production Operations,1955-01-27,MA,Female,US-MA-02,Hispanic,Divorced,Fully Meets,3
3623,Jocelyn,Kline,2007-02-28,,Production Technician II,Leticia Parks,2378,jocelyn.kline@bilearner.com,EW,Active,Full-Time,Zone A,Full-Time,Production,Production Operations,1958-04-25,MA,Female,US-MA-03,Asian,Divorced,Fully Meets,3
3624,Cesar,Higgins,2014-09-07,,Production Technician II,George Meyers,2457,cesar.higgins@bilearner.com,MSC,Active,Full-Time,Zone B,Full-Time,Production,Production Operations,1996-02-04,MA,Female,US-MA-01,Asian,Married,Fully Meets,3
3625,Gabriel,Dodson,2012-06-12,2014-06-17,Production Technician II,Walter Immediato,2279,gabriel.dodson@bilearner.com,TNS,Voluntarily Terminated,Full-Time,Zone C,Full-Time,Production,Production Operations,1975-12-14,MA,Female,US-MA-02,Asian,Single,Fully Meets,3
3626,Raphael,Sandoval,2005-05-18,,Production Technician II,Ariel Cervantes,2322,raphael.sandoval@bilearner.com,PYZ,Active,Full-Time,Zone A,Full-Time,Production,Production Operations,1972-01-07,MA,Female,US-MA-03,Asian,Single,Fully Meets,3
3627,Ruth,Harrell,2013-09-30,2016-02-09,Production Technician II,Ariel Cervantes,2322,ruth.harrell@bilearner.com,WBL,Voluntarily Terminated,Full-Time,Zone C,Full-Time,Production,Production Operations,1967-02-23,MA,Female,US-MA-01,Black,Married,Fully Meets,3
3628,Peyton,Barber,2019-02-15,,Production Technician II,Justice Pineda,1164,peyton.barber@bilearner.com,NEL,Active,Full-Time,Zone C,Full-Time,Production,Production Operations,1983-02-07,MA,Female,US-MA-02,Hispanic,Married,Fully Meets,4
3629,Reginald,Lowery,2021-07-04,2023-07-14,Production Technician I,Heath Romero,2381,reginald.lowery@bilearner.com,NEL,Voluntarily Terminated,Full-Time,Zone C,Full-Time,Production,Production Operations,1983-11-26,MA,Male,US-MA-03,Black,Divorced,Fully Meets,3
3630,Stephanie,Briggs,2020-05-06,,Production Technician I,Rigoberto Townsend,1187,stephanie.briggs@bilearner.com,MSC,Active,Full-Time,Zone C,Full-Time,Production,Production Operations,1965-05-07,MA,Male,US-MA-01,Other,Widowed,Fully Meets,3
3631,Shaniya,Becker,2026-04-09,2026-05-17,Production Technician I,Colt Archer,1231,shaniya.becker@bilearner.com,EW,Voluntarily Terminated,Full-Time,Zone C,Full-Time,Production,Production Operations,1985-10-10,MA,Male,US-MA-02,Other,Divorced,Fully Meets,3
3632,Ryan,Oconnell,2007-02-26,2008-03-23,Production Technician I,Uriel Brennan,2386,ryan.oconnell@bilearner.com,CCDR,Retired,Contract,Zone C,Temporary,Production,Production Operations,1945-10-03,MA,Male,US-MA-03,Asian,Married,Fully Meets,3
3633,Emma,Ware,2026-04-14,,Production Technician I,Jakob Luna,2455,emma.ware@bilearner.com,BPC,Active,Contract,Zone C,Temporary,Production,Production Operations,1987-03-24,MA,Female,US-MA-01,Hispanic,Single,Fully Meets,3
3634,Keyon,Haley,2021-06-25,2023-05-31,Production Technician I,Humberto Rocha,2438,keyon.haley@bilearner.com,PYZ,Retired,Full-Time,Zone C,Full-Time,Production,Production Operations,1962-04-26,MA,Female,US-MA-02,Other,Married,Fully Meets,4
3635,Kylee,Bates,2018-07-08,,Production Technician I,Leticia Parks,2378,kylee.bates@bilearner.com,WBL,Active,Contract,Zone C,Temporary,Production,Production Operations,1978-03-12,MA,Female,US-MA-03,Hispanic,Single,Fully Meets,3
3636,Marc,Chandler,2012-06-10,,Production Technician I,Sawyer Little,2385,marc.chandler@bilearner.com,NEL,Active,Full-Time,Zone B,Full-Time,Production,Production Operations,1982-03-13,MA,Male,US-MA-01,Asian,Divorced,Fully Meets,3
3637,Abdullah,Pruitt,2008-06-21,,Production Technician I,Ariana Strickland,2294,abdullah.pruitt@bilearner.com,PL,Active,Full-Time,Zone A,Full-Time,Production,Production Operations,1984-04-27,MA,Male,US-MA-02,Asian,Divorced,Fully Meets,3
3638,Shamar,Roth,2020-07-12,,Production Technician I,Nathaly Stuart,2411,shamar.roth@bilearner.com,BPC,Active,Full-Time,Zone C,Full-Time,Production,Production Operations,1978-12-10,MA,Male,US-MA-03,Hispanic,Single,Fully Meets,3
3639,Jaylen,Acosta,2019-10-23,2022-07-01,Production Technician I,Kissy Sullivan,2278,jaylen.acosta@bilearner.com,CCDR,Voluntarily Terminated,Full-Time,Zone C,Full-Time,Production,Production Operations,1966-01-08,MA,Female,US-MA-01,Hispanic,Divorced,Fully Meets,4
3640,Kale,House,2008-07-30,,Production Technician I,Brycen York,2421,kale.house@bilearner.com,SVG,Active,Full-Time,Zone A,Full-Time,Production,Production Operations,1980-09-29,MA,Female,US-MA-02,Asian,Divorced,Fully Meets,3
3641,Kiersten,Ellis,2018-06-01,2024-09-19,Production Technician I,Ibrahim Wolfe,1142,kiersten.ellis@bilearner.com,EW,Terminated for Cause,Contract,Zone C,Temporary,Production,Production Operations,1971-01-15,MA,Male,US-MA-03,Other,Widowed,Fully Meets,3
3642,Karissa,Carrillo,2021-05-12,2022-12-31,Production Technician I,Ariel May,2472,karissa.carrillo@bilearner.com,MSC,Voluntarily Terminated,Contract,Zone C,Temporary,Production,Production Operations,1978-05-31,MA,Male,US-MA-01,Black,Single,Fully Meets,3
3643,Issac,Whitehead,2013-12-30,,Production Technician I,Walter Dominguez,2336,issac.whitehead@bilearner.com,TNS,Active,Full-Time,Zone B,Full-Time,Production,Production Operations,1961-03-22,MA,Male,US-MA-02,Asian,Single,Fully Meets,3
3644,Madisyn,Andrews,2023-12-24,,Production Technician I,Emelia Mcintyre,2343,madisyn.andrews@bilearner.com,PYZ,Active,Contract,Zone C,Temporary,Production,Production Operations,1986-06-24,MA,Male,US-MA-03,Black,Married,Fully Meets,4
3645,Madyson,Rhodes,2002-05-20,,Production Technician I,Axel Howe,3456,madyson.rhodes@bilearner.com,WBL,Active,Part-Time,Zone A,Part-Time,Production,Production Operations,1977-09-16,MA,Male,US-MA-01,Asian,Single,Fully Meets,3
3646,Brenton,Rodriguez,2015-03-21,,Production Technician II,Faith Golden,2318,brenton.rodriguez@bilearner.com,SVG,Active,Contract,Zone B,Temporary,Production,Production Operations,1968-01-01,MA,Female,US-MA-02,Hispanic,Widowed,Fully Meets,3
3647,Nathen,Arias,2001-10-11,2007-05-08,Production Technician II,Axel Howe,3456,nathen.arias@bilearner.com,EW,Voluntarily Terminated,Full-Time,Zone C,Full-Time,Production,Production Operations,1966-07-24,MA,Female,US-MA-03,Black,Single,Fully Meets,3
3648,Keyon,Hensley,2020-11-19,,Production Technician II,Isabela Collins,1121,keyon.hensley@bilearner.com,MSC,Active,Full-Time,Zone C,Full-Time,Production,Production Operations,1973-06-06,MA,Female,US-MA-01,Other,Divorced,Exceeds,4
3649,Elisha,Ruiz,2019-07-10,,Production Technician II,Heath Romero,2381,elisha.ruiz@bilearner.com,TNS,Active,Full-Time,Zone C,Full-Time,Production,Production Operations,1968-06-06,MA,Female,US-MA-02,White,Married,Exceeds,4
3650,Amirah,Stanley,2010-01-01,2010-07-17,Production Technician II,Amy Dunn,2277,amirah.stanley@bilearner.com,PYZ,Voluntarily Terminated,Contract,Zone C,Temporary,Production,Production Operations,1991-12-25,MA,Female,US-MA-03,White,Divorced,Fully Meets,3
3651,Jeremy,Meyer,2010-05-19,,Production Technician II,Ariana Strickland,2294,jeremy.meyer@bilearner.com,WBL,Active,Full-Time,Zone A,Full-Time,Production,Production Operations,1991-01-19,MA,Female,US-MA-01,White,Single,Fully Meets,3
3652,Owen,Dillon,2005-02-23,2010-09-08,Production Technician I,Terrell Guerra,2395,owen.dillon@bilearner.com,NEL,Retired,Full-Time,Zone C,Full-Time,Production,Production Operations,1946-08-16,MA,Male,US-MA-02,Other,Married,Fully Meets,3
3653,Bridget,Bray,2016-01-27,2025-06-03,Production Technician I,Terrell Guerra,2395,bridget.bray@bilearner.com,PL,Voluntarily Terminated,Full-Time,Zone C,Full-Time,Production,Production Operations,1995-06-29,MA,Male,US-MA-03,Asian,Widowed,Exceeds,5
3654,Cassius,Gates,2025-06-15,,Production Technician I,Cesar Hunter,2470,cassius.gates@bilearner.com,PYZ,Active,Full-Time,Zone C,Full-Time,Production,Production Operations,1995-03-30,MA,Male,US-MA-01,Asian,Divorced,Exceeds,4
3655,Martha,Kemp,2025-08-06,,Production Technician I,Kissy Sullivan,2278,martha.kemp@bilearner.com,SVG,Active,Full-Time,Zone C,Full-Time,Production,Production Operations,1998-10-20,MA,Male,US-MA-02,Asian,Married,Fully Meets,3
3656,Francesca,Mcmahon,2015-08-31,,Production Technician I,Walter Immediato,2279,francesca.mcmahon@bilearner.com,TNS,Active,Full-Time,Zone B,Full-Time,Production,Production Operations,1993-12-29,MA,Male,US-MA-03,Hispanic,Divorced,Exceeds,5
3657,Lorelei,Walls,2022-09-04,,Production Technician I,Milagros Foley,1185,lorelei.walls@bilearner.com,WBL,Active,Full-Time,Zone C,Full-Time,Production,Production Operations,1992-03-04,MA,Female,US-MA-01,Black,Single,Fully Meets,4
3658,Emery,Gillespie,2013-10-12,2018-09-10,Production Technician I,Ariel Cervantes,2322,emery.gillespie@bilearner.com,BPC,Voluntarily Terminated,Full-Time,Zone C,Full-Time,Production,Production Operations,1966-11-25,MA,Female,US-MA-02,Black,Divorced,Fully Meets,3
3659,Kaylee,Baldwin,2008-09-23,2011-08-05,Production Technician I,Kaylyn Joyce,2419,kaylee.baldwin@bilearner.com,CCDR,Voluntarily Terminated,Contract,Zone C,Temporary,Production,Production Operations,1989-10-30,MA,Male,US-MA-03,Other,Divorced,Exceeds,5
3660,Aron,Hester,2004-02-09,,Production Technician I,Ariel Cervantes,2322,aron.hester@bilearner.com,EW,Active,Full-Time,Zone A,Full-Time,Production,Production Operations,1974-06-21,MA,Male,US-MA-01,Hispanic,Single,Exceeds,5
3661,Reagan,Brennan,2023-05-19,2024-04-12,Production Technician I,Ava Chan,2463,reagan.brennan@bilearner.com,MSC,Voluntarily Terminated,Contract,Zone C,Temporary,Production,Production Operations,1977-01-01,MA,Male,US-MA-02,Asian,Married,Fully Meets,3
3662,Hugh,Berry,2024-05-29,,Production Technician I,Elijiah Gray,2281,hugh.berry@bilearner.com,NEL,Active,Full-Time,Zone C,Full-Time,Production,Production Operations,1973-04-18,MA,Male,US-MA-03,Other,Married,Exceeds,4
3663,Brandon,Anderson,2010-07-27,2011-02-13,Production Technician I,Teagan Fletcher,2440,brandon.anderson@bilearner.com,PL,Voluntarily Terminated,Full-Time,Zone C,Full-Time,Production,Production Operations,1977-11-23,MA,Female,US-MA-01,Black,Single,Exceeds,4
3664,Diana,Garza,2021-07-18,2022-05-16,Production Technician I,Colby Wolfe,1144,diana.garza@bilearner.com,PYZ,Retired,Part-Time,Zone C,Part-Time,Production,Production Operations,1956-08-15,MA,Female,US-MA-02,Other,Widowed,Fully Meets,3
3665,Dalton,Bowen,2010-11-06,,Production Technician I,Ariana Strickland,2294,dalton.bowen@bilearner.com,SVG,Active,Part-Time,Zone A,Part-Time,Production,Production Operations,1985-03-30,MA,Male,US-MA-03,Asian,Married,Fully Meets,3
3666,Davin,Peters,2021-05-21,2023-01-11,Production Technician I,Sawyer Little,2385,davin.peters@bilearner.com,TNS,Retired,Full-Time,Zone C,Full-Time,Production,Production Operations,1956-05-19,MA,Male,US-MA-01,Hispanic,Single,Fully Meets,3
3667,Leyla,Warren,2025-09-05,2025-12-28,Production Technician I,Carleigh Garrison,2420,leyla.warren@bilearner.com,WBL,Voluntarily Terminated,Full-Time,Zone C,Full-Time,Production,Production Operations,1998-08-23,MA,Male,US-MA-02,Black,Single,Fully Meets,3
3668,Victoria,Allen,2021-10-07,2023-06-01,Production Technician I,Humberto Rocha,2438,victoria.allen@bilearner.com,BPC,Voluntarily Terminated,Contract,Zone C,Temporary,Production,Production Operations,1996-05-24,MA,Male,US-MA-03,Asian,Widowed,Needs Improvement,2
3669,Tyler,Hines,2011-05-18,2013-03-22,Production Technician I,Milagros Foley,1185,tyler.hines@bilearner.com,CCDR,Voluntarily Terminated,Full-Time,Zone C,Full-Time,Production,Production Operations,1967-01-16,MA,Male,US-MA-01,Black,Widowed,Fully Meets,4
3670,Sandra,Atkinson,2003-11-04,2006-09-16,Production Technician II,Trey Johnston,2506,sandra.atkinson@bilearner.com,SVG,Voluntarily Terminated,Full-Time,Zone C,Full-Time,Production,Production Operations,1969-01-17,MA,Female,US-MA-02,Hispanic,Widowed,Needs Improvement,1
3671,Simone,Hayes,2015-04-03,2015-09-01,Production Technician II,Uriel Brennan,2386,simone.hayes@bilearner.com,EW,Voluntarily Terminated,Full-Time,Zone C,Full-Time,Production,Production Operations,1989-12-29,MA,Female,US-MA-03,Asian,Divorced,Needs Improvement,2
3672,Rhett,Valenzuela,2024-04-25,,Production Technician II,Ally Brennan,2516,rhett.valenzuela@bilearner.com,MSC,Active,Full-Time,Zone C,Full-Time,Production,Production Operations,1991-02-24,MA,Female,US-MA-01,Asian,Divorced,Fully Meets,3
3673,Lane,Zuniga,2018-07-30,2020-04-13,Production Technician II,Leland Chang,2416,lane.zuniga@bilearner.com,TNS,Voluntarily Terminated,Full-Time,Zone C,Full-Time,Production,Production Operations,1973-02-19,MA,Female,US-MA-02,Other,Widowed,Fully Meets,3
3674,Isabelle,Shields,2019-01-06,2019-11-08,Production Technician II,Rigoberto Townsend,1187,isabelle.shields@bilearner.com,BPC,Voluntarily Terminated,Full-Time,Zone C,Full-Time,Production,Production Operations,1996-05-01,MA,Female,US-MA-03,Other,Single,Fully Meets,3
3675,Mario,Mays,2017-02-25,2018-11-09,Production Technician II,Leticia Parks,2378,mario.mays@bilearner.com,CCDR,Retired,Part-Time,Zone C,Part-Time,Production,Production Operations,1952-08-28,MA,Female,US-MA-01,Hispanic,Divorced,Fully Meets,3
3676,Leah,Robinson,2011-06-17,,Production Technician I,Faith Golden,2318,leah.robinson@bilearner.com,BPC,Active,Full-Time,Zone A,Full-Time,Production,Production Operations,1980-11-12,MA,Male,US-MA-02,Black,Divorced,Fully Meets,4
3677,Dayami,Bailey,2013-12-31,,Production Technician I,Jesus Hendricks,2341,dayami.bailey@bilearner.com,CCDR,Active,Full-Time,Zone B,Full-Time,Production,Production Operations,1960-02-04,MA,Male,US-MA-03,Hispanic,Single,Fully Meets,3
3678,Ramon,Fleming,2009-10-28,,Production Technician I,Ariana Strickland,2294,ramon.fleming@bilearner.com,SVG,Active,Part-Time,Zone A,Part-Time,Production,Production Operations,1991-04-20,MA,Male,US-MA-01,Asian,Single,Fully Meets,4
3679,Pedro,Harrison,2016-04-01,,Production Technician I,Webster L Butler,2285,pedro.harrison@bilearner.com,EW,Active,Full-Time,Zone B,Full-Time,Production,Production Operations,1989-07-16,MA,Male,US-MA-02,Asian,Divorced,Fully Meets,3
3680,Harrison,Hudson,2023-09-14,,Production Technician I,Julianne Shaw,2414,harrison.hudson@bilearner.com,MSC,Active,Full-Time,Zone C,Full-Time,Production,Production Operations,1985-09-14,MA,Female,US-MA-03,Other,Divorced,Fully Meets,3
3681,Taniya,Lane,2010-08-08,,Production Technician I,Trey Johnston,2506,taniya.lane@bilearner.com,TNS,Active,Part-Time,Zone A,Part-Time,Production,Production Operations,1976-03-17,MA,Female,US-MA-01,Black,Widowed,Fully Meets,3
3682,Rene,Wallace,2017-12-02,,Production Technician I,Rigoberto Townsend,1187,rene.wallace@bilearner.com,PYZ,Active,Full-Time,Zone C,Full-Time,Production,Production Operations,1987-03-09,MA,Female,US-MA-02,Black,Single,Fully Meets,4
3683,Kai,Gaines,2009-09-12,2013-02-13,Production Technician I,Ariana Strickland,2294,kai.gaines@bilearner.com,WBL,Terminated for Cause,Contract,Zone C,Temporary,Production,Production Operations,1956-01-06,MA,Male,US-MA-03,Other,Divorced,Fully Meets,3
3684,Noelle,Levy,2004-04-17,2005-10-20,Production Technician I,Ariel Cervantes,2322,noelle.levy@bilearner.com,NEL,Voluntarily Terminated,Full-Time,Zone C,Full-Time,Production,Production Operations,1954-08-03,MA,Male,US-MA-01,Hispanic,Widowed,Fully Meets,3
3685,Kylie,Jimenez,2020-11-26,2024-09-16,Production Technician I,Braden Nicholson,2478,kylie.jimenez@bilearner.com,PL,Voluntarily Terminated,Full-Time,Zone C,Full-Time,Production,Production Operations,1986-06-22,MA,Male,US-MA-02,Asian,Widowed,Fully Meets,4
3686,Carly,Figueroa,2008-08-24,2013-11-01,Production Technician I,Ariana Strickland,2294,carly.figueroa@bilearner.com,BPC,Voluntarily Terminated,Full-Time,Zone C,Full-Time,Production,Production Operations,1982-04-15,MA,Male,US-MA-03,White,Single,Exceeds,5
3687,Bria,Mcpherson,2008-12-17,,Production Technician I,Courtney E Wallace,2276,bria.mcpherson@bilearner.com,CCDR,Active,Contract,Zone A,Temporary,Production,Production Operations,1981-04-11,MA,Female,US-MA-01,White,Divorced,Exceeds,4
3688,Brynn,Harding,2006-03-20,2006-10-03,Production Technician I,Teagan Fletcher,2440,brynn.harding@bilearner.com,SVG,Terminated for Cause,Full-Time,Zone C,Full-Time,Production,Production Operations,1951-09-19,MA,Female,US-MA-02,Asian,Divorced,Exceeds,4
3689,Rashad,Wells,2010-11-28,,Production Technician I,Kaylyn Joyce,2419,rashad.wells@bilearner.com,EW,Active,Full-Time,Zone A,Full-Time,Production,Production Operations,1960-12-29,MA,Male,US-MA-03,Asian,Married,Exceeds,4
3690,Jaylene,Deleon,2017-09-06,2018-04-15,Production Technician I,Charles Bozzi,2282,jaylene.deleon@bilearner.com,MSC,Retired,Full-Time,Zone C,Full-Time,Production,Production Operations,1950-11-14,MA,Male,US-MA-01,White,Single,Needs Improvement,1
3691,Chace,Church,2013-05-04,,Production Technician I,Trey Johnston,2506,chace.church@bilearner.com,TNS,Active,Full-Time,Zone B,Full-Time,Production,Production Operations,1993-01-03,MA,Male,US-MA-02,Asian,Single,Needs Improvement,1
3692,Zayne,Hunter,2020-07-04,,Production Technician I,Abbigail Cameron,1232,zayne.hunter@bilearner.com,PYZ,Active,Contract,Zone C,Temporary,Production,Production Operations,1979-12-15,MA,Male,US-MA-03,Black,Widowed,Needs Improvement,1
3693,Amya,Vega,2011-03-18,2011-08-25,Production Technician II,Sawyer Little,2385,amya.vega@bilearner.com,SVG,Voluntarily Terminated,Contract,Zone C,Temporary,Production,Production Operations,1977-08-01,MA,Female,US-MA-01,White,Married,Exceeds,5
3694,Nickolas,West,2004-08-22,2008-11-01,Production Technician II,Terrell Guerra,2395,nickolas.west@bilearner.com,EW,Voluntarily Terminated,Full-Time,Zone C,Full-Time,Production,Production Operations,1961-03-11,MA,Female,US-MA-02,Hispanic,Married,PIP,1
3695,Cason,Neal,2006-02-22,2008-07-09,Production Technician II,Uriel Brennan,2386,cason.neal@bilearner.com,MSC,Voluntarily Terminated,Contract,Zone C,Temporary,Production,Production Operations,1962-10-16,MA,Female,US-MA-03,Hispanic,Divorced,PIP,1
3696,Aldo,Dyer,2024-04-18,2025-03-29,Production Technician II,Eli Owens,2342,aldo.dyer@bilearner.com,TNS,Voluntarily Terminated,Full-Time,Zone C,Full-Time,Production,Production Operations,1989-10-07,MA,Female,US-MA-01,Hispanic,Widowed,PIP,1
3697,Sonia,Skinner,2018-06-01,,Production Technician II,Ally Brennan,2516,sonia.skinner@bilearner.com,PYZ,Active,Full-Time,Zone C,Full-Time,Production,Production Operations,1992-12-26,MA,Female,US-MA-02,Other,Single,PIP,1
3698,Julien,Banks,2016-10-20,2019-08-23,Production Technician II,Julianne Shaw,2414,julien.banks@bilearner.com,WBL,Voluntarily Terminated,Contract,Zone C,Temporary,Production,Production Operations,1984-06-12,MA,Female,US-MA-03,Hispanic,Married,PIP,1
3699,Madelyn,Mcdonald,2023-01-18,2023-07-09,Production Technician I,Colt Archer,1231,madelyn.mcdonald@bilearner.com,PYZ,Voluntarily Terminated,Full-Time,Zone C,Full-Time,Production,Production Operations,1977-01-31,MA,Male,US-MA-01,Asian,Divorced,PIP,1
3700,Brenden,Nash,2019-11-12,,Production Technician I,Terrell Guerra,2395,brenden.nash@bilearner.com,PL,Active,Part-Time,Zone C,Part-Time,Production,Production Operations,1988-04-12,MA,Male,US-MA-02,Hispanic,Divorced,PIP,1
3701,Genesis,Coleman,2011-07-23,,Production Technician I,Ava Chan,2463,genesis.coleman@bilearner.com,NEL,Active,Full-Time,Zone B,Full-Time,Production,Production Operations,1960-04-10,MA,Male,US-MA-03,Other,Single,PIP,1
3702,Justice,Branch,2010-04-25,,Production Technician I,Amy Dunn,2277,justice.branch@bilearner.com,MSC,Active,Full-Time,Zone A,Full-Time,Production,Production Operations,1976-04-22,MA,Male,US-MA-01,Asian,Single,Exceeds,4
3703,Addisyn,Guerrero,2021-09-29,2023-04-11,Production Technician I,Sawyer Little,2385,addisyn.guerrero@bilearner.com,EW,Terminated for Cause,Contract,Zone C,Temporary,Production,Production Operations,2001-01-02,MA,Female,US-MA-02,White,Widowed,Exceeds,5
3704,Addisyn,Aguilar,2019-05-03,2020-12-14,Production Technician I,Courtney E Wallace,2276,addisyn.aguilar@bilearner.com,CCDR,Voluntarily Terminated,Full-Time,Zone C,Full-Time,Production,Production Operations,1976-02-05,MA,Female,US-MA-03,Asian,Married,Exceeds,4
3705,Marcos,Gallagher,2022-08-06,2024-05-14,Production Technician I,Rachael Buck,1186,marcos.gallagher@bilearner.com,BPC,Voluntarily Terminated,Full-Time,Zone C,Full-Time,Production,Production Operations,1967-05-27,MA,Female,US-MA-01,White,Single,Exceeds,5
3706,Mareli,Parker,2005-12-15,,Production Technician I,Teagan Fletcher,2440,mareli.parker@bilearner.com,WBL,Active,Full-Time,Zone A,Full-Time,Production,Production Operations,1974-11-08,MA,Male,US-MA-02,White,Divorced,Exceeds,4
3707,Joshua,Mitchell,2015-03-03,,Production Technician I,Amy Dunn,2277,joshua.mitchell@bilearner.com,TNS,Active,Full-Time,Zone B,Full-Time,Production,Production Operations,1995-12-01,MA,Male,US-MA-03,Asian,Divorced,Exceeds,4
3708,Case,Gaines,2026-06-12,2026-06-14,Production Technician I,Keenan Jensen,2325,case.gaines@bilearner.com,SVG,Terminated for Cause,Full-Time,Zone C,Full-Time,Production,Production Operations,1974-02-19,MA,Male,US-MA-01,Black,Married,Exceeds,5
3709,Jacey,Reyes,2011-04-28,2012-01-02,Production Technician I,Kyle Ali,2490,jacey.reyes@bilearner.com,PYZ,Terminated for Cause,Part-Time,Zone C,Part-Time,Production,Production Operations,1969-09-18,MA,Male,US-MA-02,Black,Divorced,Exceeds,5
3710,Dean,Middleton,2012-11-12,,Production Technician I,Walter Dominguez,2336,dean.middleton@bilearner.com,PL,Active,Part-Time,Zone B,Part-Time,Production,Production Operations,1960-10-16,MA,Female,US-MA-03,Hispanic,Single,Exceeds,4
3711,Marlene,Bates,2009-07-07,,Production Technician I,Uriel Brennan,2386,marlene.bates@bilearner.com,NEL,Active,Full-Time,Zone A,Full-Time,Production,Production Operations,1981-01-03,MA,Female,US-MA-01,Black,Single,Needs Improvement,2
3712,Kyra,Ray,2018-04-07,2020-10-11,Production Technician I,Colby Wolfe,1144,kyra.ray@bilearner.com,MSC,Retired,Full-Time,Zone C,Full-Time,Production,Production Operations,1956-04-03,MA,Male,US-MA-02,Asian,Married,Needs Improvement,1
3713,Melanie,Kennedy,2003-05-02,,Production Technician I,Trey Johnston,2506,melanie.kennedy@bilearner.com,EW,Active,Contract,Zone A,Temporary,Production,Production Operations,1985-04-10,MA,Male,US-MA-03,Hispanic,Widowed,Fully Meets,3
3714,Aleena,Mercer,2020-04-01,,Production Technician I,Amy Dunn,2277,aleena.mercer@bilearner.com,CCDR,Active,Part-Time,Zone C,Part-Time,Production,Production Operations,1965-04-19,MA,Male,US-MA-01,White,Married,Fully Meets,3
3715,Jake,White,2014-03-02,,Production Technician I,Leticia Parks,2378,jake.white@bilearner.com,BPC,Active,Contract,Zone B,Temporary,Production,Production Operations,1976-03-05,MA,Male,US-MA-02,Black,Widowed,Fully Meets,3
3716,Chaim,Chase,2004-09-23,2005-01-06,Production Technician II,Amy Dunn,2277,chaim.chase@bilearner.com,SVG,Voluntarily Terminated,Contract,Zone C,Temporary,Production,Production Operations,1957-02-02,MA,Female,US-MA-03,Black,Married,Fully Meets,4
3717,Keshawn,Le,2010-08-09,,Production Technician II,Milagros Foley,1185,keshawn.le@bilearner.com,EW,Active,Full-Time,Zone A,Full-Time,Production,Production Operations,1981-03-08,MA,Female,US-MA-01,Asian,Married,Fully Meets,3
3718,Dalton,Frazier,2014-05-29,2015-12-10,Production Technician II,Brycen York,2421,dalton.frazier@bilearner.com,MSC,Voluntarily Terminated,Full-Time,Zone C,Full-Time,Production,Production Operations,1989-11-14,MA,Female,US-MA-02,Other,Married,Fully Meets,3
3719,Cannon,Hester,2022-04-03,,Production Technician II,Callum Mccormick,2454,cannon.hester@bilearner.com,TNS,Active,Full-Time,Zone C,Full-Time,Production,Production Operations,1977-04-25,MA,Female,US-MA-03,Hispanic,Divorced,Fully Meets,4
3720,Crystal,Brandt,2015-03-17,2016-01-27,Production Technician II,Ibrahim Wolfe,1142,crystal.brandt@bilearner.com,PYZ,Terminated for Cause,Part-Time,Zone C,Part-Time,Production,Production Operations,1958-12-18,MA,Female,US-MA-01,White,Single,Fully Meets,3
3721,Johnny,Goodman,2011-04-28,2019-12-30,Production Technician I,Terrell Guerra,2395,johnny.goodman@bilearner.com,NEL,Voluntarily Terminated,Contract,Zone C,Temporary,Production,Production Operations,1960-03-24,MA,Male,US-MA-02,Black,Widowed,Fully Meets,3
3722,Nehemiah,Hancock,2023-02-22,2024-03-09,Production Technician I,Courtney E Wallace,2276,nehemiah.hancock@bilearner.com,PL,Voluntarily Terminated,Full-Time,Zone C,Full-Time,Production,Production Operations,1997-09-02,MA,Male,US-MA-03,White,Married,Fully Meets,4
3723,Elliana,Villanueva,2022-11-23,2026-06-30,Production Technician I,Kyle Ali,2490,elliana.villanueva@bilearner.com,BPC,Voluntarily Terminated,Full-Time,Zone C,Full-Time,Production,Production Operations,1972-08-30,MA,Male,US-MA-01,Asian,Married,Fully Meets,3
3724,Essence,Schwartz,2002-02-15,2010-05-18,Production Technician I,Marlon Stanton,2304,essence.schwartz@bilearner.com,CCDR,Voluntarily Terminated,Full-Time,Zone C,Full-Time,Production,Production Operations,1969-11-25,MA,Male,US-MA-02,Asian,Divorced,Fully Meets,3
3725,Ryker,Cox,2015-12-31,2017-01-26,Production Technician I,Kailyn Torres,2468,ryker.cox@bilearner.com,SVG,Voluntarily Terminated,Full-Time,Zone C,Full-Time,Production,Production Operations,1955-08-21,MA,Male,US-MA-03,Asian,Widowed,Fully Meets,4
3726,Averi,Stevenson,2009-05-22,2012-03-18,Production Technician I,Kaylyn Joyce,2419,averi.stevenson@bilearner.com,EW,Terminated for Cause,Contract,Zone C,Temporary,Production,Production Operations,1975-03-01,MA,Female,US-MA-01,Other,Married,Fully Meets,3
3727,Katherine,Russo,2026-04-12,,Production Technician I,Teagan Fletcher,2440,katherine.russo@bilearner.com,MSC,Active,Full-Time,Zone C,Full-Time,Production,Production Operations,1982-10-21,MA,Female,US-MA-02,Other,Divorced,Fully Meets,3
3728,Aydan,Robbins,2025-06-08,,Production Technician I,Dane Kelly,1209,aydan.robbins@bilearner.com,TNS,Active,Full-Time,Zone C,Full-Time,Production,Production Operations,1967-02-07,MA,Male,US-MA-03,Hispanic,Divorced,Fully Meets,3
3729,Heaven,Walls,2010-01-25,2011-06-21,Production Technician I,Uriel Brennan,2386,heaven.walls@bilearner.com,BPC,Retired,Contract,Zone C,Temporary,Production,Production Operations,1943-01-01,MA,Male,US-MA-01,Other,Divorced,Fully Meets,3
3730,Bobby,Chung,2018-03-08,,Production Technician I,Rigoberto Townsend,1187,bobby.chung@bilearner.com,CCDR,Active,Full-Time,Zone C,Full-Time,Production,Production Operations,1965-12-08,MA,Male,US-MA-02,Black,Widowed,Fully Meets,3
3731,Maximus,Fields,2022-03-19,2022-10-24,Production Technician I,Uriel Brennan,2386,maximus.fields@bilearner.com,EW,Voluntarily Terminated,Full-Time,Zone C,Full-Time,Production,Production Operations,1998-07-04,MA,Male,US-MA-03,Hispanic,Single,Fully Meets,3
3732,Orion,Ochoa,2025-10-19,,Production Technician I,Jaydan Hoffman,2317,orion.ochoa@bilearner.com,MSC,Active,Contract,Zone C,Temporary,Production,Production Operations,1962-03-02,MA,Male,US-MA-01,Black,Widowed,Fully Meets,3
3733,Halle,Boyd,2005-09-22,2005-11-29,Production Technician I,Amy Dunn,2277,halle.boyd@bilearner.com,NEL,Terminated for Cause,Full-Time,Zone C,Full-Time,Production,Production Operations,1977-05-30,MA,Female,US-MA-02,Hispanic,Single,Fully Meets,3
3734,Lindsey,Rocha,2005-03-05,,Production Technician I,Amy Dunn,2277,lindsey.rocha@bilearner.com,PL,Active,Contract,Zone A,Temporary,Production,Production Operations,1964-07-21,MA,Male,US-MA-03,White,Divorced,Fully Meets,4
3735,Chace,Gray,2025-11-01,,Production Technician I,Keenan Jensen,2325,chace.gray@bilearner.com,PYZ,Active,Part-Time,Zone C,Part-Time,Production,Production Operations,1963-07-11,MA,Male,US-MA-01,White,Married,Fully Meets,3
3736,Carsen,Wheeler,2016-01-21,2017-03-04,Production Technician I,Uriel Brennan,2386,carsen.wheeler@bilearner.com,SVG,Voluntarily Terminated,Full-Time,Zone C,Full-Time,Production,Production Operations,1976-07-02,MA,Male,US-MA-02,Other,Married,Fully Meets,3
3737,Arielle,Escobar,2015-11-29,,Production Technician I,Michael Albert,2275,arielle.escobar@bilearner.com,TNS,Active,Full-Time,Zone B,Full-Time,Production,Production Operations,1968-10-03,MA,Male,US-MA-03,Hispanic,Divorced,Fully Meets,3
3738,Kaitlynn,Blair,2006-08-31,2008-01-01,Production Technician II,Walter Immediato,2279,kaitlynn.blair@bilearner.com,SVG,Voluntarily Terminated,Full-Time,Zone C,Full-Time,Production,Production Operations,1976-07-31,MA,Female,US-MA-01,Hispanic,Widowed,Fully Meets,3
3739,Amir,Melendez,2017-02-15,2017-10-17,Production Technician II,Rosa Rosales,2451,amir.melendez@bilearner.com,EW,Retired,Full-Time,Zone C,Full-Time,Production,Production Operations,1951-03-09,MA,Female,US-MA-02,Asian,Divorced,Fully Meets,3
3740,Monique,Buckley,2010-10-30,2012-11-12,Production Technician II,Amy Dunn,2277,monique.buckley@bilearner.com,MSC,Voluntarily Terminated,Full-Time,Zone C,Full-Time,Production,Production Operations,1960-03-14,MA,Female,US-MA-03,Other,Single,Fully Meets,3
3741,Clark,Blanchard,2015-06-02,2016-04-29,Production Technician II,Ava Chan,2463,clark.blanchard@bilearner.com,TNS,Retired,Full-Time,Zone C,Full-Time,Production,Production Operations,1948-09-14,MA,Female,US-MA-01,Hispanic,Widowed,Fully Meets,3
3742,Gabriel,Pearson,2018-12-03,2020-02-28,Production Technician II,Humberto Rocha,2438,gabriel.pearson@bilearner.com,PYZ,Voluntarily Terminated,Part-Time,Zone C,Part-Time,Production,Production Operations,1981-09-12,MA,Female,US-MA-02,Asian,Married,Fully Meets,3
3743,Mercedes,Cook,2005-03-23,,Production Technician I,Uriel Brennan,2386,mercedes.cook@bilearner.com,WBL,Active,Full-Time,Zone A,Full-Time,Production,Production Operations,1965-08-21,MA,Male,US-MA-03,Black,Married,Fully Meets,3
3744,Skyler,Blankenship,2013-11-08,,Production Technician I,George Meyers,2457,skyler.blankenship@bilearner.com,NEL,Active,Full-Time,Zone B,Full-Time,Production,Production Operations,1964-12-22,MA,Female,US-MA-01,Asian,Widowed,Fully Meets,3
3745,Jordan,Davis,2019-12-13,2020-11-19,Production Technician I,Justice Pineda,1164,jordan.davis@bilearner.com,PL,Voluntarily Terminated,Part-Time,Zone C,Part-Time,Production,Production Operations,1978-07-20,MA,Male,US-MA-02,Asian,Single,Fully Meets,3
3746,Bridget,Wu,2026-01-28,,Production Technician I,Ally Brennan,2516,bridget.wu@bilearner.com,BPC,Active,Full-Time,Zone C,Full-Time,Production,Production Operations,1969-08-21,MA,Male,US-MA-03,Black,Widowed,Fully Meets,3
3747,Gabriel,Kirk,2017-01-19,2020-11-19,Production Technician I,Rigoberto Townsend,1187,gabriel.kirk@bilearner.com,CCDR,Voluntarily Terminated,Full-Time,Zone C,Full-Time,Production,Production Operations,1992-06-15,MA,Male,US-MA-01,Black,Widowed,Fully Meets,3
3748,Aron,Ali,2005-06-04,,Production Technician I,Teagan Fletcher,2440,aron.ali@bilearner.com,SVG,Active,Full-Time,Zone A,Full-Time,Production,Production Operations,1969-08-20,MA,Male,US-MA-02,Other,Married,Fully Meets,3
3749,Kayden,Soto,2019-11-29,,Production Technician I,Emelia Mcintyre,2343,kayden.soto@bilearner.com,EW,Active,Full-Time,Zone C,Full-Time,Production,Production Operations,1985-05-02,MA,Female,US-MA-03,Other,Married,Fully Meets,4
3750,Micaela,Conner,2012-03-01,,Production Technician I,Michael Albert,2275,micaela.conner@bilearner.com,MSC,Active,Contract,Zone B,Temporary,Production,Production Operations,1975-03-24,MA,Male,US-MA-01,Black,Single,Fully Meets,3
3751,Arthur,Mitchell,2015-05-05,,Production Technician I,Marquise Pacheco,2464,arthur.mitchell@bilearner.com,TNS,Active,Full-Time,Zone B,Full-Time,Production,Production Operations,1972-12-24,MA,Male,US-MA-02,Other,Single,Fully Meets,3
3752,Deven,Morse,2004-12-22,,Production Technician I,Amy Dunn,2277,deven.morse@bilearner.com,PYZ,Active,Contract,Zone A,Temporary,Production,Production Operations,1969-03-15,MA,Male,US-MA-03,White,Divorced,Fully Meets,3
3753,George,Villegas,2025-03-13,2026-01-18,Production Technician I,Teagan Fletcher,2440,george.villegas@bilearner.com,WBL,Retired,Full-Time,Zone C,Full-Time,Production,Production Operations,1959-09-29,MA,Male,US-MA-01,White,Single,Fully Meets,4
3754,Arielle,Potts,2013-10-28,2014-12-30,Production Technician I,Teagan Fletcher,2440,arielle.potts@bilearner.com,NEL,Voluntarily Terminated,Full-Time,Zone C,Full-Time,Production,Production Operations,1978-05-31,MA,Male,US-MA-02,Black,Married,Fully Meets,3
3755,Maxwell,Howell,2017-06-13,2021-03-05,Production Technician I,Ariana Strickland,2294,maxwell.howell@bilearner.com,PL,Voluntarily Terminated,Part-Time,Zone C,Part-Time,Production,Production Operations,1982-06-27,MA,Female,US-MA-03,Black,Married,Fully Meets,3
3756,Junior,Bridges,2014-12-27,,Production Technician I,Courtney E Wallace,2276,junior.bridges@bilearner.com,BPC,Active,Full-Time,Zone B,Full-Time,Production,Production Operations,1990-10-20,MA,Female,US-MA-01,Hispanic,Married,Fully Meets,3
3757,Salvatore,Noble,2001-04-28,2014-03-19,Production Technician I,Marlon Stanton,2304,salvatore.noble@bilearner.com,CCDR,Voluntarily Terminated,Full-Time,Zone B,Full-Time,Production,Production Operations,1972-05-04,MA,Male,US-MA-02,Asian,Single,Fully Meets,3
3758,Heath,Hodges,2011-09-10,2013-09-20,Production Technician I,Julianne Shaw,2414,heath.hodges@bilearner.com,SVG,Retired,Full-Time,Zone C,Full-Time,Production,Production Operations,1946-12-20,MA,Male,US-MA-03,Other,Divorced,Fully Meets,4
3759,Gabriella,Warner,2018-01-07,2019-05-09,Production Technician I,Ibrahim Wolfe,1142,gabriella.warner@bilearner.com,EW,Retired,Full-Time,Zone C,Full-Time,Production,Production Operations,1958-10-21,MA,Male,US-MA-01,Black,Married,Fully Meets,3
3760,Ryan,Tate,2023-08-12,,Production Technician I,Colby Wolfe,1144,ryan.tate@bilearner.com,MSC,Active,Full-Time,Zone C,Full-Time,Production,Production Operations,1960-02-12,MA,Male,US-MA-02,Other,Widowed,Fully Meets,3
3761,Hazel,Vincent,2020-05-08,2023-04-19,Production Technician II,Isabela Collins,1121,hazel.vincent@bilearner.com,CCDR,Voluntarily Terminated,Full-Time,Zone C,Full-Time,Production,Production Operations,1987-11-23,MA,Female,US-MA-03,Black,Married,Fully Meets,3
3762,Gavyn,Riggs,2014-08-10,,Production Technician II,Sawyer Little,2385,gavyn.riggs@bilearner.com,SVG,Active,Full-Time,Zone B,Full-Time,Production,Production Operations,1965-11-13,MA,Female,US-MA-01,Black,Divorced,Fully Meets,3
3763,Giancarlo,Cross,2005-02-24,2007-03-12,Production Technician II,Trey Johnston,2506,giancarlo.cross@bilearner.com,EW,Voluntarily Terminated,Full-Time,Zone C,Full-Time,Production,Production Operations,1950-06-25,MA,Female,US-MA-02,White,Widowed,Fully Meets,3
3764,Cristal,Bradshaw,2004-03-08,,Production Technician II,Amy Dunn,2277,cristal.bradshaw@bilearner.com,MSC,Active,Full-Time,Zone A,Full-Time,Production,Production Operations,1973-07-01,MA,Female,US-MA-03,Black,Single,Fully Meets,3
3765,Guadalupe,Burke,2005-09-27,,Production Technician II,Michael Albert,2275,guadalupe.burke@bilearner.com,TNS,Active,Full-Time,Zone A,Full-Time,Production,Production Operations,1969-06-30,MA,Female,US-MA-01,Hispanic,Widowed,Fully Meets,3
3766,Elisa,Henry,2025-04-26,2026-05-10,Production Technician II,Colby Wolfe,1144,elisa.henry@bilearner.com,PYZ,Retired,Contract,Zone C,Temporary,Production,Production Operations,1958-06-12,MA,Female,US-MA-02,Black,Widowed,Fully Meets,3
3767,Kale,Fischer,2023-06-02,2025-12-30,Production Technician I,Jaydan Hoffman,2317,kale.fischer@bilearner.com,TNS,Voluntarily Terminated,Contract,Zone C,Temporary,Production,Production Operations,1993-03-07,MA,Female,US-MA-03,Black,Divorced,Fully Meets,3
3768,Morgan,Blackwell,2024-03-18,,Production Technician I,Heath Romero,2381,morgan.blackwell@bilearner.com,SVG,Active,Full-Time,Zone C,Full-Time,Production,Production Operations,1991-05-30,MA,Female,US-MA-01,Black,Divorced,Fully Meets,4
3769,Ivan,Wright,2006-10-28,,Production Technician I,Courtney E Wallace,2276,ivan.wright@bilearner.com,PYZ,Active,Part-Time,Zone A,Part-Time,Production,Production Operations,1982-07-29,MA,Male,US-MA-02,Asian,Married,Fully Meets,3
3770,Nayeli,Hood,2025-11-28,2026-04-26,Production Technician I,Brianna Hurley,2471,nayeli.hood@bilearner.com,PL,Voluntarily Terminated,Part-Time,Zone C,Part-Time,Production,Production Operations,1995-01-26,MA,Male,US-MA-03,Asian,Married,Fully Meets,3
3771,Marilyn,Smith,2009-12-08,2010-06-20,Production Technician I,Leticia Parks,2378,marilyn.smith@bilearner.com,NEL,Voluntarily Terminated,Full-Time,Zone C,Full-Time,Production,Production Operations,1981-09-20,MA,Male,US-MA-01,Asian,Married,Fully Meets,3
3772,Zoie,Rowland,2024-10-01,2025-04-05,Production Technician I,Antwan Gay,2316,zoie.rowland@bilearner.com,MSC,Voluntarily Terminated,Full-Time,Zone C,Full-Time,Production,Production Operations,1966-02-05,MA,Female,US-MA-02,Asian,Divorced,Fully Meets,4
3773,Ann,Nguyen,2012-08-29,2013-12-30,Production Technician I,Ava Chan,2463,ann.nguyen@bilearner.com,EW,Voluntarily Terminated,Contract,Zone C,Temporary,Production,Production Operations,1972-05-16,MA,Female,US-MA-03,Hispanic,Divorced,Fully Meets,3
3774,Ramiro,Savage,2021-11-12,2024-01-01,Production Technician I,Ally Brennan,2516,ramiro.savage@bilearner.com,CCDR,Voluntarily Terminated,Full-Time,Zone C,Full-Time,Production,Production Operations,1998-04-06,MA,Male,US-MA-01,Black,Single,Fully Meets,3
3775,Karma,Koch,2017-04-13,2026-02-01,Production Technician I,Ibrahim Wolfe,1142,karma.koch@bilearner.com,BPC,Voluntarily Terminated,Full-Time,Zone C,Full-Time,Production,Production Operations,1980-10-15,MA,Male,US-MA-02,Other,Widowed,Fully Meets,3
3776,Jacqueline,Hendrix,2013-09-29,2020-04-15,Production Technician I,Braden Nicholson,2478,jacqueline.hendrix@bilearner.com,WBL,Voluntarily Terminated,Full-Time,Zone C,Full-Time,Production,Production Operations,1980-04-28,MA,Male,US-MA-03,Black,Married,Fully Meets,3
3777,Kaitlin,Barker,2014-11-24,,Production Technician I,Ibrahim Wolfe,1142,kaitlin.barker@bilearner.com,TNS,Active,Full-Time,Zone B,Full-Time,Production,Production Operations,1966-03-21,MA,Male,US-MA-01,Black,Single,Fully Meets,3
3778,Semaj,Griffith,2021-12-29,2026-04-18,Production Technician I,Rosa Rosales,2451,semaj.griffith@bilearner.com,SVG,Voluntarily Terminated,Full-Time,Zone C,Full-Time,Production,Production Operations,1992-02-09,MA,Male,US-MA-02,Other,Married,Fully Meets,3
3779,Damian,Burke,2020-12-30,2025-12-27,Production Technician I,Colt Archer,1231,damian.burke@bilearner.com,PYZ,Voluntarily Terminated,Contract,Zone C,Temporary,Production,Production Operations,1963-04-28,MA,Female,US-MA-03,Other,Divorced,Fully Meets,4
3780,Jessie,Smith,2015-10-04,2016-03-29,Production Technician I,Julianne Shaw,2414,jessie.smith@bilearner.com,PL,Terminated for Cause,Full-Time,Zone C,Full-Time,Production,Production Operations,1968-04-05,MA,Female,US-MA-01,Black,Widowed,Fully Meets,3
3781,Hezekiah,Cummings,2019-03-25,2022-12-23,Production Technician I,Hallie Macias,2337,hezekiah.cummings@bilearner.com,NEL,Retired,Contract,Zone C,Temporary,Production,Production Operations,1960-01-23,MA,Male,US-MA-02,Black,Single,Fully Meets,3
3782,Brody,House,2007-12-22,2010-03-19,Production Technician I,Courtney E Wallace,2276,brody.house@bilearner.com,MSC,Voluntarily Terminated,Full-Time,Zone C,Full-Time,Production,Production Operations,1984-09-25,MA,Male,US-MA-03,Asian,Widowed,Fully Meets,3
3783,Aaliyah,Watts,2009-08-01,,Production Technician I,Teagan Fletcher,2440,aaliyah.watts@bilearner.com,EW,Active,Full-Time,Zone A,Full-Time,Production,Production Operations,1962-04-11,MA,Male,US-MA-01,Asian,Divorced,Fully Meets,3
3784,Ashton,Larsen,2007-02-25,,Production Technician I,Trey Johnston,2506,ashton.larsen@bilearner.com,CCDR,Active,Full-Time,Zone A,Full-Time,Production,Production Operations,1977-07-15,MA,Female,US-MA-02,White,Single,Fully Meets,3
3785,Joshua,Gibson,2017-09-13,,Production Technician II,Milagros Jimenez,2364,joshua.gibson@bilearner.com,PL,Active,Full-Time,Zone C,Full-Time,Production,Production Operations,1977-10-20,MA,Female,US-MA-03,Black,Divorced,Fully Meets,4
3786,Kyleigh,Bauer,2010-01-02,2012-08-30,Production Technician II,Uriel Brennan,2386,kyleigh.bauer@bilearner.com,PYZ,Voluntarily Terminated,Full-Time,Zone C,Full-Time,Production,Production Operations,1962-06-10,MA,Female,US-MA-01,Black,Divorced,Fully Meets,3
3787,Ramon,Schultz,2022-05-21,2024-04-22,Production Technician II,Jakob Luna,2455,ramon.schultz@bilearner.com,SVG,Voluntarily Terminated,Part-Time,Zone C,Part-Time,Production,Production Operations,1972-08-29,MA,Female,US-MA-02,White,Widowed,Fully Meets,3
3788,Maxim,Houston,2007-06-29,2010-07-18,Production Technician II,Uriel Brennan,2386,maxim.houston@bilearner.com,TNS,Voluntarily Terminated,Full-Time,Zone C,Full-Time,Production,Production Operations,1976-09-06,MA,Female,US-MA-03,Black,Married,Fully Meets,4
3789,Deanna,Sellers,2021-03-09,,Production Technician II,Walter Immediato,2279,deanna.sellers@bilearner.com,WBL,Active,Full-Time,Zone C,Full-Time,Production,Production Operations,1977-05-25,MA,Female,US-MA-01,Other,Widowed,Fully Meets,4
3790,Frankie,Figueroa,2004-08-23,2014-02-17,Production Technician II,Ariel Cervantes,2322,frankie.figueroa@bilearner.com,PYZ,Terminated for Cause,Full-Time,Zone C,Full-Time,Production,Production Operations,1962-12-11,MA,Female,US-MA-02,Hispanic,Single,Fully Meets,3
3791,Bentley,Rush,2018-08-28,,Production Technician I,Milagros Foley,1185,bentley.rush@bilearner.com,WBL,Active,Contract,Zone C,Temporary,Production,Production Operations,1978-02-02,MA,Female,US-MA-03,Asian,Divorced,Fully Meets,3
3792,Alexia,Pham,2019-03-13,2020-07-09,Production Technician I,Rachael Buck,1186,alexia.pham@bilearner.com,NEL,Voluntarily Terminated,Part-Time,Zone C,Part-Time,Production,Production Operations,1998-06-08,MA,Male,US-MA-01,White,Married,Fully Meets,3
3793,Roselyn,Roberts,2003-07-23,,Production Technician I,Trey Johnston,2506,roselyn.roberts@bilearner.com,PL,Active,Full-Time,Zone A,Full-Time,Production,Production Operations,1985-04-12,MA,Male,US-MA-02,Asian,Married,Fully Meets,4
3794,Ayden,Chambers,2022-06-23,,Production Technician I,Fabian Mullins,2452,ayden.chambers@bilearner.com,BPC,Active,Contract,Zone C,Temporary,Production,Production Operations,1996-01-20,MA,Male,US-MA-03,Asian,Widowed,Fully Meets,3
3795,Kaitlynn,Serrano,2019-09-02,,Production Technician I,Ariel Cervantes,2322,kaitlynn.serrano@bilearner.com,CCDR,Active,Full-Time,Zone C,Full-Time,Production,Production Operations,1989-08-01,MA,Male,US-MA-01,White,Divorced,Exceeds,5
3796,Jefferson,White,2018-01-13,2024-05-26,Production Technician I,Terrell Guerra,2395,jefferson.white@bilearner.com,SVG,Voluntarily Terminated,Contract,Zone C,Temporary,Production,Production Operations,1964-08-27,MA,Female,US-MA-02,Hispanic,Married,Exceeds,4
3797,Maria,Grant,2020-10-20,,Production Technician I,Ibrahim Wolfe,1142,maria.grant@bilearner.com,EW,Active,Full-Time,Zone C,Full-Time,Production,Production Operations,1975-06-26,MA,Female,US-MA-03,Black,Married,Fully Meets,3
3798,Bryanna,Ibarra,2002-06-05,2003-09-26,Production Technician I,Marlon Stanton,2304,bryanna.ibarra@bilearner.com,MSC,Voluntarily Terminated,Contract,Zone C,Temporary,Production,Production Operations,1961-12-21,MA,Male,US-MA-01,Other,Widowed,Fully Meets,3
3799,Sophie,Zavala,2012-08-26,,Production Technician I,Faith Golden,2318,sophie.zavala@bilearner.com,TNS,Active,Full-Time,Zone B,Full-Time,Production,Production Operations,1964-11-24,MA,Male,US-MA-02,Hispanic,Single,Exceeds,5
3800,Amya,Grant,2023-02-05,,Production Technician I,Brianna Hurley,2471,amya.grant@bilearner.com,PYZ,Active,Full-Time,Zone C,Full-Time,Production,Production Operations,1987-09-14,MA,Male,US-MA-03,Other,Married,Fully Meets,3
3801,Jaydan,Neal,2004-04-10,,Production Technician I,Ariel Cervantes,2322,jaydan.neal@bilearner.com,WBL,Active,Full-Time,Zone A,Full-Time,Production,Production Operations,1970-08-21,MA,Female,US-MA-01,Hispanic,Single,Fully Meets,4
3802,Amiyah,Ramirez,2023-06-13,,Production Technician I,Mila Poole,2453,amiyah.ramirez@bilearner.com,NEL,Active,Full-Time,Zone C,Full-Time,Production,Production Operations,1983-10-15,MA,Male,US-MA-02,White,Divorced,Fully Meets,3
3803,Kai,Holt,2014-02-10,2018-02-02,Production Technician I,Jesus Hendricks,2341,kai.holt@bilearner.com,PL,Voluntarily Terminated,Full-Time,Zone C,Full-Time,Production,Production Operations,1985-05-12,MA,Female,US-MA-03,Black,Single,Fully Meets,3
3804,Brendon,Wilson,2013-12-16,,Production Technician I,Terry Gay,2298,brendon.wilson@bilearner.com,BPC,Active,Part-Time,Zone B,Part-Time,Production,Production Operations,1978-09-26,MA,Female,US-MA-01,Hispanic,Single,Fully Meets,3
3805,Nancy,Short,2025-08-21,,Production Technician I,Kissy Sullivan,2278,nancy.short@bilearner.com,CCDR,Active,Part-Time,Zone C,Part-Time,Production,Production Operations,1982-04-23,MA,Male,US-MA-02,Other,Divorced,Fully Meets,4
3806,Isabella,Wilkins,2012-09-21,2014-12-30,Production Technician I,Rosa Rosales,2451,isabella.wilkins@bilearner.com,SVG,Voluntarily Terminated,Full-Time,Zone C,Full-Time,Production,Production Operations,1974-09-01,MA,Male,US-MA-03,Other,Married,Fully Meets,3
3807,Mayra,Moss,2015-04-19,2020-04-08,Production Technician I,George Meyers,2457,mayra.moss@bilearner.com,EW,Voluntarily Terminated,Full-Time,Zone C,Full-Time,Production,Production Operations,1964-05-16,MA,Male,US-MA-01,Asian,Single,Fully Meets,3
3808,Maria,Gonzalez,2024-06-04,2024-11-10,IT Support,Demetrius Cooley,2532,maria.gonzalez@bilearner.com,PYZ,Voluntarily Terminated,Full-Time,Zone C,Full-Time,IT/IS,IT Operations,1988-08-18,MA,Female,US-MA-02,White,Widowed,Fully Meets,3
3809,Jumil,Turpin,2012-09-02,2015-03-15,Network Engineer,Ashly Mullen,2561,jumil.turpin@bilearner.com,TNS,Terminated for Cause,Full-Time,Zone B,Full-Time,IT/IS,IT Infrastructure,1962-04-07,MA,Male,US-MA-03,Hispanic,Single,Fully Meets,3
3810,Ann,Daniele,2011-06-18,,Sr. Network Engineer,Eden Choi,2568,ann.daniele@bilearner.com,PL,Active,Full-Time,Zone A,Full-Time,IT/IS,IT Infrastructure,1959-10-10,CT,Female,US-CT-02,Black,Single,Fully Meets,4
3811,Joe,South,2012-04-19,2012-12-06,Sr. Network Engineer,Peter Monroe,2483,joe.south@bilearner.com,PL,Voluntarily Terminated,Full-Time,Zone B,Full-Time,IT/IS,IT Infrastructure,1958-03-11,CT,Male,US-CT-03,Hispanic,Widowed,Fully Meets,4
3812,Sarah,Warfield,2013-12-07,2014-10-26,Sr. Network Engineer,Eden Choi,2568,sarah.warfield@bilearner.com,BPC,Terminated for Cause,Full-Time,Zone B,Full-Time,IT/IS,IT Infrastructure,1985-05-24,MA,Female,US-MA-01,Hispanic,Single,Fully Meets,3
3813,Alejandro,Bacong,2025-12-23,,IT Support,Jovan Giles,2232,alejandro.bacong@bilearner.com,SVG,Active,Contract,Zone C,Temporary,IT/IS,IT Operations,1965-12-30,MA,Male,US-MA-02,Hispanic,Widowed,Fully Meets,3
3814,Jyoti,Lajiri,2011-11-01,,Sr. Network Engineer,Kane Mcfarland,2230,jyoti.lajiri@bilearner.com,EW,Leave of Absence,Full-Time,Zone B,Full-Time,IT/IS,IT Infrastructure,1974-05-12,MA,Male,US-MA-03,Black,Widowed,Fully Meets,4
3815,Neville,Tredinnick,2018-11-26,,Network Engineer,Milo Jensen,2225,neville.tredinnick@bilearner.com,SVG,Active,Full-Time,Zone B,Full-Time,IT/IS,IT Infrastructure,1984-05-26,MA,Male,US-MA-01,White,Divorced,Fully Meets,3
3816,Anthony,Cisco,2021-03-14,,IT Support,Amina Bush,2514,anthony.cisco@bilearner.com,WBL,Active,Full-Time,Zone C,Full-Time,IT/IS,IT Operations,1974-04-28,MA,Male,US-MA-02,Hispanic,Single,Fully Meets,3
3817,Linda,Dolan,2025-05-15,2025-11-08,IT Support,Brian Champaigne,2484,linda.dolan@bilearner.com,CCDR,Voluntarily Terminated,Part-Time,Zone C,Part-Time,IT/IS,IT Operations,1978-01-01,MA,Female,US-MA-03,Black,Single,Needs Improvement,2
3818,Carlos,Merlos,2019-10-19,2020-10-12,Network Engineer,Titus Lowe,1673,carlos.merlos@bilearner.com,CCDR,Voluntarily Terminated,Full-Time,Zone B,Full-Time,IT/IS,IT Infrastructure,1991-04-07,MA,Male,US-MA-01,Asian,Single,Fully Meets,4
3819,Tanya,Morway,2010-05-23,,Network Engineer,Odin Key,2545,tanya.morway@bilearner.com,MSC,Active,Full-Time,Zone A,Full-Time,IT/IS,IT Infrastructure,1957-11-26,MA,Female,US-MA-02,Asian,Single,Fully Meets,3
3820,Anita,Shepard,2014-07-25,2015-12-02,Network Engineer,Vanessa Zuniga,2504,anita.shepard@bilearner.com,EW,Voluntarily Terminated,Full-Time,Zone B,Full-Time,IT/IS,IT Infrastructure,1976-09-29,MA,Female,US-MA-03,Other,Divorced,Fully Meets,3
3821,Jeremiah,Semizoglou,2004-03-22,,Sr. Network Engineer,Carla Willis,2251,jeremiah.semizoglou@bilearner.com,TNS,Active,Full-Time,Zone A,Full-Time,IT/IS,IT Infrastructure,1981-04-03,MA,Male,US-MA-01,White,Single,Fully Meets,3
3822,Katrina,Lambert,2004-06-07,2007-01-09,Network Engineer,Carla Willis,2251,katrina.lambert@bilearner.com,WBL,Voluntarily Terminated,Contract,Zone B,Temporary,IT/IS,IT Infrastructure,1975-09-18,MA,Male,US-MA-02,Hispanic,Divorced,Fully Meets,3
3823,Alexzander,Pope,2021-10-22,2025-12-26,Network Engineer,Isla Hawkins,2223,alexzander.pope@bilearner.com,TNS,Voluntarily Terminated,Full-Time,Zone B,Full-Time,IT/IS,IT Infrastructure,1987-08-24,MA,Male,US-MA-03,White,Single,Needs Improvement,2
3824,Derek,Holmes,2004-07-26,,IT Support,Carla Willis,2251,derek.holmes@bilearner.com,SVG,Active,Full-Time,Zone A,Full-Time,IT/IS,IT Operations,1973-12-19,MA,Male,US-MA-01,Black,Single,Fully Meets,3
3825,Danika,Deleon,2019-08-07,,IT Support,Maximilian Williamson,2523,danika.deleon@bilearner.com,PYZ,Active,Full-Time,Zone C,Full-Time,IT/IS,IT Operations,1998-05-23,MA,Male,US-MA-02,Black,Married,Fully Meets,3
3826,Sabrina,Durham,2015-04-18,2016-10-14,IT Support,Eden Choi,2568,sabrina.durham@bilearner.com,PL,Voluntarily Terminated,Full-Time,Zone C,Full-Time,IT/IS,IT Operations,1977-10-28,MA,Male,US-MA-03,Asian,Divorced,Fully Meets,3
3827,Frankie,Carrillo,2013-02-05,,IT Support,Leo Cooper,2487,frankie.carrillo@bilearner.com,NEL,Active,Full-Time,Zone B,Full-Time,IT/IS,IT Operations,1992-09-24,MA,Male,US-MA-01,Asian,Widowed,Fully Meets,3
3828,Quintin,Solomon,2022-08-08,,Sr. Network Engineer,Amina Bush,2514,quintin.solomon@bilearner.com,PL,Active,Full-Time,Zone B,Full-Time,IT/IS,IT Infrastructure,1990-10-28,MA,Male,US-MA-02,Black,Divorced,Fully Meets,3
3829,Jaqueline,Pittman,2023-09-01,2024-12-03,Sr. Network Engineer,Jason Foss,2480,jaqueline.pittman@bilearner.com,BPC,Retired,Contract,Zone B,Temporary,IT/IS,IT Infrastructure,1956-03-12,MA,Male,US-MA-03,Other,Married,Exceeds,4
3830,Mariana,Glass,2004-06-18,,Principal Data Architect,Carla Willis,2251,mariana.glass@bilearner.com,CCDR,Active,Full-Time,Zone A,Full-Time,IT/IS,Data Architecture,1965-12-01,CT,Male,US-CT-01,White,Widowed,PIP,1
3831,Payton,Cross,2012-03-09,,Enterprise Architect,Peter Monroe,2483,payton.cross@bilearner.com,SVG,Active,Full-Time,Zone B,Full-Time,IT/IS,Data Architecture,1976-07-15,CT,Female,US-CT-02,Hispanic,Divorced,Needs Improvement,2
3832,Sloane,Rasmussen,2024-03-03,,Sr. DBA,Jason Foss,2480,sloane.rasmussen@bilearner.com,EW,Leave of Absence,Full-Time,Zone B,Full-Time,IT/IS,Database & Data Platform,1964-09-07,MA,Female,US-MA-01,Hispanic,Widowed,PIP,1
3833,Elise,Vazquez,2010-08-14,2014-06-02,Network Engineer,Odin Key,2545,elise.vazquez@bilearner.com,PYZ,Retired,Full-Time,Zone B,Full-Time,IT/IS,IT Infrastructure,1953-05-12,MA,Male,US-MA-02,Asian,Single,PIP,1
3834,Monique,Pierce,2001-09-12,2003-07-29,Network Engineer,Marlon Stanton,2304,monique.pierce@bilearner.com,WBL,Voluntarily Terminated,Full-Time,Zone B,Full-Time,IT/IS,IT Infrastructure,1961-07-11,MA,Male,US-MA-03,Hispanic,Married,Fully Meets,3
3835,Axel,Higgins,2013-10-02,2014-06-09,IT Support,Simon Roup,2481,axel.higgins@bilearner.com,NEL,Voluntarily Terminated,Full-Time,Zone C,Full-Time,IT/IS,IT Operations,1993-10-11,MA,Male,US-MA-01,Hispanic,Divorced,Fully Meets,3
3836,Marcos,Petty,2017-08-09,,IT Support,Titus Lowe,1673,marcos.petty@bilearner.com,PL,Active,Full-Time,Zone C,Full-Time,IT/IS,IT Operations,1974-07-11,MA,Male,US-MA-02,Black,Single,Fully Meets,3
3837,Mia,Cowan,2025-03-30,2025-08-19,IT Support,Ashly Mullen,2561,mia.cowan@bilearner.com,BPC,Retired,Full-Time,Zone C,Full-Time,IT/IS,IT Operations,1956-08-27,MA,Male,US-MA-03,Other,Single,PIP,1
3838,Tanya,Leonard,2026-04-28,2026-06-05,IT Support,Vanessa Zuniga,2504,tanya.leonard@bilearner.com,CCDR,Voluntarily Terminated,Contract,Zone C,Temporary,IT/IS,IT Operations,1979-08-14,MA,Female,US-MA-01,Asian,Single,PIP,1
3839,Dereon,Page,2011-02-15,,Sr. Network Engineer,Maximilian Williamson,2523,dereon.page@bilearner.com,PL,Active,Full-Time,Zone A,Full-Time,IT/IS,IT Infrastructure,1961-01-29,MA,Male,US-MA-02,Hispanic,Divorced,PIP,1
3840,Meadow,Boyer,2024-01-10,2024-10-21,Sr. Network Engineer,Deven Huff,2546,meadow.boyer@bilearner.com,BPC,Voluntarily Terminated,Full-Time,Zone B,Full-Time,IT/IS,IT Infrastructure,1969-10-25,MA,Male,US-MA-03,Hispanic,Single,Fully Meets,4
3841,Paris,Simpson,2006-03-26,,Principal Data Architect,Peter Monroe,2483,paris.simpson@bilearner.com,CCDR,Active,Full-Time,Zone A,Full-Time,IT/IS,Data Architecture,1970-06-17,CT,Male,US-CT-03,Asian,Single,Fully Meets,4
3842,Kyla,Durham,2009-03-03,,Enterprise Architect,Eden Choi,2568,kyla.durham@bilearner.com,SVG,Leave of Absence,Full-Time,Zone A,Full-Time,IT/IS,Data Architecture,1977-06-14,MA,Female,US-MA-01,White,Divorced,Fully Meets,3
3843,Cassidy,Maddox,2002-06-30,,Sr. DBA,Axel Howe,3456,cassidy.maddox@bilearner.com,EW,Leave of Absence,Full-Time,Zone A,Full-Time,IT/IS,Database & Data Platform,1977-02-07,MA,Female,US-MA-02,Asian,Single,Fully Meets,4
3844,Edgar,Underwood,2018-08-26,2021-08-14,Network Engineer,Odin Key,2545,edgar.underwood@bilearner.com,PYZ,Voluntarily Terminated,Full-Time,Zone B,Full-Time,IT/IS,IT Infrastructure,1961-06-02,MA,Male,US-MA-03,White,Single,PIP,1
3845,Jaiden,Underwood,2022-04-12,,Network Engineer,Ashly Mullen,2561,jaiden.underwood@bilearner.com,WBL,Active,Full-Time,Zone B,Full-Time,IT/IS,IT Infrastructure,1969-08-10,MA,Male,US-MA-01,Hispanic,Single,PIP,1
3846,Eugene,Potts,2025-08-31,2026-03-31,IT Support,Jovan Giles,2232,eugene.potts@bilearner.com,NEL,Voluntarily Terminated,Full-Time,Zone C,Full-Time,IT/IS,IT Operations,1975-08-10,MA,Male,US-MA-02,Asian,Single,Fully Meets,3
3847,Gilbert,Klein,2006-02-26,2007-08-16,IT Support,Peter Monroe,2483,gilbert.klein@bilearner.com,PL,Voluntarily Terminated,Full-Time,Zone C,Full-Time,IT/IS,IT Operations,1980-05-23,MA,Male,US-MA-03,Hispanic,Single,Fully Meets,3
3848,Nathaly,Huffman,2019-03-05,,IT Support,Hadley Nash,2224,nathaly.huffman@bilearner.com,BPC,Active,Full-Time,Zone C,Full-Time,IT/IS,IT Operations,1996-08-18,MA,Male,US-MA-01,Asian,Married,Fully Meets,3
3849,Nancy,Clay,2013-11-07,,IT Support,Simon Roup,2481,nancy.clay@bilearner.com,CCDR,Active,Contract,Zone B,Temporary,IT/IS,IT Operations,1979-01-21,MA,Female,US-MA-02,White,Widowed,Fully Meets,3
3850,Kylie,Cantrell,2019-09-22,2021-05-15,Sr. Network Engineer,Leo Cooper,2487,kylie.cantrell@bilearner.com,MSC,Retired,Full-Time,Zone B,Full-Time,IT/IS,IT Infrastructure,1953-08-17,MA,Male,US-MA-03,Hispanic,Single,Fully Meets,4
3851,Vance,Marquez,2022-08-03,,Sr. Network Engineer,Milo Jensen,2225,vance.marquez@bilearner.com,NEL,Leave of Absence,Full-Time,Zone B,Full-Time,IT/IS,IT Infrastructure,1994-07-07,CT,Male,US-CT-01,Black,Married,PIP,1
3852,Dante,Wyatt,2012-03-10,,Principal Data Architect,Eden Choi,2568,dante.wyatt@bilearner.com,PL,Leave of Absence,Full-Time,Zone A,Full-Time,IT/IS,Data Architecture,1987-09-10,CT,Female,US-CT-02,White,Widowed,PIP,1
3853,Rey,Monroe,2014-09-14,,Enterprise Architect,Simon Roup,2481,rey.monroe@bilearner.com,PYZ,Leave of Absence,Full-Time,Zone B,Full-Time,IT/IS,Data Architecture,1983-07-18,MA,Female,US-MA-01,Asian,Single,Fully Meets,3
3854,Jayden,Mckee,2014-03-11,2015-08-21,Network Engineer,Kali Yates,2263,jayden.mckee@bilearner.com,WBL,Voluntarily Terminated,Full-Time,Zone B,Full-Time,IT/IS,IT Infrastructure,1971-08-26,MA,Male,US-MA-02,Black,Single,Fully Meets,4
3855,Brady,Yoder,2002-07-05,2008-04-19,Network Engineer,Axel Howe,3456,brady.yoder@bilearner.com,WBL,Voluntarily Terminated,Full-Time,Zone B,Full-Time,IT/IS,IT Infrastructure,1955-03-24,MA,Male,US-MA-03,Other,Widowed,Fully Meets,3
3856,Darwin,Allen,2017-04-27,2018-04-28,Network Engineer,Jovan Giles,2232,darwin.allen@bilearner.com,TNS,Voluntarily Terminated,Full-Time,Zone B,Full-Time,IT/IS,IT Infrastructure,1994-05-17,MA,Male,US-MA-01,Other,Divorced,PIP,1
3857,Jasper,Harrison,2002-06-24,2007-03-20,IT Support,Axel Howe,3456,jasper.harrison@bilearner.com,SVG,Voluntarily Terminated,Full-Time,Zone C,Full-Time,IT/IS,IT Operations,1963-05-24,MA,Male,US-MA-02,Black,Widowed,PIP,1
3858,Bailey,Humphrey,2006-07-23,,IT Support,Carla Willis,2251,bailey.humphrey@bilearner.com,PYZ,Active,Full-Time,Zone A,Full-Time,IT/IS,IT Operations,1976-11-04,MA,Male,US-MA-03,Other,Married,Fully Meets,4
3859,Clare,English,2020-05-08,2024-06-14,IT Support,Ashly Mullen,2561,clare.english@bilearner.com,PL,Voluntarily Terminated,Full-Time,Zone C,Full-Time,IT/IS,IT Operations,1992-04-20,MA,Female,US-MA-01,Hispanic,Married,PIP,1
3860,Amy,Sherman,2018-01-27,2021-02-04,IT Support,Maximilian Williamson,2523,amy.sherman@bilearner.com,NEL,Terminated for Cause,Full-Time,Zone C,Full-Time,IT/IS,IT Operations,1996-01-04,MA,Female,US-MA-02,Asian,Single,Fully Meets,3
3861,Lizbeth,Hunt,2011-10-31,,Sr. Network Engineer,Odin Key,2545,lizbeth.hunt@bilearner.com,PL,Active,Contract,Zone B,Temporary,IT/IS,IT Infrastructure,1965-02-25,MA,Male,US-MA-03,Other,Widowed,PIP,1
3862,Eden,Armstrong,2001-03-06,,Sr. Network Engineer,Marlon Stanton,2304,eden.armstrong@bilearner.com,BPC,Leave of Absence,Contract,Zone A,Temporary,IT/IS,IT Infrastructure,1981-05-19,CT,Male,US-CT-03,White,Married,PIP,1
3863,Eugene,Mueller,2022-04-26,,Principal Data Architect,Deven Huff,2546,eugene.mueller@bilearner.com,CCDR,Active,Full-Time,Zone A,Full-Time,IT/IS,Data Architecture,1972-03-19,MA,Female,US-MA-01,Other,Single,PIP,1
3864,Tiffany,Washington,2007-02-04,,Enterprise Architect,Carla Willis,2251,tiffany.washington@bilearner.com,SVG,Leave of Absence,Full-Time,Zone A,Full-Time,IT/IS,Data Architecture,1969-04-27,MA,Female,US-MA-02,Other,Married,Needs Improvement,1
3865,Sloane,Moss,2021-10-07,2022-09-24,Network Engineer,Odin Key,2545,sloane.moss@bilearner.com,MSC,Terminated for Cause,Full-Time,Zone B,Full-Time,IT/IS,IT Infrastructure,1963-10-03,MA,Male,US-MA-03,Asian,Single,Needs Improvement,2
3866,Kaeden,Vargas,2019-01-17,2024-12-09,Network Engineer,Kane Mcfarland,2230,kaeden.vargas@bilearner.com,TNS,Retired,Full-Time,Zone B,Full-Time,IT/IS,IT Infrastructure,1959-11-09,MA,Male,US-MA-01,Other,Divorced,Fully Meets,3
3867,Lena,Sandoval,2021-03-11,,Network Engineer,Jason Foss,2480,lena.sandoval@bilearner.com,PYZ,Active,Full-Time,Zone B,Full-Time,IT/IS,IT Infrastructure,1986-10-21,MA,Male,US-MA-02,Other,Widowed,Fully Meets,3
3868,Adrien,Olsen,2017-05-22,,Network Engineer,Chandler Reynolds,2533,adrien.olsen@bilearner.com,WBL,Active,Full-Time,Zone B,Full-Time,IT/IS,IT Infrastructure,1960-04-26,MA,Male,US-MA-03,Hispanic,Widowed,Fully Meets,3
3869,Damari,Brewer,2001-05-20,2002-01-25,IT Support,Axel Howe,3456,damari.brewer@bilearner.com,NEL,Voluntarily Terminated,Full-Time,Zone C,Full-Time,IT/IS,IT Operations,1977-06-10,MA,Male,US-MA-01,Hispanic,Divorced,Fully Meets,3
3870,Annalise,Gross,2025-01-23,2025-09-12,IT Support,Ashly Mullen,2561,annalise.gross@bilearner.com,PL,Voluntarily Terminated,Full-Time,Zone C,Full-Time,IT/IS,IT Operations,1966-11-23,MA,Male,US-MA-02,Asian,Single,Fully Meets,3
3871,Kamari,Mcgrath,2024-05-17,,IT Support,Deven Huff,2546,kamari.mcgrath@bilearner.com,BPC,Active,Full-Time,Zone C,Full-Time,IT/IS,IT Operations,1971-06-05,MA,Female,US-MA-03,White,Widowed,Fully Meets,4
3872,Lorena,Rice,2006-12-13,2007-10-28,IT Support,Eden Choi,2568,lorena.rice@bilearner.com,CCDR,Terminated for Cause,Part-Time,Zone C,Part-Time,IT/IS,IT Operations,1966-01-08,MA,Female,US-MA-01,Asian,Single,Fully Meets,4
3873,Eliezer,Stokes,2007-03-29,2008-04-11,Sr. Network Engineer,Carla Willis,2251,eliezer.stokes@bilearner.com,NEL,Terminated for Cause,Full-Time,Zone B,Full-Time,IT/IS,IT Infrastructure,1972-10-27,MA,Male,US-MA-02,Hispanic,Widowed,Fully Meets,3
3874,Aspen,Reyes,2009-01-07,,Sr. Network Engineer,Odin Key,2545,aspen.reyes@bilearner.com,PL,Active,Contract,Zone A,Temporary,IT/IS,IT Infrastructure,1989-12-15,CT,Male,US-CT-01,Hispanic,Married,Fully Meets,3
3875,Rudy,Richardson,2025-03-08,,Sr. Network Engineer,Kali Yates,2263,rudy.richardson@bilearner.com,BPC,Active,Part-Time,Zone B,Part-Time,IT/IS,IT Infrastructure,1969-08-23,CT,Male,US-CT-02,Asian,Divorced,Fully Meets,3
3876,Alana,Castro,2005-01-31,,Principal Data Architect,Carla Willis,2251,alana.castro@bilearner.com,CCDR,Active,Full-Time,Zone A,Full-Time,IT/IS,Data Architecture,1984-07-25,MA,Female,US-MA-03,Hispanic,Single,PIP,1
3877,Oscar,Lopez,2025-09-19,2026-01-04,Network Engineer,Isla Hawkins,2223,oscar.lopez@bilearner.com,MSC,Voluntarily Terminated,Full-Time,Zone B,Full-Time,IT/IS,IT Infrastructure,1976-01-21,MA,Male,US-MA-01,Asian,Single,PIP,1
3878,Carter,Cook,2006-09-28,2007-07-03,Network Engineer,Eden Choi,2568,carter.cook@bilearner.com,TNS,Voluntarily Terminated,Full-Time,Zone B,Full-Time,IT/IS,IT Infrastructure,1967-02-18,MA,Male,US-MA-02,Other,Divorced,Fully Meets,3
3879,Liam,Hanna,2023-07-08,2024-04-09,Network Engineer,Brian Champaigne,2484,liam.hanna@bilearner.com,PYZ,Voluntarily Terminated,Full-Time,Zone B,Full-Time,IT/IS,IT Infrastructure,1996-01-13,MA,Male,US-MA-03,Hispanic,Married,Fully Meets,3
3880,Zara,Pitts,2023-09-18,2026-03-29,Network Engineer,Vanessa Zuniga,2504,zara.pitts@bilearner.com,WBL,Voluntarily Terminated,Full-Time,Zone B,Full-Time,IT/IS,IT Infrastructure,1973-05-15,MA,Male,US-MA-01,Black,Single,Fully Meets,3
3881,Abby,Woodward,2006-12-30,,IT Support,Eden Choi,2568,abby.woodward@bilearner.com,NEL,Active,Full-Time,Zone A,Full-Time,IT/IS,IT Operations,1969-08-13,MA,Male,US-MA-02,Other,Divorced,Fully Meets,3
3882,Litzy,Esparza,2022-11-20,,IT Support,Jovan Giles,2232,litzy.esparza@bilearner.com,PL,Active,Full-Time,Zone C,Full-Time,IT/IS,IT Operations,1977-03-15,MA,Female,US-MA-03,Asian,Married,Fully Meets,3
3883,Noemi,Brewer,2004-02-12,2005-03-14,IT Support,Carla Willis,2251,noemi.brewer@bilearner.com,BPC,Voluntarily Terminated,Full-Time,Zone C,Full-Time,IT/IS,IT Operations,1967-04-18,MA,Female,US-MA-01,White,Widowed,Fully Meets,4
3884,Gilberto,Macdonald,2013-06-09,,IT Support,Hadley Nash,2224,gilberto.macdonald@bilearner.com,CCDR,Active,Full-Time,Zone B,Full-Time,IT/IS,IT Operations,1987-04-27,MA,Female,US-MA-02,Black,Widowed,Fully Meets,3
3885,Armando,Macias,2005-09-13,,Sr. Network Engineer,Peter Monroe,2483,armando.macias@bilearner.com,EW,Active,Full-Time,Zone A,Full-Time,IT/IS,IT Infrastructure,1964-11-24,CT,Female,US-CT-03,Black,Single,Fully Meets,3
3886,Britney,Kelly,2012-09-28,,Sr. Network Engineer,Kane Mcfarland,2230,britney.kelly@bilearner.com,MSC,Active,Full-Time,Zone B,Full-Time,IT/IS,IT Infrastructure,1977-12-06,CT,Male,US-CT-01,Other,Single,Fully Meets,4
3887,Emanuel,Haas,2017-05-05,,Sr. Network Engineer,Chandler Reynolds,2533,emanuel.haas@bilearner.com,NEL,Leave of Absence,Full-Time,Zone B,Full-Time,IT/IS,IT Infrastructure,1973-02-07,CT,Male,US-CT-02,White,Divorced,Exceeds,4
3888,Karlie,Drake,2022-08-09,,Principal Data Architect,Jaylyn Bruce,2216,karlie.drake@bilearner.com,PL,Leave of Absence,Full-Time,Zone A,Full-Time,IT/IS,Data Architecture,1987-06-20,MA,Female,US-MA-03,Other,Divorced,Fully Meets,3
3889,Myla,Mullen,2005-12-26,2007-08-19,Network Engineer,Peter Monroe,2483,myla.mullen@bilearner.com,TNS,Voluntarily Terminated,Full-Time,Zone B,Full-Time,IT/IS,IT Infrastructure,1982-10-15,MA,Male,US-MA-01,Black,Single,Fully Meets,3
3890,Alan,Holland,2020-09-24,2022-08-12,Network Engineer,Jovan Giles,2232,alan.holland@bilearner.com,WBL,Voluntarily Terminated,Full-Time,Zone B,Full-Time,IT/IS,IT Infrastructure,1999-08-20,MA,Male,US-MA-02,Asian,Divorced,Fully Meets,3
3891,Brooklynn,Greene,2013-08-14,,Network Engineer,Odin Key,2545,brooklynn.greene@bilearner.com,BPC,Active,Full-Time,Zone B,Full-Time,IT/IS,IT Infrastructure,1960-07-04,MA,Male,US-MA-03,Other,Single,Fully Meets,4
3892,Maxwell,Mcpherson,2015-05-26,,Network Engineer,Odin Key,2545,maxwell.mcpherson@bilearner.com,CCDR,Active,Contract,Zone B,Temporary,IT/IS,IT Infrastructure,1978-04-01,MA,Male,US-MA-01,Hispanic,Divorced,Fully Meets,3
3893,Lukas,Freeman,2022-07-15,2023-10-15,IT Support,Peter Monroe,2483,lukas.freeman@bilearner.com,EW,Voluntarily Terminated,Full-Time,Zone C,Full-Time,IT/IS,IT Operations,1967-10-03,MA,Female,US-MA-02,Asian,Married,Fully Meets,3
3894,Yesenia,Nielsen,2015-09-06,,IT Support,Peter Monroe,2483,yesenia.nielsen@bilearner.com,MSC,Active,Full-Time,Zone B,Full-Time,IT/IS,IT Operations,1959-03-02,MA,Female,US-MA-03,Black,Married,Fully Meets,3
3895,Myah,Marsh,2003-06-22,2004-10-08,IT Support,Carla Willis,2251,myah.marsh@bilearner.com,NEL,Terminated for Cause,Full-Time,Zone C,Full-Time,IT/IS,IT Operations,1943-05-16,MA,Female,US-MA-01,Other,Single,Fully Meets,3
3896,Korbin,Gilbert,2021-05-10,2021-07-23,IT Support,Brian Champaigne,2484,korbin.gilbert@bilearner.com,PL,Voluntarily Terminated,Full-Time,Zone C,Full-Time,IT/IS,IT Operations,1980-11-20,MA,Female,US-MA-02,Other,Widowed,Fully Meets,3
3897,Jenna,Maddox,2013-12-04,2023-02-08,Sr. Network Engineer,Carlos Mccoy,2274,jenna.maddox@bilearner.com,NEL,Retired,Full-Time,Zone B,Full-Time,IT/IS,IT Infrastructure,1956-03-31,CT,Female,US-CT-03,Black,Married,Fully Meets,3
3898,Anaya,Preston,2026-01-06,,Sr. Network Engineer,Odin Key,2545,anaya.preston@bilearner.com,PL,Leave of Absence,Full-Time,Zone B,Full-Time,IT/IS,IT Infrastructure,1994-09-20,CT,Male,US-CT-01,Asian,Single,Fully Meets,3
3899,Eugene,Pena,2022-01-01,,Sr. Network Engineer,Leo Cooper,2487,eugene.pena@bilearner.com,BPC,Leave of Absence,Full-Time,Zone B,Full-Time,IT/IS,IT Infrastructure,1994-03-16,CT,Female,US-CT-02,Other,Divorced,Fully Meets,4
3900,Abel,Baker,2019-05-17,,Principal Data Architect,Milo Jensen,2225,abel.baker@bilearner.com,CCDR,Active,Full-Time,Zone A,Full-Time,IT/IS,Data Architecture,1995-09-26,MA,Female,US-MA-03,Asian,Single,Fully Meets,3
3901,Deven,Merritt,2010-12-13,,Network Engineer,Eden Choi,2568,deven.merritt@bilearner.com,EW,Active,Full-Time,Zone A,Full-Time,IT/IS,IT Infrastructure,1988-02-05,MA,Male,US-MA-01,Hispanic,Single,Fully Meets,3
3902,Hadassah,Moran,2012-12-26,2014-08-02,Network Engineer,Eden Choi,2568,hadassah.moran@bilearner.com,MSC,Voluntarily Terminated,Full-Time,Zone B,Full-Time,IT/IS,IT Infrastructure,1964-06-02,MA,Male,US-MA-02,Black,Single,Fully Meets,3
3903,Hezekiah,Thompson,2007-10-14,,Network Engineer,Carla Willis,2251,hezekiah.thompson@bilearner.com,TNS,Active,Full-Time,Zone A,Full-Time,IT/IS,IT Infrastructure,1970-03-22,MA,Male,US-MA-03,Hispanic,Single,Fully Meets,3
3904,Quintin,Fry,2021-11-22,,Network Engineer,Isla Hawkins,2223,quintin.fry@bilearner.com,PYZ,Active,Full-Time,Zone B,Full-Time,IT/IS,IT Infrastructure,1970-03-03,MA,Male,US-MA-01,Asian,Widowed,Fully Meets,4
3905,Alayna,Hess,2020-03-03,2022-04-25,Network Engineer,Chandler Reynolds,2533,alayna.hess@bilearner.com,WBL,Retired,Contract,Zone B,Temporary,IT/IS,IT Infrastructure,1958-06-08,MA,Female,US-MA-02,Black,Widowed,Fully Meets,3
3906,Amaris,Miller,2009-10-14,,IT Support,Carla Willis,2251,amaris.miller@bilearner.com,NEL,Active,Full-Time,Zone A,Full-Time,IT/IS,IT Operations,1975-09-05,MA,Female,US-MA-03,Other,Married,Fully Meets,4
3907,Barrett,Wilcox,2007-11-11,,IT Support,Peter Monroe,2483,barrett.wilcox@bilearner.com,PL,Active,Full-Time,Zone A,Full-Time,IT/IS,IT Operations,1964-07-11,MA,Female,US-MA-01,White,Married,Fully Meets,3
3908,Kimberly,Watson,2015-07-24,2019-07-21,IT Support,Milo Jensen,2225,kimberly.watson@bilearner.com,BPC,Voluntarily Terminated,Full-Time,Zone C,Full-Time,IT/IS,IT Operations,1986-07-11,MA,Female,US-MA-02,Black,Married,Needs Improvement,2
3909,Rebecca,Park,2017-02-02,2021-04-21,IT Support,Kali Yates,2263,rebecca.park@bilearner.com,CCDR,Voluntarily Terminated,Full-Time,Zone C,Full-Time,IT/IS,IT Operations,1996-04-21,MA,Female,US-MA-03,Other,Married,Needs Improvement,2
3910,Caleb,Schneider,2016-09-03,2019-10-14,Sr. Network Engineer,Milo Jensen,2225,caleb.schneider@bilearner.com,WBL,Voluntarily Terminated,Full-Time,Zone B,Full-Time,IT/IS,IT Infrastructure,1997-02-22,MA,Female,US-MA-01,White,Widowed,Needs Improvement,1
3911,Vanessa,James,2007-03-26,,Sr. Network Engineer,Eden Choi,2568,vanessa.james@bilearner.com,NEL,Active,Full-Time,Zone A,Full-Time,IT/IS,IT Infrastructure,1979-09-11,CT,Male,US-CT-03,White,Widowed,Fully Meets,3
3912,Maribel,Copeland,2019-12-30,,Sr. Network Engineer,Jovan Giles,2232,maribel.copeland@bilearner.com,PL,Leave of Absence,Full-Time,Zone B,Full-Time,IT/IS,IT Infrastructure,1968-05-19,CT,Male,US-CT-01,Hispanic,Widowed,Needs Improvement,2
3913,Henry,Zimmerman,2010-10-01,,Sr. Network Engineer,Carla Willis,2251,henry.zimmerman@bilearner.com,BPC,Leave of Absence,Full-Time,Zone A,Full-Time,IT/IS,IT Infrastructure,1966-07-06,MA,Female,US-MA-02,White,Married,Fully Meets,3
3914,Nathanial,Booth,2012-09-26,2014-09-03,Network Engineer,Odin Key,2545,nathanial.booth@bilearner.com,SVG,Voluntarily Terminated,Full-Time,Zone B,Full-Time,IT/IS,IT Infrastructure,1958-07-22,MA,Male,US-MA-03,Other,Single,Exceeds,5
3915,Rhys,Barry,2013-09-12,,Network Engineer,Ashly Mullen,2561,rhys.barry@bilearner.com,TNS,Active,Full-Time,Zone B,Full-Time,IT/IS,IT Infrastructure,1991-05-03,MA,Male,US-MA-01,Other,Widowed,Fully Meets,3
3916,Jonas,Rowland,2025-11-18,,Network Engineer,Brian Champaigne,2484,jonas.rowland@bilearner.com,WBL,Active,Full-Time,Zone B,Full-Time,IT/IS,IT Infrastructure,1964-05-25,MA,Male,US-MA-02,Other,Widowed,Fully Meets,3
3917,Chris,Vincent,2013-08-01,2014-04-22,Network Engineer,Odin Key,2545,chris.vincent@bilearner.com,PYZ,Terminated for Cause,Full-Time,Zone B,Full-Time,IT/IS,IT Infrastructure,1993-04-11,MA,Female,US-MA-03,Black,Widowed,Exceeds,4
3918,Myah,Waller,2019-04-09,2022-05-07,Network Engineer,Carlos Mccoy,2274,myah.waller@bilearner.com,WBL,Voluntarily Terminated,Full-Time,Zone B,Full-Time,IT/IS,IT Infrastructure,1960-06-17,MA,Female,US-MA-01,Asian,Widowed,Fully Meets,3
3919,Yaritza,Sherman,2008-06-09,,IT Support,Maximilian Williamson,2523,yaritza.sherman@bilearner.com,NEL,Active,Full-Time,Zone A,Full-Time,IT/IS,IT Operations,1961-06-28,MA,Female,US-MA-02,Asian,Divorced,Fully Meets,3
3920,Haley,Weaver,2019-01-24,2023-11-17,IT Support,Carla Willis,2251,haley.weaver@bilearner.com,PL,Voluntarily Terminated,Contract,Zone C,Temporary,IT/IS,IT Operations,1961-11-04,MA,Female,US-MA-03,Other,Divorced,Fully Meets,3
3921,Alessandra,Lee,2023-03-27,2024-04-02,IT Support,Peter Monroe,2483,alessandra.lee@bilearner.com,BPC,Voluntarily Terminated,Contract,Zone C,Temporary,IT/IS,IT Operations,1963-12-25,MA,Female,US-MA-01,Other,Married,Fully Meets,4
3922,Kaitlin,Hickman,2019-12-24,,IT Support,Kane Mcfarland,2230,kaitlin.hickman@bilearner.com,CCDR,Active,Full-Time,Zone C,Full-Time,IT/IS,IT Operations,1996-10-04,MA,Female,US-MA-02,White,Widowed,Fully Meets,4
3923,Giancarlo,Juarez,2013-07-18,2016-09-10,Sr. Network Engineer,Chandler Reynolds,2533,giancarlo.juarez@bilearner.com,WBL,Retired,Contract,Zone B,Temporary,IT/IS,IT Infrastructure,1955-03-16,MA,Female,US-MA-03,Hispanic,Single,Exceeds,4
3924,Walter,Zuniga,2007-08-20,,Sr. Network Engineer,Carla Willis,2251,walter.zuniga@bilearner.com,NEL,Active,Full-Time,Zone A,Full-Time,IT/IS,IT Infrastructure,1964-03-28,CT,Male,US-CT-02,Other,Widowed,Fully Meets,4
3925,Anna,Jordan,2022-06-10,,Sr. Network Engineer,Kenna Porter,1661,anna.jordan@bilearner.com,PL,Leave of Absence,Full-Time,Zone B,Full-Time,IT/IS,IT Infrastructure,1960-10-15,MA,Male,US-MA-01,Hispanic,Widowed,Fully Meets,4
3926,Jeffery,Gamble,2006-04-21,,Sr. Network Engineer,Eden Choi,2568,jeffery.gamble@bilearner.com,BPC,Active,Full-Time,Zone A,Full-Time,IT/IS,IT Infrastructure,1974-05-29,MA,Female,US-MA-02,Hispanic,Single,Needs Improvement,1
3927,Misael,Hunter,2016-02-02,2017-02-27,Network Engineer,Maximilian Williamson,2523,misael.hunter@bilearner.com,SVG,Voluntarily Terminated,Full-Time,Zone B,Full-Time,IT/IS,IT Infrastructure,1982-10-12,MA,Male,US-MA-03,Other,Single,Fully Meets,3
3928,Audrina,Yu,2004-04-14,2010-12-01,Network Engineer,Carla Willis,2251,audrina.yu@bilearner.com,TNS,Terminated for Cause,Full-Time,Zone B,Full-Time,IT/IS,IT Infrastructure,1956-07-11,MA,Male,US-MA-01,White,Widowed,Fully Meets,4
3929,Jeramiah,Foster,2009-07-29,2011-09-15,Network Engineer,Eden Choi,2568,jeramiah.foster@bilearner.com,WBL,Voluntarily Terminated,Full-Time,Zone B,Full-Time,IT/IS,IT Infrastructure,1977-04-20,MA,Female,US-MA-02,Asian,Married,Fully Meets,4
3930,Bruce,Wallace,2012-03-04,,Network Engineer,Kane Mcfarland,2230,bruce.wallace@bilearner.com,BPC,Active,Contract,Zone B,Temporary,IT/IS,IT Infrastructure,1984-04-09,MA,Female,US-MA-03,Asian,Married,Fully Meets,3
3931,Giovani,Nelson,2010-10-23,,Network Engineer,Odin Key,2545,giovani.nelson@bilearner.com,CCDR,Active,Contract,Zone A,Temporary,IT/IS,IT Infrastructure,1960-06-26,MA,Male,US-MA-01,Black,Widowed,Fully Meets,3
3932,Ari,Anthony,2006-01-07,,IT Support,Eden Choi,2568,ari.anthony@bilearner.com,EW,Active,Full-Time,Zone A,Full-Time,IT/IS,IT Operations,1965-04-21,MA,Female,US-MA-02,Black,Single,Fully Meets,3
3933,Laylah,Branch,2023-10-09,,IT Support,Deven Huff,2546,laylah.branch@bilearner.com,MSC,Active,Full-Time,Zone C,Full-Time,IT/IS,IT Operations,1967-08-21,MA,Female,US-MA-03,White,Married,Fully Meets,4
3934,Alanna,Mullins,2022-02-20,2024-03-04,IT Support,Kali Yates,2263,alanna.mullins@bilearner.com,NEL,Voluntarily Terminated,Contract,Zone C,Temporary,IT/IS,IT Operations,1979-01-03,MA,Female,US-MA-01,Asian,Widowed,Fully Meets,3
3935,Arjun,Tyler,2003-07-08,,IT Support,Carla Willis,2251,arjun.tyler@bilearner.com,PL,Active,Contract,Zone A,Temporary,IT/IS,IT Operations,1969-02-26,MA,Male,US-MA-02,White,Widowed,Fully Meets,3
3936,Donald,Favis,2013-04-22,2019-04-29,Enterprise Architect,Carla Willis,2251,donald.favis@bilearner.com,MSC,Terminated for Cause,Full-Time,Zone B,Full-Time,IT/IS,Data Architecture,1976-01-23,CT,Male,US-CT-03,Other,Widowed,Fully Meets,4
3937,Daniff,Hernandez,2019-06-28,,Database Administrator,Vanessa Zuniga,2504,daniff.hernandez@bilearner.com,EW,Active,Full-Time,Zone C,Full-Time,IT/IS,Database & Data Platform,1964-03-27,MA,Male,US-MA-03,White,Widowed,Fully Meets,3
3938,Lori,Roby,2017-11-02,,Data Analyst,Kenna Porter,1661,lori.roby@bilearner.com,BPC,Active,Full-Time,Zone B,Full-Time,IT/IS,Data & Analytics,1976-09-10,MA,Female,US-MA-01,Hispanic,Married,Fully Meets,4
3939,Thomas,Murray,2018-08-29,,Data Analyst,Jason Foss,2480,thomas.murray@bilearner.com,CCDR,Active,Part-Time,Zone B,Part-Time,IT/IS,Data & Analytics,1992-09-04,TX,Male,US-TX-03,Black,Married,Fully Meets,4
3940,Karthikeyan,Ait Sidi,2013-08-12,,Sr. DBA,Peter Monroe,2483,karthikeyan.ait sidi@bilearner.com,EW,Active,Contract,Zone B,Temporary,IT/IS,Database & Data Platform,1958-08-09,MA,Male,US-MA-02,Other,Divorced,Fully Meets,3
3941,Ivan,Rogers,2007-07-15,,Data Analyst,Eden Choi,2568,ivan.rogers@bilearner.com,BPC,Active,Full-Time,Zone A,Full-Time,IT/IS,Data & Analytics,1985-08-30,MA,Male,US-MA-03,White,Married,Fully Meets,3
3942,Bianca,Roehrich,2014-10-11,2017-06-01,Principal Data Architect,Kane Mcfarland,2230,bianca.roehrich@bilearner.com,PYZ,Retired,Full-Time,Zone A,Full-Time,IT/IS,Data Architecture,1951-09-04,MA,Female,US-MA-01,Asian,Married,PIP,1
3943,Jason,Salter,2025-09-02,2026-05-05,Data Analyst,Isla Hawkins,2223,jason.salter@bilearner.com,NEL,Voluntarily Terminated,Contract,Zone B,Temporary,IT/IS,Data & Analytics,1971-08-04,MA,Male,US-MA-02,Black,Single,Fully Meets,3
3944,Julia,Zhou,2005-06-27,,Data Analyst,Carla Willis,2251,julia.zhou@bilearner.com,SVG,Active,Full-Time,Zone A,Full-Time,IT/IS,Data & Analytics,1975-11-26,MA,Female,US-MA-03,White,Single,Fully Meets,3
3945,Thelma,Petrowsky,2016-09-17,,Data Analyst,Carlos Mccoy,2274,thelma.petrowsky@bilearner.com,MSC,Active,Part-Time,Zone B,Part-Time,IT/IS,Data & Analytics,1998-03-23,MA,Female,US-MA-01,Black,Single,PIP,1
3946,Jayne,Horton,2025-12-05,,Database Administrator,Jason Foss,2480,jayne.horton@bilearner.com,NEL,Active,Full-Time,Zone C,Full-Time,IT/IS,Database & Data Platform,1957-07-20,MA,Female,US-MA-02,White,Married,Fully Meets,3
3947,Renee,Becker,2006-09-13,2007-07-22,Database Administrator,Eden Choi,2568,renee.becker@bilearner.com,EW,Terminated for Cause,Part-Time,Zone C,Part-Time,IT/IS,Database & Data Platform,1972-06-05,MA,Female,US-MA-03,Hispanic,Married,Fully Meets,4
3948,Randall,Pearson,2001-08-04,2003-10-29,Data Analyst,Marlon Stanton,2304,randall.pearson@bilearner.com,MSC,Retired,Full-Time,Zone B,Full-Time,IT/IS,Data & Analytics,1943-10-29,MA,Male,US-MA-01,Hispanic,Married,Fully Meets,3
3949,Claudia N,Carr,2015-06-19,2016-12-09,Sr. DBA,Kenna Porter,1661,claudia n.carr@bilearner.com,SVG,Voluntarily Terminated,Contract,Zone B,Temporary,IT/IS,Database & Data Platform,1991-03-17,MA,Female,US-MA-02,White,Single,Fully Meets,3
3950,Noelle,Johnson,2005-02-12,,Database Administrator,Carla Willis,2251,noelle.johnson@bilearner.com,CCDR,Active,Full-Time,Zone A,Full-Time,IT/IS,Database & Data Platform,1967-09-27,MA,Female,US-MA-03,Hispanic,Widowed,Fully Meets,3
3951,Taisha,Goble,2007-11-03,2011-05-17,Database Administrator,Carla Willis,2251,taisha.goble@bilearner.com,MSC,Terminated for Cause,Full-Time,Zone C,Full-Time,IT/IS,Database & Data Platform,1961-09-07,MA,Female,US-MA-01,Asian,Divorced,Fully Meets,4
3952,Kramer,Simard,2025-10-26,,Data Analyst,Ricardo Ruiz,2486,kramer.simard@bilearner.com,EW,Active,Full-Time,Zone B,Full-Time,IT/IS,Data & Analytics,1987-08-03,MA,Male,US-MA-02,Black,Single,Fully Meets,3
3953,Mark,Griffith,2021-08-08,,Data Analyst,Chandler Reynolds,2533,mark.griffith@bilearner.com,BPC,Active,Full-Time,Zone B,Full-Time,IT/IS,Data & Analytics,1965-02-22,MA,Female,US-MA-03,White,Married,Fully Meets,3
3954,Denisse,Hayes,2011-05-23,,Database Administrator,Kane Mcfarland,2230,denisse.hayes@bilearner.com,CCDR,Active,Full-Time,Zone A,Full-Time,IT/IS,Database & Data Platform,1972-11-17,MA,Female,US-MA-01,Hispanic,Married,Fully Meets,3
3955,Draven,Giles,2006-03-05,2006-12-11,Database Administrator,Peter Monroe,2483,draven.giles@bilearner.com,SVG,Voluntarily Terminated,Full-Time,Zone C,Full-Time,IT/IS,Database & Data Platform,1955-06-22,MA,Female,US-MA-02,Hispanic,Married,Fully Meets,3
3956,Aliana,Shaw,2003-12-25,2004-11-07,Database Administrator,Carla Willis,2251,aliana.shaw@bilearner.com,EW,Retired,Full-Time,Zone C,Full-Time,IT/IS,Database & Data Platform,1941-04-10,TX,Female,US-TX-01,Black,Widowed,Fully Meets,3
3957,Makaila,Nixon,2015-10-22,,Database Administrator,Simon Roup,2481,makaila.nixon@bilearner.com,MSC,Active,Full-Time,Zone B,Full-Time,IT/IS,Database & Data Platform,1991-01-02,TX,Female,US-TX-02,Other,Divorced,Fully Meets,4
3958,Mohammed,Orr,2013-04-24,,Database Administrator,Vanessa Zuniga,2504,mohammed.orr@bilearner.com,TNS,Active,Contract,Zone B,Temporary,IT/IS,Database & Data Platform,1974-09-18,TX,Female,US-TX-03,Hispanic,Married,PIP,1
3959,Braylen,Mendoza,2026-04-13,2026-05-16,Data Architect,Monica Pham,2244,braylen.mendoza@bilearner.com,PYZ,Terminated for Cause,Full-Time,Zone B,Full-Time,IT/IS,Data Architecture,1988-08-20,TX,Male,US-TX-01,Hispanic,Single,Fully Meets,3
3960,Andreas,Torres,2026-01-04,,CIO,Marlon Stanton,2304,andreas.torres@bilearner.com,WBL,Active,Full-Time,Zone A,Full-Time,Executive Office,Technology Leadership,1990-07-24,TX,Male,US-TX-02,White,Married,Fully Meets,4
3961,Maddison,Perez,2019-11-25,,BI Director,Simon Roup,2481,maddison.perez@bilearner.com,NEL,Active,Full-Time,Zone A,Full-Time,IT/IS,Data & Analytics,1978-06-19,MA,Male,US-MA-03,Black,Divorced,Fully Meets,3
3962,Charlize,Wagner,2020-12-28,,Sr. DBA,Carlos Mccoy,2274,charlize.wagner@bilearner.com,MSC,Active,Full-Time,Zone B,Full-Time,IT/IS,Database & Data Platform,1990-11-18,MA,Female,US-MA-01,Hispanic,Divorced,Fully Meets,3
3963,Micah,Pace,2017-04-28,,Sr. Accountant,Abdullah Frederick,1080,micah.pace@bilearner.com,TNS,Active,Full-Time,Zone B,Full-Time,Admin Offices,Finance & Accounting,1998-05-19,MA,Female,US-MA-02,Black,Widowed,Fully Meets,4
3964,Marlee,Stevens,2006-01-12,2008-10-14,Sr. Accountant,Isai Alvarado,1061,marlee.stevens@bilearner.com,PYZ,Voluntarily Terminated,Full-Time,Zone B,Full-Time,Admin Offices,Finance & Accounting,1950-07-06,MA,Male,US-MA-03,Black,Single,Exceeds,4
3965,Precious,Roth,2014-01-27,,Software Engineering Manager,Elisabeth Bradley,2566,precious.roth@bilearner.com,WBL,Active,Full-Time,Zone B,Full-Time,Software Engineering,Software Engineering,1971-10-19,MA,Female,US-MA-01,Other,Married,Fully Meets,3
3966,Konner,Villegas,2010-03-20,2012-01-19,Software Engineer,Marlon Ford,3532,konner.villegas@bilearner.com,NEL,Terminated for Cause,Full-Time,Zone B,Full-Time,Software Engineering,Software Engineering,1978-04-28,MA,Female,US-MA-02,Black,Single,Fully Meets,3
3967,Anastasia,Gillespie,2003-09-21,2005-04-19,Data Analyst,Carla Willis,2251,anastasia.gillespie@bilearner.com,MSC,Voluntarily Terminated,Full-Time,Zone B,Full-Time,IT/IS,Data & Analytics,1955-07-19,MA,Female,US-MA-03,Black,Married,Fully Meets,3
3968,Emely,Rice,2016-10-04,,Data Analyst,Isla Hawkins,2223,emely.rice@bilearner.com,NEL,Active,Full-Time,Zone B,Full-Time,IT/IS,Data & Analytics,1967-07-14,MA,Female,US-MA-01,Other,Married,Fully Meets,4
3969,Lewis,Nixon,2016-01-13,,Database Administrator,Ashly Mullen,2561,lewis.nixon@bilearner.com,PL,Active,Full-Time,Zone B,Full-Time,IT/IS,Database & Data Platform,1966-06-18,MA,Female,US-MA-02,Asian,Divorced,Exceeds,4
3970,Macy,Webster,2010-11-21,2012-06-29,Database Administrator,Peter Monroe,2483,macy.webster@bilearner.com,PYZ,Voluntarily Terminated,Full-Time,Zone C,Full-Time,IT/IS,Database & Data Platform,1950-11-08,MA,Female,US-MA-03,Other,Married,Exceeds,5
3971,Ciara,Acevedo,2016-10-04,,Database Administrator,Carla Willis,2251,ciara.acevedo@bilearner.com,SVG,Active,Full-Time,Zone C,Full-Time,IT/IS,Database & Data Platform,1958-10-31,TX,Female,US-TX-03,Other,Widowed,Fully Meets,3
3972,Eleanor,Patton,2003-03-17,,Database Administrator,Carla Willis,2251,eleanor.patton@bilearner.com,TNS,Active,Full-Time,Zone A,Full-Time,IT/IS,Database & Data Platform,1977-12-31,TX,Female,US-TX-01,Black,Divorced,Fully Meets,3
3973,Brooklyn,Tanner,2022-01-31,2024-06-30,Database Administrator,Ricardo Ruiz,2486,brooklyn.tanner@bilearner.com,WBL,Terminated for Cause,Full-Time,Zone C,Full-Time,IT/IS,Database & Data Platform,1973-05-22,TX,Female,US-TX-02,Hispanic,Single,Exceeds,4
3974,Zander,Franco,2020-09-11,2022-12-06,Data Architect,Kali Yates,2263,zander.franco@bilearner.com,BPC,Terminated for Cause,Full-Time,Zone B,Full-Time,IT/IS,Data Architecture,1986-01-07,TX,Male,US-TX-03,Other,Married,Exceeds,5
3975,Kianna,Rhodes,2002-03-01,2002-07-07,CIO,Marlon Stanton,2304,kianna.rhodes@bilearner.com,CCDR,Terminated for Cause,Full-Time,Zone A,Full-Time,Executive Office,Technology Leadership,1947-01-10,TX,Male,US-TX-01,Asian,Single,Fully Meets,3
3976,Kinsley,Braun,2024-02-04,,Sr. DBA,Hadley Nash,2224,kinsley.braun@bilearner.com,MSC,Active,Full-Time,Zone B,Full-Time,IT/IS,Database & Data Platform,1991-11-17,MA,Female,US-MA-01,White,Divorced,Fully Meets,3
3977,Gordon,Wu,2021-05-04,,Sr. Accountant,Brandon R LeBlanc,2289,gordon.wu@bilearner.com,TNS,Active,Full-Time,Zone B,Full-Time,Admin Offices,Finance & Accounting,1986-09-22,MA,Female,US-MA-02,Black,Divorced,Fully Meets,3
3978,Maryjane,Cross,2018-01-06,,Sr. Accountant,Taylor Gamble,1090,maryjane.cross@bilearner.com,PYZ,Active,Part-Time,Zone B,Part-Time,Admin Offices,Finance & Accounting,1980-04-26,MA,Male,US-MA-03,Asian,Widowed,Fully Meets,3
3979,Peyton,Phelps,2024-11-22,2026-06-10,Software Engineering Manager,Precious Roth,3965,peyton.phelps@bilearner.com,WBL,Voluntarily Terminated,Full-Time,Zone B,Full-Time,Software Engineering,Software Engineering,1967-10-30,MA,Female,US-MA-01,Black,Married,Fully Meets,3
3980,Carmen,Atkins,2022-04-09,,Data Analyst,Odin Key,2545,carmen.atkins@bilearner.com,PL,Active,Full-Time,Zone B,Full-Time,IT/IS,Data & Analytics,1975-12-02,MA,Female,US-MA-02,White,Married,Exceeds,5
3981,Kiara,Fox,2024-09-05,2025-11-03,Data Analyst,Simon Roup,2481,kiara.fox@bilearner.com,BPC,Retired,Full-Time,Zone B,Full-Time,IT/IS,Data & Analytics,1960-02-07,MA,Female,US-MA-03,Black,Divorced,Fully Meets,4
3982,Yair,Jennings,2026-01-25,,Database Administrator,Brian Champaigne,2484,yair.jennings@bilearner.com,CCDR,Active,Full-Time,Zone C,Full-Time,IT/IS,Database & Data Platform,1961-05-13,MA,Female,US-MA-01,Other,Married,Needs Improvement,2
3983,Kaylie,Velazquez,2002-06-26,,Database Administrator,Axel Howe,3456,kaylie.velazquez@bilearner.com,SVG,Active,Full-Time,Zone A,Full-Time,IT/IS,Database & Data Platform,1964-04-12,MA,Female,US-MA-02,Hispanic,Married,Exceeds,5
3984,Christine,Skinner,2023-01-11,2024-05-15,Database Administrator,Hadley Nash,2224,christine.skinner@bilearner.com,EW,Voluntarily Terminated,Contract,Zone C,Temporary,IT/IS,Database & Data Platform,1963-07-23,TX,Female,US-TX-02,Hispanic,Single,Fully Meets,3
3985,Zayne,Mccullough,2015-09-18,2017-04-05,Database Administrator,Leo Cooper,2487,zayne.mccullough@bilearner.com,MSC,Terminated for Cause,Full-Time,Zone C,Full-Time,IT/IS,Database & Data Platform,1992-01-18,TX,Male,US-TX-03,White,Widowed,Fully Meets,4
3986,Dennis,Key,2003-01-12,,Database Administrator,Carla Willis,2251,dennis.key@bilearner.com,TNS,Active,Contract,Zone A,Temporary,IT/IS,Database & Data Platform,1972-11-27,TX,Female,US-TX-01,Hispanic,Married,Fully Meets,3
3987,Aydan,Benjamin,2020-03-16,2021-04-02,Data Architect,Kenna Porter,1661,aydan.benjamin@bilearner.com,PYZ,Terminated for Cause,Full-Time,Zone B,Full-Time,IT/IS,Data Architecture,1982-05-03,TX,Male,US-TX-02,Other,Widowed,Exceeds,5
3988,Kenzie,Mullins,2006-02-16,,Sr. DBA,Peter Monroe,2483,kenzie.mullins@bilearner.com,SVG,Leave of Absence,Full-Time,Zone A,Full-Time,IT/IS,Database & Data Platform,1981-06-17,MA,Female,US-MA-03,White,Widowed,Fully Meets,4
3989,Asa,Pham,2008-09-30,,Sr. DBA,Odin Key,2545,asa.pham@bilearner.com,TNS,Active,Full-Time,Zone A,Full-Time,IT/IS,Database & Data Platform,1966-09-29,MA,Female,US-MA-01,Asian,Widowed,Fully Meets,3
3990,Damarion,Schneider,2006-04-03,2008-05-28,Sr. Accountant,Isai Alvarado,1061,damarion.schneider@bilearner.com,WBL,Voluntarily Terminated,Full-Time,Zone B,Full-Time,Admin Offices,Finance & Accounting,1956-12-18,MA,Male,US-MA-02,White,Divorced,Fully Meets,3
3991,Talan,Rodgers,2020-03-07,,Sr. Accountant,Shyanne Stark,1044,talan.rodgers@bilearner.com,BPC,Active,Contract,Zone B,Temporary,Admin Offices,Finance & Accounting,1974-03-09,MA,Male,US-MA-03,Black,Single,Fully Meets,3
3992,Evelin,Snow,2015-10-04,2020-02-02,Data Analyst,Kali Yates,2263,evelin.snow@bilearner.com,SVG,Voluntarily Terminated,Full-Time,Zone B,Full-Time,IT/IS,Data & Analytics,1961-12-28,MA,Male,US-MA-01,Black,Married,Fully Meets,3
3993,Sienna,Preston,2012-03-17,,Data Analyst,Maximilian Williamson,2523,sienna.preston@bilearner.com,PYZ,Active,Full-Time,Zone B,Full-Time,IT/IS,Data & Analytics,1970-03-02,MA,Female,US-MA-02,Asian,Married,Fully Meets,4
3994,Taylor,Dennis,2025-12-04,,Data Analyst,Peter Monroe,2483,taylor.dennis@bilearner.com,PL,Active,Full-Time,Zone B,Full-Time,IT/IS,Data & Analytics,1987-02-08,MA,Female,US-MA-03,Asian,Single,Fully Meets,3
3995,Cortez,Murillo,2018-07-10,2025-07-11,Database Administrator,Milo Jensen,2225,cortez.murillo@bilearner.com,NEL,Retired,Contract,Zone C,Temporary,IT/IS,Database & Data Platform,1959-09-14,MA,Female,US-MA-01,Black,Widowed,Exceeds,4
3996,Leonel,Combs,2009-09-21,,Database Administrator,Kane Mcfarland,2230,leonel.combs@bilearner.com,MSC,Active,Full-Time,Zone A,Full-Time,IT/IS,Database & Data Platform,1962-09-09,MA,Female,US-MA-02,White,Widowed,Fully Meets,4
3997,Carmen,Frost,2007-08-19,,Database Administrator,Peter Monroe,2483,carmen.frost@bilearner.com,EW,Active,Full-Time,Zone A,Full-Time,IT/IS,Database & Data Platform,1962-09-17,TX,Male,US-TX-03,Black,Single,Needs Improvement,2
3998,Ace,Krause,2009-05-14,2021-02-18,Database Administrator,Peter Monroe,2483,ace.krause@bilearner.com,CCDR,Terminated for Cause,Full-Time,Zone B,Full-Time,IT/IS,Database & Data Platform,1971-01-22,TX,Female,US-TX-01,Other,Married,Fully Meets,4
3999,Reuben,Davila,2009-08-09,2012-06-06,Database Administrator,Eden Choi,2568,reuben.davila@bilearner.com,BPC,Terminated for Cause,Contract,Zone C,Temporary,IT/IS,Database & Data Platform,1960-10-16,TX,Male,US-TX-02,Asian,Single,Exceeds,4
4000,Angelique,Mann,2023-07-13,2024-06-17,Data Architect,Vanessa Zuniga,2504,angelique.mann@bilearner.com,PYZ,Retired,Full-Time,Zone B,Full-Time,IT/IS,Data Architecture,1960-03-31,TX,Male,US-TX-03,Black,Divorced,Fully Meets,4
1001,Susan,Exantus,2009-11-04,,Software Engineer,Kane Mcfarland,2230,susan.exantus@bilearner.com,BPC,Active,Part-Time,Zone A,Part-Time,Software Engineering,Software Engineering,1957-09-21,MA,Female,US-MA-03,Black,Married,Fully Meets,3
1002,Sandra,Martin,2017-02-01,2023-09-14,Software Engineer,Elisabeth Bradley,2566,sandra.martin@bilearner.com,NEL,Retired,Full-Time,Zone B,Full-Time,Software Engineering,Software Engineering,1956-02-04,MA,Female,US-MA-01,Asian,Widowed,Fully Meets,3
1003,Keyla,Del Bosque,2006-10-07,2008-02-01,Software Engineer,Ariana Strickland,2294,keyla.del bosque@bilearner.com,WBL,Voluntarily Terminated,Full-Time,Zone B,Full-Time,Software Engineering,Software Engineering,1973-11-23,MA,Female,US-MA-02,White,Married,Fully Meets,3
1004,Andrew,Szabo,2020-07-17,2021-08-15,Software Engineer,Amiyah Sims,1341,andrew.szabo@bilearner.com,PYZ,Retired,Full-Time,Zone B,Full-Time,Software Engineering,Software Engineering,1957-01-27,MA,Male,US-MA-03,Black,Single,Fully Meets,3
1005,Luke,Patronick,2006-03-08,,Software Engineer,Terrell Guerra,2395,luke.patronick@bilearner.com,SVG,Active,Full-Time,Zone A,Full-Time,Software Engineering,Software Engineering,1970-07-28,MA,Male,US-MA-01,Black,Divorced,Fully Meets,3
1006,Colby,Andreola,2010-12-24,2014-11-26,Software Engineer,Elisabeth Bradley,2566,colby.andreola@bilearner.com,MSC,Voluntarily Terminated,Full-Time,Zone B,Full-Time,Software Engineering,Software Engineering,1959-02-19,MA,Female,US-MA-02,White,Widowed,Fully Meets,4
1007,Edward,TRUE,2020-05-25,2026-05-01,Software Engineer,Amiyah Sims,1341,edward.true@bilearner.com,SVG,Voluntarily Terminated,Full-Time,Zone B,Full-Time,Software Engineering,Software Engineering,2000-03-18,MA,Male,US-MA-03,Black,Widowed,Fully Meets,3
1008,Judith,Carabbio,2026-02-13,2026-05-23,Software Engineer,Elisabeth Bradley,2566,judith.carabbio@bilearner.com,BPC,Voluntarily Terminated,Full-Time,Zone B,Full-Time,Software Engineering,Software Engineering,1981-12-21,MA,Female,US-MA-01,Hispanic,Married,Fully Meets,3
1009,Adell,Saada,2010-04-25,2018-04-04,Software Engineer,Ariel Cervantes,2322,adell.saada@bilearner.com,NEL,Voluntarily Terminated,Full-Time,Zone B,Full-Time,Software Engineering,Software Engineering,1987-03-01,MA,Female,US-MA-02,Other,Single,Fully Meets,3
1010,Kamari,Hunter,2004-03-26,2004-10-16,Software Engineer,David Kirk,2729,kamari.hunter@bilearner.com,EW,Voluntarily Terminated,Full-Time,Zone B,Full-Time,Software Engineering,Software Engineering,1945-05-19,MA,Male,US-MA-03,Hispanic,Divorced,Fully Meets,3
1011,Sarah,Malone,2018-12-01,2022-06-17,Software Engineer,Elisabeth Bradley,2566,sarah.malone@bilearner.com,MSC,Voluntarily Terminated,Full-Time,Zone B,Full-Time,Software Engineering,Software Engineering,1993-04-04,MA,Male,US-MA-01,Hispanic,Married,Fully Meets,3
1012,Skyler,Blackwell,2008-06-18,2009-09-07,Software Engineer,Eden Choi,2568,skyler.blackwell@bilearner.com,TNS,Voluntarily Terminated,Full-Time,Zone B,Full-Time,Software Engineering,Software Engineering,1978-10-03,MA,Male,US-MA-02,White,Single,Fully Meets,3
1013,Jasmin,Shah,2008-06-21,,Software Engineer,Trey Johnston,2506,jasmin.shah@bilearner.com,PYZ,Active,Full-Time,Zone A,Full-Time,Software Engineering,Software Engineering,1974-11-19,MA,Male,US-MA-03,Asian,Single,Fully Meets,3
1014,Kole,Quinn,2025-05-01,2026-01-23,Shared Services Manager,Tucker Haas,2461,kole.quinn@bilearner.com,WBL,Voluntarily Terminated,Full-Time,Zone B,Full-Time,Admin Offices,Corporate Services,2003-06-05,MA,Male,US-MA-01,Other,Single,Fully Meets,3
1015,Ansley,Jackson,2025-05-11,,Shared Services Manager,Isai Alvarado,1061,ansley.jackson@bilearner.com,NEL,Active,Full-Time,Zone B,Full-Time,Admin Offices,Corporate Services,1961-12-04,MA,Female,US-MA-02,White,Married,Fully Meets,3
1016,Jayda,Reese,2014-08-05,2018-03-25,Senior BI Developer,Chandler Reynolds,2533,jayda.reese@bilearner.com,PL,Terminated for Cause,Full-Time,Zone B,Full-Time,IT/IS,Data & Analytics,1956-03-08,MA,Female,US-MA-03,White,Single,Fully Meets,3
1017,Julien,Whitehead,2026-01-31,2026-05-24,Senior BI Developer,Deven Huff,2546,julien.whitehead@bilearner.com,BPC,Voluntarily Terminated,Contract,Zone B,Temporary,IT/IS,Data & Analytics,2000-11-07,MA,Female,US-MA-01,Black,Single,Fully Meets,4
1018,Alan,Haynes,2019-04-13,2025-02-24,Senior BI Developer,Vanessa Zuniga,2504,alan.haynes@bilearner.com,CCDR,Voluntarily Terminated,Full-Time,Zone B,Full-Time,IT/IS,Data & Analytics,1995-08-15,MA,Female,US-MA-02,White,Married,Fully Meets,3
1019,Kamryn,Herrera,2016-08-04,2018-01-19,Software Engineer,Amiyah Sims,1341,kamryn.herrera@bilearner.com,EW,Voluntarily Terminated,Full-Time,Zone B,Full-Time,Software Engineering,Software Engineering,1978-11-28,MA,Male,US-MA-03,Hispanic,Widowed,Fully Meets,3
1020,Kelvin,Foster,2002-05-29,2003-01-27,Software Engineer,Marlon Stanton,2304,kelvin.foster@bilearner.com,MSC,Voluntarily Terminated,Full-Time,Zone B,Full-Time,Software Engineering,Software Engineering,1964-05-16,MA,Female,US-MA-01,Black,Widowed,Fully Meets,3
1021,Joe,Fletcher,2019-01-06,2024-01-14,Software Engineer,Precious Roth,3965,joe.fletcher@bilearner.com,TNS,Voluntarily Terminated,Full-Time,Zone B,Full-Time,Software Engineering,Software Engineering,1989-01-25,MA,Male,US-MA-02,Hispanic,Single,Fully Meets,3
1022,Frederick,Howe,2018-04-30,,Software Engineer,Amiyah Sims,1341,frederick.howe@bilearner.com,PYZ,Active,Full-Time,Zone B,Full-Time,Software Engineering,Software Engineering,1962-06-11,MA,Male,US-MA-03,Black,Divorced,Fully Meets,4
1023,Nickolas,Davila,2015-03-30,2018-04-15,Shared Services Manager,Shyanne Stark,1044,nickolas.davila@bilearner.com,WBL,Voluntarily Terminated,Full-Time,Zone B,Full-Time,Admin Offices,Corporate Services,1992-04-05,MA,Male,US-MA-01,Hispanic,Divorced,Fully Meets,3
1024,Kasey,Boyer,2007-01-29,2008-05-08,Shared Services Manager,Isai Alvarado,1061,kasey.boyer@bilearner.com,NEL,Voluntarily Terminated,Full-Time,Zone B,Full-Time,Admin Offices,Corporate Services,1987-03-30,MA,Female,US-MA-02,Other,Divorced,Fully Meets,3
1025,Giovanni,Jenkins,2007-08-10,2008-03-07,Senior BI Developer,Eden Choi,2568,giovanni.jenkins@bilearner.com,PL,Terminated for Cause,Full-Time,Zone B,Full-Time,IT/IS,Data & Analytics,1960-11-13,MA,Female,US-MA-03,Other,Divorced,Fully Meets,4
1026,Alexis,Moss,2013-11-05,2016-07-31,Senior BI Developer,Odin Key,2545,alexis.moss@bilearner.com,BPC,Retired,Full-Time,Zone B,Full-Time,IT/IS,Data & Analytics,1950-11-07,MA,Female,US-MA-01,Other,Widowed,Fully Meets,3
1027,Joanna,Murphy,2009-03-29,2019-04-09,Senior BI Developer,Peter Monroe,2483,joanna.murphy@bilearner.com,CCDR,Voluntarily Terminated,Full-Time,Zone B,Full-Time,IT/IS,Data & Analytics,1962-12-21,MA,Male,US-MA-02,Other,Single,Fully Meets,3
1028,Joseph,Schmidt,2022-08-24,2024-03-01,Software Engineer,Amiyah Sims,1341,joseph.schmidt@bilearner.com,PYZ,Voluntarily Terminated,Full-Time,Zone B,Full-Time,Software Engineering,Software Engineering,2000-10-22,MA,Male,US-MA-03,Asian,Single,Fully Meets,4
1029,Brittany,Hurley,2012-10-06,,Software Engineer,Elisabeth Bradley,2566,brittany.hurley@bilearner.com,SVG,Active,Full-Time,Zone B,Full-Time,Software Engineering,Software Engineering,1979-06-01,MA,Female,US-MA-01,Asian,Divorced,Fully Meets,4
1030,Niko,Hamilton,2012-09-13,,Software Engineer,Elisabeth Bradley,2566,niko.hamilton@bilearner.com,TNS,Active,Contract,Zone B,Temporary,Software Engineering,Software Engineering,1983-04-16,MA,Male,US-MA-02,Black,Single,Fully Meets,3
1031,Ruben,Martinez,2004-07-21,,Software Engineer,Ariel Cervantes,2322,ruben.martinez@bilearner.com,WBL,Active,Full-Time,Zone A,Full-Time,Software Engineering,Software Engineering,1972-10-29,MA,Male,US-MA-03,White,Widowed,Fully Meets,3
1032,Kiley,Haynes,2019-06-30,2020-06-20,Software Engineer,Elisabeth Bradley,2566,kiley.haynes@bilearner.com,PYZ,Retired,Full-Time,Zone B,Full-Time,Software Engineering,Software Engineering,1954-07-01,MA,Male,US-MA-01,Asian,Widowed,Fully Meets,3
1033,Blaine,Brooks,2019-03-09,,Shared Services Manager,Shyanne Stark,1044,blaine.brooks@bilearner.com,WBL,Active,Full-Time,Zone B,Full-Time,Admin Offices,Corporate Services,1997-03-28,MA,Male,US-MA-02,Other,Single,Fully Meets,3
1034,Dennis,Livingston,2026-04-16,,Shared Services Manager,Taylor Gamble,1090,dennis.livingston@bilearner.com,NEL,Active,Full-Time,Zone B,Full-Time,Admin Offices,Corporate Services,1977-12-08,MA,Female,US-MA-03,Black,Single,Fully Meets,3
1035,Case,Russell,2016-11-07,,Senior BI Developer,Ashly Mullen,2561,case.russell@bilearner.com,PL,Active,Full-Time,Zone B,Full-Time,IT/IS,Data & Analytics,1979-02-16,MA,Female,US-MA-01,Asian,Divorced,Fully Meets,3
1036,Kody,Jimenez,2024-08-30,2026-04-13,Senior BI Developer,Carlos Mccoy,2274,kody.jimenez@bilearner.com,BPC,Terminated for Cause,Full-Time,Zone B,Full-Time,IT/IS,Data & Analytics,1993-08-08,MA,Male,US-MA-02,Asian,Single,Fully Meets,3
1037,Zoe,Colon,2007-05-30,2008-07-24,Software Engineer,Graham Villa,2489,zoe.colon@bilearner.com,CCDR,Voluntarily Terminated,Full-Time,Zone B,Full-Time,Software Engineering,Software Engineering,1977-11-06,MA,Male,US-MA-03,Other,Widowed,Fully Meets,4
1038,Courtney,Cowan,2021-08-03,,Software Engineer,Elisabeth Bradley,2566,courtney.cowan@bilearner.com,SVG,Active,Contract,Zone B,Temporary,Software Engineering,Software Engineering,1971-05-04,MA,Male,US-MA-01,Hispanic,Married,Fully Meets,3
1039,Nolan,Perez,2011-07-25,2012-05-04,Software Engineer,Elisabeth Bradley,2566,nolan.perez@bilearner.com,EW,Voluntarily Terminated,Full-Time,Zone B,Full-Time,Software Engineering,Software Engineering,1982-11-17,MA,Female,US-MA-02,Other,Widowed,Fully Meets,3
1040,Katrina,Farrell,2007-01-06,2008-05-29,Software Engineer,Walter Immediato,2279,katrina.farrell@bilearner.com,MSC,Voluntarily Terminated,Full-Time,Zone B,Full-Time,Software Engineering,Software Engineering,1972-04-25,MA,Male,US-MA-03,White,Divorced,Fully Meets,3
1041,Camden,Kelly,2001-05-08,2002-11-04,Software Engineer,Marlon Stanton,2304,camden.kelly@bilearner.com,TNS,Voluntarily Terminated,Full-Time,Zone B,Full-Time,Software Engineering,Software Engineering,1976-11-04,MA,Male,US-MA-01,White,Single,Fully Meets,3
1042,Milo,Hood,2018-01-01,,Software Engineer,Precious Roth,3965,milo.hood@bilearner.com,PYZ,Active,Contract,Zone B,Temporary,Software Engineering,Software Engineering,1959-09-08,MA,Male,US-MA-02,Black,Widowed,Fully Meets,4
1043,Kale,Lang,2020-12-06,2022-04-25,Shared Services Manager,Brandon R LeBlanc,2289,kale.lang@bilearner.com,WBL,Retired,Part-Time,Zone B,Part-Time,Admin Offices,Corporate Services,1955-12-16,MA,Female,US-MA-03,White,Married,Fully Meets,3
1044,Shyanne,Stark,2006-11-06,,Shared Services Manager,Isai Alvarado,1061,shyanne.stark@bilearner.com,NEL,Active,Full-Time,Zone A,Full-Time,Admin Offices,Corporate Services,1980-11-17,MA,Female,US-MA-01,Hispanic,Divorced,Fully Meets,3
1045,Elliott,Ashley,2020-10-31,2021-12-15,Senior BI Developer,Chandler Reynolds,2533,elliott.ashley@bilearner.com,PL,Terminated for Cause,Full-Time,Zone B,Full-Time,IT/IS,Data & Analytics,1963-06-10,MA,Female,US-MA-02,Black,Single,Fully Meets,3
1046,Genesis,Todd,2005-08-25,2007-07-19,Software Engineer,Teagan Fletcher,2440,genesis.todd@bilearner.com,CCDR,Voluntarily Terminated,Full-Time,Zone B,Full-Time,Software Engineering,Software Engineering,1962-11-17,MA,Male,US-MA-03,White,Single,Fully Meets,3
1047,Sincere,Jimenez,2026-03-08,,Software Engineer,Elisabeth Bradley,2566,sincere.jimenez@bilearner.com,SVG,Active,Full-Time,Zone B,Full-Time,Software Engineering,Software Engineering,2002-10-10,MA,Female,US-MA-01,Hispanic,Single,Fully Meets,3
1048,Stephen,Daugherty,2012-07-29,,Software Engineer,Elisabeth Bradley,2566,stephen.daugherty@bilearner.com,EW,Active,Full-Time,Zone B,Full-Time,Software Engineering,Software Engineering,1988-04-15,MA,Male,US-MA-02,Asian,Widowed,Fully Meets,3
1049,Demarion,Morrow,2009-06-11,2018-11-08,Software Engineer,Trey Johnston,2506,demarion.morrow@bilearner.com,MSC,Retired,Part-Time,Zone B,Part-Time,Software Engineering,Software Engineering,1954-09-26,MA,Male,US-MA-03,White,Married,Fully Meets,3
1050,Steven,Schneider,2012-04-01,,Software Engineer,Elisabeth Bradley,2566,steven.schneider@bilearner.com,TNS,Active,Full-Time,Zone B,Full-Time,Software Engineering,Software Engineering,1993-07-04,MA,Male,US-MA-01,Black,Widowed,Fully Meets,3
1051,Devon,Hinton,2015-08-22,2017-05-21,Software Engineer,Precious Roth,3965,devon.hinton@bilearner.com,PYZ,Voluntarily Terminated,Full-Time,Zone B,Full-Time,Software Engineering,Software Engineering,1981-04-29,MA,Male,US-MA-02,White,Divorced,Fully Meets,3
1052,Jacquelyn,Johns,2004-06-05,2005-07-27,Shared Services Manager,Mary Moore,2622,jacquelyn.johns@bilearner.com,WBL,Voluntarily Terminated,Full-Time,Zone B,Full-Time,Admin Offices,Corporate Services,1980-06-21,MA,Female,US-MA-03,Hispanic,Single,Fully Meets,3
1053,Blaine,Keith,2018-03-08,2021-05-08,Shared Services Manager,Shyanne Stark,1044,blaine.keith@bilearner.com,NEL,Retired,Full-Time,Zone B,Full-Time,Admin Offices,Corporate Services,1958-04-20,MA,Female,US-MA-01,Hispanic,Divorced,Fully Meets,3
1054,Phillip,Salazar,2023-08-15,,Software Engineer,Precious Roth,3965,phillip.salazar@bilearner.com,PL,Active,Full-Time,Zone B,Full-Time,Software Engineering,Software Engineering,1993-05-10,MA,Male,US-MA-02,White,Single,Fully Meets,3
1055,Chaz,Webb,2019-08-14,,Software Engineer,Amiyah Sims,1341,chaz.webb@bilearner.com,PYZ,Active,Full-Time,Zone B,Full-Time,Software Engineering,Software Engineering,1995-11-24,MA,Female,US-MA-03,White,Widowed,Fully Meets,3
1056,Desmond,Anderson,2006-08-14,,Software Engineer,Marlon Ford,3532,desmond.anderson@bilearner.com,SVG,Active,Full-Time,Zone A,Full-Time,Software Engineering,Software Engineering,1971-04-04,MA,Male,US-MA-01,Hispanic,Widowed,Fully Meets,4
1057,Sophie,Decker,2010-02-14,,Software Engineer,Yesenia Payne,2598,sophie.decker@bilearner.com,TNS,Active,Contract,Zone A,Temporary,Software Engineering,Software Engineering,1988-10-19,MA,Male,US-MA-02,Asian,Widowed,Fully Meets,3
1058,Lena,Bryan,2002-05-30,,Software Engineer,Marlon Stanton,2304,lena.bryan@bilearner.com,WBL,Active,Full-Time,Zone A,Full-Time,Software Engineering,Software Engineering,1967-07-12,MA,Male,US-MA-03,Hispanic,Married,Fully Meets,3
1059,Kelsie,Mccormick,2024-12-31,,Software Engineer,Elisabeth Bradley,2566,kelsie.mccormick@bilearner.com,BPC,Active,Full-Time,Zone B,Full-Time,Software Engineering,Software Engineering,1974-05-23,MA,Female,US-MA-01,Asian,Widowed,Fully Meets,4
1060,Frida,Livingston,2023-04-27,2025-06-23,Shared Services Manager,Abdullah Frederick,1080,frida.livingston@bilearner.com,CCDR,Voluntarily Terminated,Full-Time,Zone B,Full-Time,Admin Offices,Corporate Services,1976-02-05,MA,Female,US-MA-02,Black,Single,Fully Meets,4
1061,Isai,Alvarado,2004-07-21,,Shared Services Manager,Harley Greer,2745,isai.alvarado@bilearner.com,EW,Active,Full-Time,Zone A,Full-Time,Admin Offices,Corporate Services,1974-04-19,MA,Female,US-MA-03,Other,Single,Fully Meets,3
1062,Travis,Vasquez,2006-09-03,2009-09-29,Software Engineer,Peter Monroe,2483,travis.vasquez@bilearner.com,BPC,Voluntarily Terminated,Contract,Zone B,Temporary,Software Engineering,Software Engineering,1969-11-03,MA,Male,US-MA-01,Hispanic,Married,Fully Meets,4
1063,Jazlene,Maynard,2012-02-16,,Software Engineer,Elisabeth Bradley,2566,jazlene.maynard@bilearner.com,CCDR,Active,Full-Time,Zone B,Full-Time,Software Engineering,Software Engineering,1976-10-07,MA,Female,US-MA-02,Black,Single,Fully Meets,3
1064,Wyatt,Donovan,2008-08-08,2009-03-27,Software Engineer,Teagan Fletcher,2440,wyatt.donovan@bilearner.com,SVG,Voluntarily Terminated,Full-Time,Zone B,Full-Time,Software Engineering,Software Engineering,1987-02-24,MA,Male,US-MA-03,White,Divorced,Fully Meets,3
1065,Nathaly,Cooper,2021-01-18,,Software Engineer,Elisabeth Bradley,2566,nathaly.cooper@bilearner.com,EW,Active,Full-Time,Zone B,Full-Time,Software Engineering,Software Engineering,1995-06-26,MA,Male,US-MA-01,Other,Widowed,Fully Meets,3
1066,Gage,Weeks,2024-04-02,2025-09-08,Software Engineer,Precious Roth,3965,gage.weeks@bilearner.com,MSC,Voluntarily Terminated,Full-Time,Zone B,Full-Time,Software Engineering,Software Engineering,1981-04-23,MA,Male,US-MA-02,Hispanic,Single,Fully Meets,3
1067,Gavin,Frye,2006-10-25,,Software Engineer,Carla Willis,2251,gavin.frye@bilearner.com,TNS,Active,Contract,Zone A,Temporary,Software Engineering,Software Engineering,1960-07-02,MA,Female,US-MA-03,White,Married,Fully Meets,4
1068,Amber,Ross,2015-01-29,,Software Engineer,Elisabeth Bradley,2566,amber.ross@bilearner.com,PYZ,Active,Full-Time,Zone B,Full-Time,Software Engineering,Software Engineering,1986-07-19,MA,Female,US-MA-01,Black,Widowed,Fully Meets,3
1069,Wyatt,Edwards,2019-08-03,2020-10-14,Shared Services Manager,Shyanne Stark,1044,wyatt.edwards@bilearner.com,WBL,Voluntarily Terminated,Full-Time,Zone B,Full-Time,Admin Offices,Corporate Services,1975-09-13,MA,Female,US-MA-02,Other,Widowed,Fully Meets,3
1070,Karla,Reed,2022-07-24,2024-02-16,Shared Services Manager,Taylor Gamble,1090,karla.reed@bilearner.com,NEL,Voluntarily Terminated,Full-Time,Zone B,Full-Time,Admin Offices,Corporate Services,1998-11-04,MA,Male,US-MA-03,Black,Married,Fully Meets,3
1071,Yadira,Mcmillan,2015-12-10,2016-03-26,Software Engineer,Precious Roth,3965,yadira.mcmillan@bilearner.com,PL,Voluntarily Terminated,Full-Time,Zone B,Full-Time,Software Engineering,Software Engineering,1968-06-23,MA,Male,US-MA-01,Black,Married,Fully Meets,3
1072,Fernando,Mcconnell,2019-03-21,,Software Engineer,Precious Roth,3965,fernando.mcconnell@bilearner.com,BPC,Active,Full-Time,Zone B,Full-Time,Software Engineering,Software Engineering,1977-01-20,MA,Female,US-MA-02,Asian,Widowed,Fully Meets,3
1073,Sean,Bean,2016-04-30,,Software Engineer,Amiyah Sims,1341,sean.bean@bilearner.com,CCDR,Active,Full-Time,Zone B,Full-Time,Software Engineering,Software Engineering,1997-03-29,MA,Male,US-MA-03,White,Single,Fully Meets,3
1074,Lilianna,Mccall,2018-01-20,2018-03-19,Software Engineer,Elisabeth Bradley,2566,lilianna.mccall@bilearner.com,SVG,Voluntarily Terminated,Full-Time,Zone B,Full-Time,Software Engineering,Software Engineering,1983-07-08,MA,Male,US-MA-01,Asian,Divorced,Fully Meets,4
1075,Salvador,Thomas,2022-03-02,2023-01-02,Software Engineer,Precious Roth,3965,salvador.thomas@bilearner.com,EW,Voluntarily Terminated,Full-Time,Zone B,Full-Time,Software Engineering,Software Engineering,1968-04-23,MA,Male,US-MA-02,Asian,Married,Fully Meets,3
1076,Jair,Silva,2016-02-24,2019-03-08,Software Engineer,Elisabeth Bradley,2566,jair.silva@bilearner.com,MSC,Voluntarily Terminated,Full-Time,Zone B,Full-Time,Software Engineering,Software Engineering,1968-07-27,MA,Female,US-MA-03,White,Widowed,Fully Meets,3
1077,Derek,Moreno,2021-08-06,,Software Engineer,Elisabeth Bradley,2566,derek.moreno@bilearner.com,TNS,Active,Full-Time,Zone B,Full-Time,Software Engineering,Software Engineering,1992-05-10,MA,Female,US-MA-01,Black,Single,Fully Meets,4
1078,Litzy,Conner,2012-08-28,2017-02-04,Software Engineer,Elisabeth Bradley,2566,litzy.conner@bilearner.com,PYZ,Voluntarily Terminated,Contract,Zone B,Temporary,Software Engineering,Software Engineering,1955-04-12,MA,Female,US-MA-02,Asian,Divorced,Fully Meets,4
1079,Joanna,Burnett,2023-10-05,2024-07-10,Shared Services Manager,Shyanne Stark,1044,joanna.burnett@bilearner.com,WBL,Voluntarily Terminated,Full-Time,Zone B,Full-Time,Admin Offices,Corporate Services,2000-04-11,MA,Female,US-MA-03,Hispanic,Divorced,Fully Meets,3
1080,Abdullah,Frederick,2016-11-22,,Shared Services Manager,Isai Alvarado,1061,abdullah.frederick@bilearner.com,NEL,Active,Full-Time,Zone B,Full-Time,Admin Offices,Corporate Services,1988-08-04,MA,Male,US-MA-01,Black,Widowed,Fully Meets,3
1081,Armani,Porter,2020-04-21,2022-05-22,Software Engineer,Precious Roth,3965,armani.porter@bilearner.com,EW,Voluntarily Terminated,Full-Time,Zone B,Full-Time,Software Engineering,Software Engineering,1965-08-24,MA,Male,US-MA-02,Asian,Divorced,Fully Meets,3
1082,Taylor,Sanders,2016-08-22,2018-04-09,Software Engineer,Amiyah Sims,1341,taylor.sanders@bilearner.com,MSC,Terminated for Cause,Full-Time,Zone B,Full-Time,Software Engineering,Software Engineering,1976-03-03,MA,Male,US-MA-03,Other,Married,Fully Meets,3
1083,Iliana,Randall,2002-06-18,,Software Engineer,Axel Howe,3456,iliana.randall@bilearner.com,NEL,Active,Full-Time,Zone A,Full-Time,Software Engineering,Software Engineering,1963-01-09,MA,Female,US-MA-01,Asian,Divorced,Fully Meets,3
1084,Luke,Henderson,2018-04-29,,Software Engineer,Precious Roth,3965,luke.henderson@bilearner.com,PL,Active,Full-Time,Zone B,Full-Time,Software Engineering,Software Engineering,1989-08-12,MA,Male,US-MA-02,White,Single,Fully Meets,3
1085,Madelyn,Lambert,2016-03-28,,Software Engineer,Precious Roth,3965,madelyn.lambert@bilearner.com,PYZ,Active,Contract,Zone B,Temporary,Software Engineering,Software Engineering,1983-12-04,MA,Male,US-MA-03,Other,Divorced,Fully Meets,4
1086,Ava,Pace,2012-01-29,2013-08-15,Software Engineer,Elisabeth Bradley,2566,ava.pace@bilearner.com,SVG,Voluntarily Terminated,Full-Time,Zone B,Full-Time,Software Engineering,Software Engineering,1973-07-30,MA,Female,US-MA-01,Black,Single,Fully Meets,3
1087,Delaney,Bruce,2021-02-24,2023-06-05,Software Engineer,Precious Roth,3965,delaney.bruce@bilearner.com,TNS,Voluntarily Terminated,Full-Time,Zone B,Full-Time,Software Engineering,Software Engineering,1974-08-05,MA,Female,US-MA-02,Other,Married,Fully Meets,3
1088,Jair,Bullock,2009-02-02,2013-04-09,Software Engineer,Ryann Rubio,3545,jair.bullock@bilearner.com,WBL,Voluntarily Terminated,Full-Time,Zone B,Full-Time,Software Engineering,Software Engineering,1963-05-02,MA,Female,US-MA-03,White,Widowed,Fully Meets,4
1089,Kayla,Farrell,2024-06-01,2026-02-15,Software Engineer,Elisabeth Bradley,2566,kayla.farrell@bilearner.com,BPC,Terminated for Cause,Full-Time,Zone B,Full-Time,Software Engineering,Software Engineering,1991-01-01,MA,Female,US-MA-01,Black,Married,Fully Meets,3
1090,Taylor,Gamble,2015-11-11,,Shared Services Manager,Isai Alvarado,1061,taylor.gamble@bilearner.com,CCDR,Active,Full-Time,Zone B,Full-Time,Admin Offices,Corporate Services,1965-08-28,MA,Female,US-MA-02,Black,Divorced,Fully Meets,4
1091,Carl,Desimone,2022-06-05,2026-04-19,Production Technician I,Jonathan Hogland,2292,carl.desimone@bilearner.com,PYZ,Voluntarily Terminated,Full-Time,Zone C,Full-Time,Production,Production Operations,1986-08-26,MA,Male,US-MA-03,Asian,Single,Fully Meets,3
1092,Sophia,Theamstern,2018-03-31,,Production Technician I,Elijiah Gray,2281,sophia.theamstern@bilearner.com,PYZ,Active,Part-Time,Zone C,Part-Time,Production,Production Operations,1970-01-27,MA,Female,US-MA-01,Hispanic,Divorced,Fully Meets,4
1093,Kara,Harrison,2006-09-14,,Production Technician I,Trey Johnston,2506,kara.harrison@bilearner.com,NEL,Active,Full-Time,Zone A,Full-Time,Production,Production Operations,1979-04-26,MA,Female,US-MA-02,Asian,Widowed,Fully Meets,3
1094,Ming,Huynh,2020-12-17,,Production Technician II,Jaydan Hoffman,2317,ming.huynh@bilearner.com,EW,Active,Full-Time,Zone C,Full-Time,Production,Production Operations,1994-03-18,MA,Female,US-MA-03,Other,Single,Fully Meets,3
1095,Karen,Mancuso,2013-01-15,,Production Technician II,Ally Brennan,2516,karen.mancuso@bilearner.com,WBL,Active,Full-Time,Zone B,Full-Time,Production,Production Operations,1973-05-04,MA,Female,US-MA-01,Hispanic,Divorced,Fully Meets,3
1096,Linda,Anderson,2022-06-29,2024-09-21,Production Technician I,Jakob Luna,2455,linda.anderson@bilearner.com,PYZ,Terminated for Cause,Full-Time,Zone C,Full-Time,Production,Production Operations,1973-01-11,MA,Female,US-MA-02,Asian,Married,Fully Meets,3
1097,Nilson,Fernandes,2025-03-27,2026-02-11,Production Technician I,Leland Chang,2416,nilson.fernandes@bilearner.com,SVG,Terminated for Cause,Full-Time,Zone C,Full-Time,Production,Production Operations,1999-08-02,MA,Male,US-MA-03,Hispanic,Divorced,Fully Meets,3
1098,Alain,Robinson,2010-11-17,2012-04-24,Production Technician I,Michael Albert,2275,alain.robinson@bilearner.com,PL,Voluntarily Terminated,Full-Time,Zone C,Full-Time,Production,Production Operations,1985-06-23,MA,Male,US-MA-01,Asian,Widowed,Fully Meets,3
1099,Seffi,Shields,2017-05-22,2018-02-22,Production Technician I,Elisa Bramante,2291,seffi.shields@bilearner.com,SVG,Voluntarily Terminated,Full-Time,Zone C,Full-Time,Production,Production Operations,1971-12-24,MA,Female,US-MA-02,Other,Single,Fully Meets,3
1100,Horia,Ndzi,2021-08-14,,Production Technician I,Terry Gay,2298,horia.ndzi@bilearner.com,EW,Active,Full-Time,Zone C,Full-Time,Production,Production Operations,1964-05-10,MA,Male,US-MA-03,White,Divorced,Fully Meets,3
1101,Evelyn,Girifalco,2017-11-15,,Production Technician I,Heath Romero,2381,evelyn.girifalco@bilearner.com,TNS,Active,Full-Time,Zone C,Full-Time,Production,Production Operations,1967-01-26,MA,Female,US-MA-01,White,Widowed,Fully Meets,3
1102,Ermine,Pelletier,2025-04-30,,Production Technician II,Danny Thomas,2383,ermine.pelletier@bilearner.com,EW,Active,Contract,Zone C,Temporary,Production,Production Operations,1979-12-25,MA,Female,US-MA-02,Black,Single,Fully Meets,3
1103,Samuel,MacLennan,2012-09-04,2013-04-27,Production Technician I,Ariana Strickland,2294,samuel.maclennan@bilearner.com,BPC,Voluntarily Terminated,Full-Time,Zone C,Full-Time,Production,Production Operations,1957-04-02,MA,Male,US-MA-03,Asian,Widowed,Fully Meets,4
1104,Sean,Bernstein,2013-08-06,,Production Technician I,George Meyers,2457,sean.bernstein@bilearner.com,PYZ,Active,Contract,Zone B,Temporary,Production,Production Operations,1977-08-02,MA,Male,US-MA-01,Asian,Divorced,Fully Meets,3
1105,Shakira,Perry,2016-05-10,2020-01-17,Production Technician I,Kyle Ali,2490,shakira.perry@bilearner.com,PL,Voluntarily Terminated,Contract,Zone C,Temporary,Production,Production Operations,1965-06-12,MA,Female,US-MA-02,Hispanic,Single,Fully Meets,3
1106,Michael J,Fitzpatrick,2025-03-05,,Production Technician II,Jonathan Hogland,2292,michael j.fitzpatrick@bilearner.com,BPC,Active,Full-Time,Zone C,Full-Time,Production,Production Operations,1995-01-01,MA,Male,US-MA-03,Other,Single,Fully Meets,3
1107,Cybil,Trzeciak,2018-06-03,,Production Technician II,Jesus Hendricks,2341,cybil.trzeciak@bilearner.com,BPC,Active,Full-Time,Zone C,Full-Time,Production,Production Operations,1992-02-09,MA,Female,US-MA-01,Other,Single,Fully Meets,4
1108,Barry,Wilber,2013-06-30,,Production Technician I,Terry Gay,2298,barry.wilber@bilearner.com,TNS,Active,Full-Time,Zone B,Full-Time,Production,Production Operations,1969-04-18,MA,Male,US-MA-02,White,Married,Fully Meets,3
1109,Enola,Chivukula,2009-06-02,2018-01-06,Production Technician I,Uriel Brennan,2386,enola.chivukula@bilearner.com,EW,Voluntarily Terminated,Full-Time,Zone C,Full-Time,Production,Production Operations,1981-10-01,MA,Female,US-MA-03,White,Divorced,Fully Meets,3
1110,Joelle,Burke,2011-08-25,,Production Technician II,Brycen York,2421,joelle.burke@bilearner.com,NEL,Active,Full-Time,Zone B,Full-Time,Production,Production Operations,1987-05-05,MA,Female,US-MA-01,Asian,Single,Fully Meets,4
1111,Alexandra,Kirill,2024-03-05,2025-11-15,Production Technician I,Colby Wolfe,1144,alexandra.kirill@bilearner.com,BPC,Voluntarily Terminated,Full-Time,Zone C,Full-Time,Production,Production Operations,1971-10-15,MA,Female,US-MA-02,White,Widowed,Fully Meets,3
1112,Celeste,Johnson,2024-05-04,,Production Technician I,Milagros Foley,1185,celeste.johnson@bilearner.com,MSC,Active,Full-Time,Zone C,Full-Time,Production,Production Operations,1975-07-15,MA,Female,US-MA-03,White,Single,Fully Meets,3
1113,Nathalia,Hendrix,2024-12-07,,Production Technician I,Teagan Fletcher,2440,nathalia.hendrix@bilearner.com,NEL,Active,Part-Time,Zone C,Part-Time,Production,Production Operations,1976-09-03,MA,Female,US-MA-01,Asian,Divorced,Fully Meets,3
1114,Justus,Bowen,2004-08-18,,Production Technician I,Terrell Guerra,2395,justus.bowen@bilearner.com,PL,Active,Contract,Zone A,Temporary,Production,Production Operations,1960-12-31,MA,Female,US-MA-02,Hispanic,Widowed,Fully Meets,4
1115,Marcus,Bender,2017-11-18,,Production Technician I,Ariana Strickland,2294,marcus.bender@bilearner.com,PYZ,Active,Full-Time,Zone C,Full-Time,Production,Production Operations,1997-02-19,MA,Male,US-MA-03,Black,Widowed,Fully Meets,3
1116,Ryker,Logan,2016-01-06,2017-03-22,Production Technician I,Leticia Parks,2378,ryker.logan@bilearner.com,SVG,Voluntarily Terminated,Contract,Zone C,Temporary,Production,Production Operations,1984-08-10,MA,Male,US-MA-01,White,Divorced,Fully Meets,3
1117,Payten,Middleton,2016-09-15,2017-08-26,Production Technician I,Milagros Foley,1185,payten.middleton@bilearner.com,TNS,Voluntarily Terminated,Full-Time,Zone C,Full-Time,Production,Production Operations,1997-08-23,MA,Male,US-MA-02,Other,Divorced,Fully Meets,3
1118,Harrison,Hunt,2021-07-05,2022-07-10,Production Technician I,Webster L Butler,2285,harrison.hunt@bilearner.com,WBL,Voluntarily Terminated,Full-Time,Zone C,Full-Time,Production,Production Operations,1976-02-29,MA,Male,US-MA-03,Asian,Divorced,Fully Meets,3
1119,Orlando,Henderson,2022-12-09,2023-06-05,Production Technician I,Ronnie Middleton,2296,orlando.henderson@bilearner.com,BPC,Voluntarily Terminated,Full-Time,Zone C,Full-Time,Production,Production Operations,1994-12-31,MA,Female,US-MA-01,White,Single,Fully Meets,3
1120,Darian,Potts,2014-02-17,,Production Technician I,Abbigail Cameron,1232,darian.potts@bilearner.com,CCDR,Active,Full-Time,Zone B,Full-Time,Production,Production Operations,1968-09-20,MA,Female,US-MA-02,Black,Divorced,Fully Meets,3
1121,Isabela,Collins,2018-08-17,,Production Manager,Elisa Bramante,2291,isabela.collins@bilearner.com,EW,Active,Full-Time,Zone B,Full-Time,Production,Production Operations,1981-05-29,MA,Female,US-MA-03,Hispanic,Widowed,Fully Meets,3
1122,Sierra,Macias,2015-05-29,2017-01-04,Production Manager,Amy Dunn,2277,sierra.macias@bilearner.com,MSC,Voluntarily Terminated,Full-Time,Zone B,Full-Time,Production,Production Operations,1975-11-13,MA,Female,US-MA-01,White,Married,Fully Meets,3
1123,Giuliana,Farmer,2021-08-12,,Production Manager,Trey Johnston,2506,giuliana.farmer@bilearner.com,NEL,Active,Full-Time,Zone B,Full-Time,Production,Production Operations,1965-11-06,MA,Female,US-MA-02,Other,Married,Fully Meets,3
1124,Pierce,Robbins,2019-01-28,2025-04-29,Production Manager,Abbigail Cameron,1232,pierce.robbins@bilearner.com,PL,Terminated for Cause,Full-Time,Zone B,Full-Time,Production,Production Operations,1986-06-17,MA,Female,US-MA-03,Other,Married,Fully Meets,3
1125,Lamont,Bridges,2005-07-27,,Production Technician II,Uriel Brennan,2386,lamont.bridges@bilearner.com,WBL,Active,Full-Time,Zone A,Full-Time,Production,Production Operations,1965-12-13,MA,Male,US-MA-01,Hispanic,Married,Fully Meets,3
1126,Gretchen,Richard,2009-12-09,2011-06-26,Production Technician II,Uriel Brennan,2386,gretchen.richard@bilearner.com,NEL,Voluntarily Terminated,Full-Time,Zone C,Full-Time,Production,Production Operations,1959-10-27,MA,Male,US-MA-02,White,Divorced,Fully Meets,3
1127,Axel,Hart,2021-02-03,,Production Technician II,Ariana Strickland,2294,axel.hart@bilearner.com,PL,Active,Full-Time,Zone C,Full-Time,Production,Production Operations,2001-03-28,MA,Male,US-MA-03,White,Married,Fully Meets,4
1128,Emma,Escobar,2014-09-09,,Production Technician II,Courtney E Wallace,2276,emma.escobar@bilearner.com,BPC,Active,Contract,Zone B,Temporary,Production,Production Operations,1960-04-16,MA,Female,US-MA-01,Hispanic,Married,Fully Meets,3
1129,Maximilian,Craig,2025-08-02,2025-11-04,Production Technician II,Terrell Guerra,2395,maximilian.craig@bilearner.com,CCDR,Voluntarily Terminated,Full-Time,Zone C,Full-Time,Production,Production Operations,1988-10-07,MA,Female,US-MA-02,Other,Married,Fully Meets,3
1130,Erik,Padilla,2006-12-11,,Production Technician I,Courtney E Wallace,2276,erik.padilla@bilearner.com,SVG,Active,Full-Time,Zone A,Full-Time,Production,Production Operations,1982-07-27,MA,Female,US-MA-03,Hispanic,Divorced,Fully Meets,3
1131,Gilbert,Duffy,2018-09-12,,Production Technician I,Leticia Parks,2378,gilbert.duffy@bilearner.com,EW,Active,Part-Time,Zone C,Part-Time,Production,Production Operations,1995-03-22,MA,Female,US-MA-01,Black,Single,Fully Meets,3
1132,Raymond,Ayers,2009-01-05,2010-11-09,Production Technician I,Walter Immediato,2279,raymond.ayers@bilearner.com,NEL,Voluntarily Terminated,Full-Time,Zone C,Full-Time,Production,Production Operations,1963-11-04,MA,Female,US-MA-02,Hispanic,Widowed,Fully Meets,3
1133,Vincent,Wyatt,2014-03-23,2016-12-13,Production Technician I,Ariana Strickland,2294,vincent.wyatt@bilearner.com,PL,Retired,Contract,Zone C,Temporary,Production,Production Operations,1949-11-20,MA,Female,US-MA-03,Hispanic,Married,Fully Meets,4
1134,Micah,Stanley,2011-04-29,2013-08-10,Production Technician I,Ariel Cervantes,2322,micah.stanley@bilearner.com,BPC,Voluntarily Terminated,Full-Time,Zone C,Full-Time,Production,Production Operations,1972-08-22,MA,Female,US-MA-01,Asian,Single,Fully Meets,4
1135,Evan,Chen,2015-05-18,,Production Technician I,Ibrahim Wolfe,1142,evan.chen@bilearner.com,CCDR,Active,Full-Time,Zone B,Full-Time,Production,Production Operations,1964-08-30,MA,Male,US-MA-02,Other,Widowed,Fully Meets,3
1136,Serenity,Thornton,2006-02-11,,Production Technician I,Ariel Cervantes,2322,serenity.thornton@bilearner.com,SVG,Active,Contract,Zone A,Temporary,Production,Production Operations,1979-03-05,MA,Male,US-MA-03,Other,Divorced,Fully Meets,4
1137,Talan,Rivas,2009-11-15,,Production Technician I,Colby Wolfe,1144,talan.rivas@bilearner.com,EW,Active,Contract,Zone A,Temporary,Production,Production Operations,1987-06-07,MA,Male,US-MA-01,Black,Single,Fully Meets,3
1138,Calvin,Braun,2015-08-19,2018-07-21,Production Technician I,Sawyer Little,2385,calvin.braun@bilearner.com,MSC,Terminated for Cause,Full-Time,Zone C,Full-Time,Production,Production Operations,1983-08-02,MA,Male,US-MA-02,Black,Divorced,Fully Meets,3
1139,Cale,Bender,2014-05-27,2017-03-11,Production Technician I,Cordell Vazquez,2439,cale.bender@bilearner.com,TNS,Retired,Contract,Zone C,Temporary,Production,Production Operations,1953-04-11,MA,Male,US-MA-03,Hispanic,Married,Fully Meets,4
1140,Kirsten,Vance,2014-11-13,,Production Technician I,Ariel Cervantes,2322,kirsten.vance@bilearner.com,PYZ,Active,Full-Time,Zone B,Full-Time,Production,Production Operations,1988-08-11,MA,Female,US-MA-01,Black,Single,Fully Meets,3
1141,Cade,Cox,2025-03-19,,Production Technician I,Colby Wolfe,1144,cade.cox@bilearner.com,WBL,Active,Full-Time,Zone C,Full-Time,Production,Production Operations,1986-11-04,MA,Female,US-MA-02,Black,Divorced,Fully Meets,4
1142,Ibrahim,Wolfe,2009-05-03,,Production Manager,Amy Dunn,2277,ibrahim.wolfe@bilearner.com,NEL,Active,Full-Time,Zone A,Full-Time,Production,Production Operations,1964-08-24,MA,Female,US-MA-03,Asian,Married,Fully Meets,3
1143,Elianna,Schmitt,2004-02-02,2005-07-26,Production Manager,Ariel Cervantes,2322,elianna.schmitt@bilearner.com,PL,Retired,Contract,Zone B,Temporary,Production,Production Operations,1942-06-20,MA,Female,US-MA-01,Hispanic,Widowed,Fully Meets,3
1144,Colby,Wolfe,2009-06-29,,Production Manager,Julianne Shaw,2414,colby.wolfe@bilearner.com,BPC,Active,Full-Time,Zone A,Full-Time,Production,Production Operations,1963-04-16,MA,Female,US-MA-02,Asian,Single,Fully Meets,3
1145,Autumn,Barrera,2016-03-18,,Production Technician II,Nathaly Stuart,2411,autumn.barrera@bilearner.com,TNS,Active,Full-Time,Zone B,Full-Time,Production,Production Operations,1979-07-12,MA,Male,US-MA-03,Hispanic,Married,Fully Meets,3
1146,Emmalee,Cervantes,2010-01-11,,Production Technician II,Michael Albert,2275,emmalee.cervantes@bilearner.com,SVG,Active,Full-Time,Zone A,Full-Time,Production,Production Operations,1963-11-10,MA,Male,US-MA-01,Hispanic,Divorced,Fully Meets,3
1147,Ernest,Willis,2016-07-14,2022-07-19,Production Technician II,Teagan Fletcher,2440,ernest.willis@bilearner.com,PYZ,Voluntarily Terminated,Full-Time,Zone C,Full-Time,Production,Production Operations,1972-01-10,MA,Female,US-MA-02,Black,Single,Fully Meets,3
1148,Jaxon,Anderson,2008-07-01,,Production Technician II,Ariel Cervantes,2322,jaxon.anderson@bilearner.com,PL,Active,Full-Time,Zone A,Full-Time,Production,Production Operations,1968-07-30,MA,Female,US-MA-03,Black,Married,Fully Meets,3
1149,Precious,Caldwell,2018-06-28,,Production Technician II,Ally Brennan,2516,precious.caldwell@bilearner.com,NEL,Active,Contract,Zone C,Temporary,Production,Production Operations,1991-07-16,MA,Female,US-MA-01,Asian,Married,Fully Meets,3
1150,Yahir,Serrano,2008-11-26,,Production Technician I,Brycen York,2421,yahir.serrano@bilearner.com,MSC,Active,Contract,Zone A,Temporary,Production,Production Operations,1981-04-03,MA,Female,US-MA-02,White,Single,Fully Meets,3
1151,Krystal,Peterson,2015-02-09,,Production Technician I,Brianna Hurley,2471,krystal.peterson@bilearner.com,EW,Active,Full-Time,Zone B,Full-Time,Production,Production Operations,1978-06-29,MA,Male,US-MA-03,Asian,Widowed,Fully Meets,3
1152,Jadyn,Haley,2015-11-29,,Production Technician I,Terrell Guerra,2395,jadyn.haley@bilearner.com,CCDR,Active,Full-Time,Zone B,Full-Time,Production,Production Operations,1963-10-02,MA,Female,US-MA-01,Other,Divorced,Fully Meets,3
1153,Davis,Roberts,2023-05-11,2024-02-22,Production Technician I,Payton Nolan,2377,davis.roberts@bilearner.com,EW,Voluntarily Terminated,Full-Time,Zone C,Full-Time,Production,Production Operations,1974-09-19,MA,Female,US-MA-02,Asian,Divorced,Fully Meets,3
1154,Meadow,Avery,2024-01-23,2024-05-21,Production Technician I,Amy Dunn,2277,meadow.avery@bilearner.com,MSC,Voluntarily Terminated,Full-Time,Zone C,Full-Time,Production,Production Operations,1987-11-01,MA,Female,US-MA-03,White,Married,Fully Meets,4
1155,Allyson,Owen,2012-09-24,2013-10-26,Production Technician I,Walter Immediato,2279,allyson.owen@bilearner.com,NEL,Voluntarily Terminated,Contract,Zone C,Temporary,Production,Production Operations,1951-11-06,MA,Female,US-MA-01,Other,Married,Fully Meets,3
1156,Francisco,Simon,2017-06-16,2019-03-28,Production Technician I,Terrell Guerra,2395,francisco.simon@bilearner.com,PL,Voluntarily Terminated,Full-Time,Zone C,Full-Time,Production,Production Operations,1980-04-20,MA,Male,US-MA-02,Hispanic,Married,Fully Meets,3
1157,Trent,Christian,2013-05-24,,Production Technician I,Milagros Foley,1185,trent.christian@bilearner.com,PYZ,Active,Full-Time,Zone B,Full-Time,Production,Production Operations,1991-01-11,MA,Male,US-MA-03,Hispanic,Married,Fully Meets,3
1158,Chaya,Boyd,2007-08-15,2016-06-05,Production Technician I,Trey Johnston,2506,chaya.boyd@bilearner.com,SVG,Voluntarily Terminated,Full-Time,Zone C,Full-Time,Production,Production Operations,1958-07-04,MA,Male,US-MA-01,Asian,Widowed,Fully Meets,3
1159,Nehemiah,Rivas,2017-10-15,,Production Technician I,Walter Immediato,2279,nehemiah.rivas@bilearner.com,TNS,Active,Full-Time,Zone C,Full-Time,Production,Production Operations,1979-06-03,MA,Male,US-MA-02,Other,Divorced,Fully Meets,3
1160,Wyatt,Spence,2013-04-17,2013-12-04,Production Technician I,Brianna Hurley,2471,wyatt.spence@bilearner.com,WBL,Voluntarily Terminated,Full-Time,Zone C,Full-Time,Production,Production Operations,1976-09-10,MA,Female,US-MA-03,Asian,Single,Fully Meets,3
1161,Abram,Fisher,2007-03-08,,Production Technician I,Terrell Guerra,2395,abram.fisher@bilearner.com,PYZ,Active,Full-Time,Zone A,Full-Time,Production,Production Operations,1977-11-21,MA,Female,US-MA-01,Other,Widowed,Fully Meets,4
1162,Jayleen,Oconnell,2008-07-26,2010-11-06,Production Technician I,Walter Immediato,2279,jayleen.oconnell@bilearner.com,WBL,Terminated for Cause,Full-Time,Zone C,Full-Time,Production,Production Operations,1983-08-17,MA,Female,US-MA-02,Asian,Widowed,Fully Meets,4
1163,Jordon,Meadows,2024-05-25,,Production Manager,Fabian Mullins,2452,jordon.meadows@bilearner.com,NEL,Active,Full-Time,Zone B,Full-Time,Production,Production Operations,1996-02-07,MA,Female,US-MA-03,White,Divorced,Fully Meets,4
1164,Justice,Pineda,2015-08-20,,Production Manager,Terrell Guerra,2395,justice.pineda@bilearner.com,PL,Active,Full-Time,Zone B,Full-Time,Production,Production Operations,1969-07-26,MA,Female,US-MA-01,Other,Married,Fully Meets,3
1165,Isiah,Decker,2021-07-27,,Production Manager,Kyle Ali,2490,isiah.decker@bilearner.com,BPC,Active,Full-Time,Zone B,Full-Time,Production,Production Operations,1998-09-09,MA,Female,US-MA-02,Other,Widowed,Fully Meets,3
1166,Giada,Boone,2019-12-24,,Production Technician II,Rosa Rosales,2451,giada.boone@bilearner.com,WBL,Active,Contract,Zone C,Temporary,Production,Production Operations,1965-01-13,MA,Male,US-MA-03,Other,Married,Fully Meets,3
1167,Camryn,Guerra,2020-05-16,,Production Technician II,Eli Owens,2342,camryn.guerra@bilearner.com,NEL,Active,Full-Time,Zone C,Full-Time,Production,Production Operations,1989-02-05,MA,Female,US-MA-01,Other,Single,Fully Meets,4
1168,Melody,Rollins,2021-11-08,,Production Technician II,Jesus Hendricks,2341,melody.rollins@bilearner.com,PL,Active,Full-Time,Zone C,Full-Time,Production,Production Operations,1980-12-01,MA,Female,US-MA-02,White,Married,Fully Meets,3
1169,Lucia,Cummings,2011-03-28,,Production Technician II,Kaylyn Joyce,2419,lucia.cummings@bilearner.com,BPC,Active,Full-Time,Zone A,Full-Time,Production,Production Operations,1960-09-15,MA,Female,US-MA-03,Asian,Single,Fully Meets,3
1170,Jaylen,Serrano,2017-11-15,,Production Technician II,Sawyer Little,2385,jaylen.serrano@bilearner.com,CCDR,Active,Full-Time,Zone C,Full-Time,Production,Production Operations,1959-09-13,MA,Female,US-MA-01,Black,Single,Fully Meets,3
1171,Jayson,Bright,2005-08-17,,Production Technician I,Amy Dunn,2277,jayson.bright@bilearner.com,SVG,Active,Full-Time,Zone A,Full-Time,Production,Production Operations,1970-09-12,MA,Female,US-MA-02,Hispanic,Single,Fully Meets,3
1172,Carlie,Wilkerson,2019-10-10,2024-09-11,Production Technician I,Milagros Foley,1185,carlie.wilkerson@bilearner.com,EW,Voluntarily Terminated,Part-Time,Zone C,Part-Time,Production,Production Operations,1969-12-28,MA,Male,US-MA-03,Asian,Married,Fully Meets,3
1173,Kaylyn,Patrick,2020-12-14,2022-12-16,Production Technician I,Kaylyn Joyce,2419,kaylyn.patrick@bilearner.com,BPC,Voluntarily Terminated,Full-Time,Zone C,Full-Time,Production,Production Operations,1968-01-30,MA,Female,US-MA-01,White,Widowed,Fully Meets,3
1174,Evie,Pope,2024-03-23,2026-03-20,Production Technician I,Michael Albert,2275,evie.pope@bilearner.com,CCDR,Voluntarily Terminated,Full-Time,Zone C,Full-Time,Production,Production Operations,1973-12-10,MA,Female,US-MA-02,Other,Widowed,Fully Meets,3
1175,Nayeli,Kelley,2024-12-29,2026-05-02,Production Technician I,Alfred Rivas,2536,nayeli.kelley@bilearner.com,EW,Voluntarily Terminated,Full-Time,Zone C,Full-Time,Production,Production Operations,1996-08-04,MA,Female,US-MA-03,Asian,Divorced,Fully Meets,3
1176,Krista,Franco,2014-12-29,,Production Technician I,Michael Albert,2275,krista.franco@bilearner.com,MSC,Active,Contract,Zone B,Temporary,Production,Production Operations,1960-12-27,MA,Female,US-MA-01,White,Married,Fully Meets,3
1177,Teresa,Farrell,2015-06-11,,Production Technician I,Milagros Foley,1185,teresa.farrell@bilearner.com,NEL,Active,Contract,Zone B,Temporary,Production,Production Operations,1968-07-06,MA,Female,US-MA-02,Other,Married,Fully Meets,3
1178,Dorian,Fox,2012-04-14,2012-09-20,Production Technician I,Milagros Foley,1185,dorian.fox@bilearner.com,PL,Voluntarily Terminated,Full-Time,Zone C,Full-Time,Production,Production Operations,1959-05-07,MA,Male,US-MA-03,Other,Single,Fully Meets,3
1179,Madeleine,Sherman,2015-12-11,,Production Technician I,Marquise Pacheco,2464,madeleine.sherman@bilearner.com,PYZ,Active,Contract,Zone B,Temporary,Production,Production Operations,1990-09-08,MA,Male,US-MA-01,Black,Divorced,Fully Meets,3
1180,Allan,Butler,2010-06-01,,Production Technician I,Ariel Cervantes,2322,allan.butler@bilearner.com,SVG,Active,Contract,Zone A,Temporary,Production,Production Operations,1978-07-02,MA,Male,US-MA-02,Hispanic,Single,Fully Meets,3
1181,Nevaeh,Davila,2007-09-19,,Production Technician I,Ariana Strickland,2294,nevaeh.davila@bilearner.com,TNS,Active,Full-Time,Zone A,Full-Time,Production,Production Operations,1976-10-18,MA,Male,US-MA-03,Other,Married,Fully Meets,3
1182,Gunnar,Webster,2018-06-05,2024-02-08,Production Technician I,Michael Albert,2275,gunnar.webster@bilearner.com,WBL,Voluntarily Terminated,Contract,Zone C,Temporary,Production,Production Operations,1973-12-09,MA,Female,US-MA-01,Black,Divorced,Fully Meets,4
1183,Aydin,Tate,2014-02-06,,Production Technician I,Walter Dominguez,2336,aydin.tate@bilearner.com,BPC,Active,Full-Time,Zone B,Full-Time,Production,Production Operations,1969-08-12,MA,Female,US-MA-02,Black,Married,Fully Meets,4
1184,Patrick,Mckinney,2004-05-26,2008-01-10,Production Technician I,Amy Dunn,2277,patrick.mckinney@bilearner.com,CCDR,Voluntarily Terminated,Full-Time,Zone C,Full-Time,Production,Production Operations,1951-10-01,MA,Female,US-MA-03,Hispanic,Divorced,Fully Meets,3
1185,Milagros,Foley,2009-07-17,,Production Manager,Courtney E Wallace,2276,milagros.foley@bilearner.com,EW,Active,Full-Time,Zone A,Full-Time,Production,Production Operations,1973-02-22,MA,Female,US-MA-01,Other,Widowed,Fully Meets,3
1186,Rachael,Buck,2018-04-10,,Production Manager,Rigoberto Townsend,1187,rachael.buck@bilearner.com,MSC,Active,Full-Time,Zone B,Full-Time,Production,Production Operations,1983-08-25,MA,Female,US-MA-02,Hispanic,Single,Fully Meets,4
1187,Rigoberto,Townsend,2014-03-26,,Production Manager,Marquise Pacheco,2464,rigoberto.townsend@bilearner.com,NEL,Active,Full-Time,Zone B,Full-Time,Production,Production Operations,1976-09-04,MA,Female,US-MA-03,Black,Single,Fully Meets,4
1188,Reagan,Odonnell,2005-10-07,2007-07-31,Production Technician II,Uriel Brennan,2386,reagan.odonnell@bilearner.com,WBL,Voluntarily Terminated,Full-Time,Zone C,Full-Time,Production,Production Operations,1979-05-28,MA,Male,US-MA-01,Black,Divorced,Fully Meets,4
1189,Roy,Morse,2011-04-06,2013-01-13,Production Technician II,Kyle Ali,2490,roy.morse@bilearner.com,NEL,Voluntarily Terminated,Full-Time,Zone C,Full-Time,Production,Production Operations,1988-03-07,MA,Female,US-MA-02,Other,Married,Fully Meets,3
1190,Rafael,Buchanan,2009-04-29,2009-10-12,Production Technician II,Uriel Brennan,2386,rafael.buchanan@bilearner.com,PL,Voluntarily Terminated,Full-Time,Zone C,Full-Time,Production,Production Operations,1984-06-09,MA,Female,US-MA-03,Hispanic,Married,Fully Meets,3
1191,Kaitlynn,Herman,2021-09-12,,Production Technician II,Danny Thomas,2383,kaitlynn.herman@bilearner.com,BPC,Active,Full-Time,Zone C,Full-Time,Production,Production Operations,1978-04-25,MA,Female,US-MA-01,Black,Divorced,Fully Meets,3
1192,Marquise,Santana,2012-05-30,,Production Technician II,Terrell Guerra,2395,marquise.santana@bilearner.com,CCDR,Active,Full-Time,Zone B,Full-Time,Production,Production Operations,1988-12-07,MA,Female,US-MA-02,White,Single,Fully Meets,3
1193,Jamarion,Mitchell,2022-12-31,2023-08-26,Production Technician I,Teagan Fletcher,2440,jamarion.mitchell@bilearner.com,SVG,Voluntarily Terminated,Full-Time,Zone C,Full-Time,Production,Production Operations,1973-03-19,MA,Female,US-MA-03,Black,Married,Fully Meets,4
1194,Gabrielle,Hardy,2022-06-01,2024-12-28,Production Technician I,Ava Chan,2463,gabrielle.hardy@bilearner.com,EW,Voluntarily Terminated,Part-Time,Zone C,Part-Time,Production,Production Operations,1974-04-07,MA,Male,US-MA-01,Asian,Widowed,Fully Meets,3
1195,Savion,Stokes,2019-11-08,,Production Technician I,Faith Golden,2318,savion.stokes@bilearner.com,TNS,Leave of Absence,Full-Time,Zone C,Full-Time,Production,Production Operations,1967-03-27,MA,Female,US-MA-02,Hispanic,Widowed,Fully Meets,3
1196,Trevin,Summers,2018-10-25,,Production Technician I,Ariel Cervantes,2322,trevin.summers@bilearner.com,PYZ,Active,Full-Time,Zone C,Full-Time,Production,Production Operations,1978-11-07,MA,Female,US-MA-03,Other,Married,Fully Meets,4
1197,Hailie,Bell,2004-07-05,,Production Technician I,Ariel Cervantes,2322,hailie.bell@bilearner.com,WBL,Active,Full-Time,Zone A,Full-Time,Production,Production Operations,1958-06-12,MA,Female,US-MA-01,Hispanic,Divorced,Fully Meets,3
1198,Audrey,Stevens,2017-12-27,,Production Technician I,Eli Owens,2342,audrey.stevens@bilearner.com,NEL,Active,Full-Time,Zone C,Full-Time,Production,Production Operations,1969-10-14,MA,Female,US-MA-02,Asian,Married,Fully Meets,3
1199,Jason,Munoz,2022-12-03,,Production Technician I,Leticia Parks,2378,jason.munoz@bilearner.com,PL,Active,Contract,Zone C,Temporary,Production,Production Operations,1996-02-08,MA,Female,US-MA-03,White,Widowed,Fully Meets,3
1200,Carlee,Foley,2020-10-02,,Production Technician I,Milagros Jimenez,2364,carlee.foley@bilearner.com,BPC,Active,Full-Time,Zone C,Full-Time,Production,Production Operations,1977-10-08,MA,Female,US-MA-01,Other,Married,Fully Meets,3
1201,Sarahi,Dodson,2017-06-25,2018-05-24,Production Technician I,Trey Johnston,2506,sarahi.dodson@bilearner.com,CCDR,Retired,Full-Time,Zone C,Full-Time,Production,Production Operations,1954-01-27,MA,Male,US-MA-02,Other,Divorced,Fully Meets,4
1202,Faith,Carey,2024-03-29,2025-05-16,Production Technician I,Rigoberto Townsend,1187,faith.carey@bilearner.com,SVG,Voluntarily Terminated,Full-Time,Zone C,Full-Time,Production,Production Operations,1983-06-20,MA,Male,US-MA-03,White,Widowed,Fully Meets,4
1203,Mylie,Salazar,2005-08-17,,Production Technician I,Michael Albert,2275,mylie.salazar@bilearner.com,EW,Active,Full-Time,Zone A,Full-Time,Production,Production Operations,1987-01-16,MA,Male,US-MA-01,White,Divorced,Fully Meets,3
1204,Pablo,Parker,2012-10-06,2016-04-02,Production Technician I,Ariel Cervantes,2322,pablo.parker@bilearner.com,MSC,Retired,Full-Time,Zone C,Full-Time,Production,Production Operations,1948-08-26,MA,Male,US-MA-02,White,Married,Fully Meets,4
1205,Ulises,Shea,2020-10-04,,Production Technician I,Eli Owens,2342,ulises.shea@bilearner.com,TNS,Active,Full-Time,Zone C,Full-Time,Production,Production Operations,1992-04-22,MA,Female,US-MA-03,Hispanic,Single,Fully Meets,3
1206,Bethany,Terry,2018-11-20,2020-01-28,Production Technician I,Brycen York,2421,bethany.terry@bilearner.com,PYZ,Retired,Contract,Zone C,Temporary,Production,Production Operations,1956-02-15,MA,Female,US-MA-01,White,Divorced,Fully Meets,3
1207,Kamari,Holloway,2020-09-01,,Production Technician I,Rachael Buck,1186,kamari.holloway@bilearner.com,WBL,Active,Full-Time,Zone C,Full-Time,Production,Production Operations,1977-10-26,MA,Female,US-MA-02,White,Divorced,Fully Meets,3
1208,Jazlene,Mcdaniel,2004-08-27,2007-01-31,Production Manager,Teagan Fletcher,2440,jazlene.mcdaniel@bilearner.com,NEL,Terminated for Cause,Contract,Zone B,Temporary,Production,Production Operations,1979-12-30,MA,Female,US-MA-03,Black,Single,Fully Meets,3
1209,Dane,Kelly,2019-07-16,,Production Manager,Elisa Bramante,2291,dane.kelly@bilearner.com,PL,Active,Full-Time,Zone B,Full-Time,Production,Production Operations,1999-06-04,MA,Female,US-MA-01,Other,Married,Fully Meets,3
1210,Camila,Dunn,2008-04-15,2008-12-01,Production Manager,Trey Johnston,2506,camila.dunn@bilearner.com,BPC,Terminated for Cause,Full-Time,Zone B,Full-Time,Production,Production Operations,1948-12-24,MA,Female,US-MA-02,Asian,Divorced,Fully Meets,3
1211,Aurora,Frederick,2001-12-11,2005-12-25,Production Technician II,Axel Howe,3456,aurora.frederick@bilearner.com,CCDR,Voluntarily Terminated,Contract,Zone C,Temporary,Production,Production Operations,1981-12-11,MA,Male,US-MA-03,Other,Widowed,Fully Meets,3
1212,Caylee,Nunez,2011-12-15,2012-09-07,Production Technician II,Colby Wolfe,1144,caylee.nunez@bilearner.com,EW,Voluntarily Terminated,Full-Time,Zone C,Full-Time,Production,Production Operations,1983-08-27,MA,Female,US-MA-01,Hispanic,Single,Fully Meets,4
1213,Tamia,Sharp,2010-05-02,,Production Technician II,Kyle Ali,2490,tamia.sharp@bilearner.com,MSC,Active,Full-Time,Zone A,Full-Time,Production,Production Operations,1987-03-22,MA,Female,US-MA-02,White,Married,Fully Meets,3
1214,Jaliyah,Gamble,2018-12-06,,Production Technician II,Sawyer Little,2385,jaliyah.gamble@bilearner.com,NEL,Active,Full-Time,Zone C,Full-Time,Production,Production Operations,1967-09-19,MA,Female,US-MA-03,Asian,Divorced,Fully Meets,4
1215,Xander,Savage,2012-04-20,,Production Technician II,Ariel Cervantes,2322,xander.savage@bilearner.com,PL,Active,Full-Time,Zone B,Full-Time,Production,Production Operations,1983-07-18,MA,Female,US-MA-01,Asian,Widowed,Fully Meets,3
1216,Marc,Crosby,2007-10-17,2008-08-01,Production Technician I,Walter Immediato,2279,marc.crosby@bilearner.com,PYZ,Voluntarily Terminated,Full-Time,Zone C,Full-Time,Production,Production Operations,1986-06-19,MA,Female,US-MA-02,Black,Single,Fully Meets,4
1217,Marques,Zimmerman,2019-10-18,2023-07-23,Production Technician I,Milagros Jimenez,2364,marques.zimmerman@bilearner.com,SVG,Retired,Full-Time,Zone C,Full-Time,Production,Production Operations,1960-07-17,MA,Male,US-MA-03,Asian,Single,Fully Meets,3
1218,Livia,Salazar,2018-04-09,,Production Technician I,Sawyer Little,2385,livia.salazar@bilearner.com,WBL,Active,Full-Time,Zone C,Full-Time,Production,Production Operations,1974-10-15,MA,Female,US-MA-01,Black,Married,Fully Meets,4
1219,Alana,Choi,2022-05-05,2026-03-26,Production Technician I,Eli Owens,2342,alana.choi@bilearner.com,BPC,Voluntarily Terminated,Full-Time,Zone C,Full-Time,Production,Production Operations,1974-02-09,MA,Female,US-MA-02,Hispanic,Married,Fully Meets,3
1220,Levi,Lawson,2005-02-02,2005-11-30,Production Technician I,Amy Dunn,2277,levi.lawson@bilearner.com,CCDR,Voluntarily Terminated,Full-Time,Zone C,Full-Time,Production,Production Operations,1949-12-31,MA,Female,US-MA-03,Asian,Single,Fully Meets,3
1221,Kane,Black,2023-05-15,2024-09-12,Production Technician I,Marquise Pacheco,2464,kane.black@bilearner.com,EW,Voluntarily Terminated,Full-Time,Zone C,Full-Time,Production,Production Operations,1967-04-09,MA,Female,US-MA-01,Asian,Single,Fully Meets,3
1222,Paola,Weeks,2017-04-22,2018-07-29,Production Technician I,Ariel Cervantes,2322,paola.weeks@bilearner.com,MSC,Retired,Full-Time,Zone C,Full-Time,Production,Production Operations,1949-12-26,MA,Female,US-MA-02,Asian,Widowed,Fully Meets,4
1223,Brooklynn,Mack,2021-12-27,,Production Technician I,Milagros Foley,1185,brooklynn.mack@bilearner.com,NEL,Active,Full-Time,Zone C,Full-Time,Production,Production Operations,1996-01-15,MA,Female,US-MA-03,Asian,Widowed,Fully Meets,3
1224,Darrell,Zamora,2025-12-31,2026-05-22,Production Technician I,George Meyers,2457,darrell.zamora@bilearner.com,PL,Retired,Contract,Zone C,Temporary,Production,Production Operations,1964-09-27,MA,Male,US-MA-01,Hispanic,Married,Fully Meets,4
1225,Irvin,Warner,2025-07-10,,Production Technician I,Braden Nicholson,2478,irvin.warner@bilearner.com,PYZ,Active,Full-Time,Zone C,Full-Time,Production,Production Operations,1968-05-13,MA,Male,US-MA-02,Asian,Married,Fully Meets,4
1226,Dayton,Castro,2015-03-25,,Production Technician I,Milagros Foley,1185,dayton.castro@bilearner.com,SVG,Active,Full-Time,Zone B,Full-Time,Production,Production Operations,1967-04-16,MA,Male,US-MA-03,Other,Divorced,Fully Meets,3
1227,Hailey,Mckay,2013-09-02,2015-02-01,Production Technician I,Walter Dominguez,2336,hailey.mckay@bilearner.com,TNS,Terminated for Cause,Part-Time,Zone C,Part-Time,Production,Production Operations,1987-03-21,MA,Female,US-MA-01,Other,Divorced,Fully Meets,3
1228,Jaquan,Rowland,2010-05-28,,Production Technician I,Julianne Shaw,2414,jaquan.rowland@bilearner.com,WBL,Active,Full-Time,Zone A,Full-Time,Production,Production Operations,1963-06-02,MA,Female,US-MA-02,Other,Widowed,Fully Meets,3
1229,David,Velez,2021-01-04,,Production Technician I,Lillie Leblanc,1274,david.velez@bilearner.com,BPC,Active,Full-Time,Zone C,Full-Time,Production,Production Operations,1993-07-01,MA,Female,US-MA-03,Black,Single,Fully Meets,3
1230,Joslyn,Patel,2019-10-19,,Production Technician I,Cesar Hunter,2470,joslyn.patel@bilearner.com,CCDR,Active,Full-Time,Zone C,Full-Time,Production,Production Operations,1974-09-18,MA,Female,US-MA-01,Hispanic,Widowed,Fully Meets,4
1231,Colt,Archer,2020-06-06,,Production Manager,Lillie Leblanc,1274,colt.archer@bilearner.com,EW,Active,Full-Time,Zone B,Full-Time,Production,Production Operations,1994-10-03,MA,Female,US-MA-02,Black,Married,Fully Meets,4
1232,Abbigail,Cameron,2014-01-29,,Production Manager,Colby Wolfe,1144,abbigail.cameron@bilearner.com,MSC,Active,Full-Time,Zone B,Full-Time,Production,Production Operations,1972-03-16,MA,Female,US-MA-03,Other,Single,Fully Meets,3
1233,Anastasia,Escobar,2011-08-03,,Production Technician II,Leticia Parks,2378,anastasia.escobar@bilearner.com,WBL,Active,Part-Time,Zone B,Part-Time,Production,Production Operations,1992-05-07,MA,Male,US-MA-01,Other,Divorced,Fully Meets,3
1234,Ronin,Mclaughlin,2021-12-12,2022-07-29,Production Technician II,Terry Gay,2298,ronin.mclaughlin@bilearner.com,NEL,Retired,Full-Time,Zone C,Full-Time,Production,Production Operations,1955-09-04,MA,Female,US-MA-02,Black,Divorced,Fully Meets,3
1235,Aliana,Pena,2021-01-14,,Production Technician II,Jaydan Hoffman,2317,aliana.pena@bilearner.com,PL,Active,Part-Time,Zone C,Part-Time,Production,Production Operations,1998-05-17,MA,Female,US-MA-03,Other,Widowed,Fully Meets,4
1236,Ramon,Goodwin,2010-04-08,2011-01-16,Production Technician II,Colby Wolfe,1144,ramon.goodwin@bilearner.com,BPC,Retired,Full-Time,Zone C,Full-Time,Production,Production Operations,1946-12-11,MA,Female,US-MA-01,White,Married,Fully Meets,4
1237,Cory,Saunders,2010-09-29,2012-07-27,Production Technician II,Faith Golden,2318,cory.saunders@bilearner.com,CCDR,Voluntarily Terminated,Full-Time,Zone C,Full-Time,Production,Production Operations,1975-12-17,MA,Female,US-MA-02,Black,Divorced,Fully Meets,3
1238,Alessandra,Huynh,2017-07-21,2019-04-06,Production Technician I,Nathaly Stuart,2411,alessandra.huynh@bilearner.com,SVG,Voluntarily Terminated,Full-Time,Zone C,Full-Time,Production,Production Operations,1968-09-12,MA,Female,US-MA-03,Other,Single,Fully Meets,4
1239,Maeve,Holmes,2025-02-20,2026-01-16,Production Technician I,Mila Poole,2453,maeve.holmes@bilearner.com,TNS,Voluntarily Terminated,Full-Time,Zone C,Full-Time,Production,Production Operations,2001-07-09,MA,Female,US-MA-01,Hispanic,Single,Fully Meets,4
1240,Alejandra,Mclean,2023-07-30,,Production Technician I,Colby Wolfe,1144,alejandra.mclean@bilearner.com,PYZ,Active,Full-Time,Zone C,Full-Time,Production,Production Operations,1985-04-11,MA,Female,US-MA-02,Asian,Single,Fully Meets,4
1241,Reuben,Potter,2008-01-27,2009-09-06,Production Technician I,Michael Albert,2275,reuben.potter@bilearner.com,WBL,Voluntarily Terminated,Full-Time,Zone C,Full-Time,Production,Production Operations,1983-01-15,MA,Female,US-MA-03,Black,Married,Fully Meets,4
1242,Marilyn,Greer,2019-01-31,,Production Technician I,Eli Owens,2342,marilyn.greer@bilearner.com,NEL,Active,Full-Time,Zone C,Full-Time,Production,Production Operations,1959-03-18,MA,Female,US-MA-01,White,Married,Fully Meets,3
1243,Camila,Nichols,2023-07-11,,Production Technician I,Faith Golden,2318,camila.nichols@bilearner.com,PL,Active,Full-Time,Zone C,Full-Time,Production,Production Operations,1979-03-07,MA,Female,US-MA-02,White,Widowed,Fully Meets,3
1244,Iris,Bruce,2012-01-08,,Production Technician I,Ally Brennan,2516,iris.bruce@bilearner.com,BPC,Active,Full-Time,Zone B,Full-Time,Production,Production Operations,1987-10-18,MA,Male,US-MA-03,Asian,Married,Fully Meets,3
1245,Henry,Pratt,2022-08-25,,Production Technician I,Teagan Fletcher,2440,henry.pratt@bilearner.com,CCDR,Active,Full-Time,Zone C,Full-Time,Production,Production Operations,1961-02-03,MA,Male,US-MA-01,White,Widowed,Fully Meets,3
1246,Kira,Soto,2008-07-02,2009-02-20,Production Technician I,Ariel Cervantes,2322,kira.soto@bilearner.com,SVG,Retired,Full-Time,Zone C,Full-Time,Production,Production Operations,1943-11-14,MA,Male,US-MA-02,Black,Widowed,Fully Meets,3
1247,Ashanti,Scott,2003-12-19,,Production Technician I,Amy Dunn,2277,ashanti.scott@bilearner.com,EW,Active,Part-Time,Zone A,Part-Time,Production,Production Operations,1972-03-26,MA,Female,US-MA-03,Other,Single,Fully Meets,3
1248,Sarahi,Burke,2021-12-11,2022-10-30,Production Technician I,Charles Bozzi,2282,sarahi.burke@bilearner.com,MSC,Voluntarily Terminated,Full-Time,Zone C,Full-Time,Production,Production Operations,1988-09-09,MA,Female,US-MA-01,White,Divorced,Fully Meets,3
1249,Aimee,Terry,2019-09-27,2020-06-27,Production Technician I,Mila Poole,2453,aimee.terry@bilearner.com,TNS,Voluntarily Terminated,Full-Time,Zone C,Full-Time,Production,Production Operations,1996-11-30,MA,Female,US-MA-02,Asian,Divorced,Fully Meets,3
1250,Jerimiah,Jackson,2012-07-26,,Production Technician I,Julianne Shaw,2414,jerimiah.jackson@bilearner.com,BPC,Active,Full-Time,Zone B,Full-Time,Production,Production Operations,1990-12-08,MA,Female,US-MA-03,Black,Widowed,Fully Meets,3
1251,Callie,Murray,2021-08-01,,Production Technician I,Colby Wolfe,1144,callie.murray@bilearner.com,CCDR,Active,Contract,Zone C,Temporary,Production,Production Operations,1985-02-22,MA,Female,US-MA-01,Asian,Married,Fully Meets,3
1252,Fabian,Young,2024-06-02,2025-08-29,Production Manager,Fabian Mullins,2452,fabian.young@bilearner.com,EW,Voluntarily Terminated,Full-Time,Zone B,Full-Time,Production,Production Operations,1982-02-21,MA,Female,US-MA-02,Asian,Divorced,Fully Meets,3
1253,Juliette,Morton,2023-05-30,2024-05-31,Production Manager,Odin Sampson,2456,juliette.morton@bilearner.com,MSC,Terminated for Cause,Full-Time,Zone B,Full-Time,Production,Production Operations,1971-05-15,MA,Female,US-MA-03,Asian,Divorced,Fully Meets,3
1254,Alyvia,Sellers,2023-01-19,,Production Technician II,Isiah Decker,1165,alyvia.sellers@bilearner.com,WBL,Active,Full-Time,Zone C,Full-Time,Production,Production Operations,1992-04-04,MA,Female,US-MA-01,White,Married,Fully Meets,3
1255,Tyler,Gay,2019-12-20,2023-01-17,Production Technician II,Trey Johnston,2506,tyler.gay@bilearner.com,NEL,Voluntarily Terminated,Full-Time,Zone C,Full-Time,Production,Production Operations,1984-11-24,MA,Female,US-MA-02,Black,Married,Fully Meets,3
1256,Noemi,Randall,2017-07-21,,Production Technician II,Julianne Shaw,2414,noemi.randall@bilearner.com,PL,Active,Part-Time,Zone C,Part-Time,Production,Production Operations,1991-08-14,MA,Female,US-MA-03,White,Widowed,Fully Meets,3
1257,Jazlene,Lozano,2012-03-06,,Production Technician II,Leticia Parks,2378,jazlene.lozano@bilearner.com,BPC,Active,Contract,Zone B,Temporary,Production,Production Operations,1978-11-07,MA,Female,US-MA-01,Asian,Divorced,Fully Meets,3
1258,Jennifer,Salazar,2013-10-13,,Production Technician II,Sawyer Little,2385,jennifer.salazar@bilearner.com,CCDR,Active,Full-Time,Zone B,Full-Time,Production,Production Operations,1977-10-16,MA,Female,US-MA-02,Other,Widowed,Fully Meets,3
1259,Vaughn,Leonard,2018-03-09,2022-11-07,Production Technician I,Ariana Strickland,2294,vaughn.leonard@bilearner.com,SVG,Retired,Full-Time,Zone C,Full-Time,Production,Production Operations,1956-07-14,MA,Male,US-MA-03,White,Single,Fully Meets,3
1260,Caitlin,Robertson,2024-03-07,,Production Technician I,Faith Golden,2318,caitlin.robertson@bilearner.com,TNS,Active,Full-Time,Zone C,Full-Time,Production,Production Operations,1975-12-12,MA,Female,US-MA-01,Asian,Married,Fully Meets,4
1261,Elyse,Huerta,2022-03-25,,Production Technician I,Faith Golden,2318,elyse.huerta@bilearner.com,PYZ,Active,Full-Time,Zone C,Full-Time,Production,Production Operations,1959-09-27,MA,Female,US-MA-02,Hispanic,Married,Fully Meets,3
1262,Kyle,Sanders,2023-08-07,2026-02-20,Production Technician I,Nathaly Stuart,2411,kyle.sanders@bilearner.com,WBL,Voluntarily Terminated,Full-Time,Zone C,Full-Time,Production,Production Operations,1977-03-16,MA,Female,US-MA-03,Hispanic,Widowed,Fully Meets,3
1263,Barrett,Jennings,2014-09-25,,Production Technician I,Leticia Parks,2378,barrett.jennings@bilearner.com,NEL,Active,Full-Time,Zone B,Full-Time,Production,Production Operations,1990-02-10,MA,Female,US-MA-01,Hispanic,Divorced,Fully Meets,3
1264,Darius,Koch,2026-04-24,,Production Technician I,Rachael Buck,1186,darius.koch@bilearner.com,PL,Active,Full-Time,Zone C,Full-Time,Production,Production Operations,1998-10-23,MA,Female,US-MA-02,Hispanic,Married,Fully Meets,3
1265,Kolton,Dawson,2021-05-07,2022-09-05,Production Technician I,Isabela Collins,1121,kolton.dawson@bilearner.com,BPC,Voluntarily Terminated,Full-Time,Zone C,Full-Time,Production,Production Operations,1976-05-28,MA,Male,US-MA-03,Black,Widowed,Fully Meets,4
1266,Ciara,Cole,2007-07-10,2008-10-24,Production Technician I,Uriel Brennan,2386,ciara.cole@bilearner.com,CCDR,Voluntarily Terminated,Full-Time,Zone C,Full-Time,Production,Production Operations,1971-04-04,MA,Male,US-MA-01,Hispanic,Divorced,Fully Meets,3
1267,Virginia,Wallace,2010-09-30,2013-07-05,Production Technician I,Walter Immediato,2279,virginia.wallace@bilearner.com,SVG,Terminated for Cause,Contract,Zone C,Temporary,Production,Production Operations,1971-09-11,MA,Female,US-MA-02,White,Divorced,Fully Meets,4
1268,Malik,Ochoa,2007-06-15,,Production Technician I,Walter Immediato,2279,malik.ochoa@bilearner.com,EW,Active,Full-Time,Zone A,Full-Time,Production,Production Operations,1961-12-26,MA,Female,US-MA-03,Other,Single,Fully Meets,3
1269,Elyse,Pratt,2015-06-06,,Production Technician I,Jesus Hendricks,2341,elyse.pratt@bilearner.com,MSC,Active,Full-Time,Zone B,Full-Time,Production,Production Operations,1965-04-28,MA,Female,US-MA-01,Black,Divorced,Fully Meets,3
1270,Yahir,Hill,2021-06-18,2023-03-24,Production Technician I,Cesar Hunter,2470,yahir.hill@bilearner.com,TNS,Voluntarily Terminated,Full-Time,Zone C,Full-Time,Production,Production Operations,1967-10-17,MA,Female,US-MA-02,Hispanic,Married,Fully Meets,4
1271,Harley,Abbott,2014-09-16,,Production Technician I,Kyle Ali,2490,harley.abbott@bilearner.com,PYZ,Active,Full-Time,Zone B,Full-Time,Production,Production Operations,1994-10-03,MA,Female,US-MA-03,Asian,Widowed,Fully Meets,3
1272,Dawson,Pratt,2024-02-28,2025-03-02,Production Technician I,Marquise Pacheco,2464,dawson.pratt@bilearner.com,WBL,Voluntarily Terminated,Full-Time,Zone C,Full-Time,Production,Production Operations,1971-05-27,MA,Female,US-MA-01,Black,Single,Fully Meets,4
1273,Michaela,Smith,2025-04-12,2026-04-13,Production Manager,Jordon Meadows,1163,michaela.smith@bilearner.com,NEL,Voluntarily Terminated,Full-Time,Zone B,Full-Time,Production,Production Operations,1989-08-22,MA,Female,US-MA-02,Asian,Single,Fully Meets,4
1274,Lillie,Leblanc,2018-10-19,,Production Manager,Humberto Rocha,2438,lillie.leblanc@bilearner.com,PL,Active,Full-Time,Zone B,Full-Time,Production,Production Operations,1975-11-06,MA,Female,US-MA-03,Black,Single,Fully Meets,3
1275,Sincere,Rivera,2016-04-22,,Production Technician II,Ibrahim Wolfe,1142,sincere.rivera@bilearner.com,CCDR,Active,Full-Time,Zone B,Full-Time,Production,Production Operations,1982-06-19,MA,Female,US-MA-01,Other,Single,Fully Meets,3
1276,Lucas,Good,2010-01-01,,Production Technician II,Teagan Fletcher,2440,lucas.good@bilearner.com,EW,Active,Contract,Zone A,Temporary,Production,Production Operations,1978-04-21,MA,Female,US-MA-02,White,Married,Fully Meets,3
1277,Jonas,Hernandez,2009-03-12,,Production Technician II,Amy Dunn,2277,jonas.hernandez@bilearner.com,MSC,Active,Part-Time,Zone A,Part-Time,Production,Production Operations,1984-05-10,MA,Female,US-MA-03,Other,Single,Fully Meets,3
1278,Cason,Tyler,2009-07-12,,Production Technician II,Teagan Fletcher,2440,cason.tyler@bilearner.com,NEL,Active,Contract,Zone A,Temporary,Production,Production Operations,1984-07-16,MA,Female,US-MA-01,White,Divorced,Fully Meets,3
1279,Malachi,Singleton,2020-08-17,2022-05-18,Production Technician II,Colt Archer,1231,malachi.singleton@bilearner.com,PL,Voluntarily Terminated,Full-Time,Zone C,Full-Time,Production,Production Operations,1994-07-16,MA,Female,US-MA-02,White,Married,Fully Meets,3
1280,Natalie,Christensen,2018-09-30,,Production Technician I,Uriel Brennan,2386,natalie.christensen@bilearner.com,MSC,Active,Full-Time,Zone C,Full-Time,Production,Production Operations,1987-08-20,MA,Male,US-MA-03,Black,Single,Fully Meets,3
1281,Jordyn,Sheppard,2015-04-07,2016-06-12,Production Technician I,Payton Nolan,2377,jordyn.sheppard@bilearner.com,TNS,Voluntarily Terminated,Full-Time,Zone C,Full-Time,Production,Production Operations,1968-12-19,MA,Female,US-MA-01,White,Widowed,Fully Meets,3
1282,Rohan,Matthews,2016-11-01,2018-04-16,Production Technician I,Ally Brennan,2516,rohan.matthews@bilearner.com,BPC,Voluntarily Terminated,Full-Time,Zone C,Full-Time,Production,Production Operations,1980-12-28,MA,Female,US-MA-02,Black,Widowed,Fully Meets,3
1283,Taniya,Stafford,2003-12-03,,Production Technician I,Amy Dunn,2277,taniya.stafford@bilearner.com,CCDR,Active,Full-Time,Zone A,Full-Time,Production,Production Operations,1978-04-06,MA,Female,US-MA-03,Asian,Married,Fully Meets,3
1284,Cherish,Preston,2009-04-18,,Production Technician I,Leticia Parks,2378,cherish.preston@bilearner.com,EW,Active,Full-Time,Zone A,Full-Time,Production,Production Operations,1985-01-28,MA,Female,US-MA-01,Other,Married,Fully Meets,3
1285,Briley,Hanson,2012-11-08,,Production Technician I,Leticia Parks,2378,briley.hanson@bilearner.com,MSC,Active,Full-Time,Zone B,Full-Time,Production,Production Operations,1994-07-21,MA,Male,US-MA-02,Hispanic,Widowed,Fully Meets,3
1286,Hugo,Tate,2016-04-28,2017-09-12,Production Technician I,Rosa Rosales,2451,hugo.tate@bilearner.com,NEL,Voluntarily Terminated,Full-Time,Zone C,Full-Time,Production,Production Operations,1976-05-05,MA,Male,US-MA-03,Asian,Divorced,Fully Meets,3
1287,Daniel,Griffin,2021-04-02,2022-04-02,Production Technician I,Walter Dominguez,2336,daniel.griffin@bilearner.com,PL,Voluntarily Terminated,Full-Time,Zone C,Full-Time,Production,Production Operations,1986-06-18,MA,Female,US-MA-01,Black,Widowed,Fully Meets,3
1288,Dakota,Salinas,2011-12-10,2013-05-14,Production Technician I,Kaylyn Joyce,2419,dakota.salinas@bilearner.com,PYZ,Terminated for Cause,Full-Time,Zone C,Full-Time,Production,Production Operations,1973-12-26,MA,Female,US-MA-02,Hispanic,Single,Fully Meets,3
1289,Janiyah,Ballard,2022-07-08,,Production Technician I,Leland Chang,2416,janiyah.ballard@bilearner.com,SVG,Active,Full-Time,Zone C,Full-Time,Production,Production Operations,1996-08-21,MA,Female,US-MA-03,Other,Single,Fully Meets,3
1290,Annika,Malone,2013-03-13,,Production Technician I,Kaylyn Joyce,2419,annika.malone@bilearner.com,TNS,Active,Full-Time,Zone B,Full-Time,Production,Production Operations,1992-03-30,MA,Female,US-MA-01,White,Married,Fully Meets,3
1291,Celeste,Lin,2016-10-09,2021-12-13,Production Technician I,Ibrahim Wolfe,1142,celeste.lin@bilearner.com,WBL,Terminated for Cause,Contract,Zone C,Temporary,Production,Production Operations,1988-03-12,MA,Female,US-MA-02,Black,Divorced,Fully Meets,4
1292,Larissa,Warner,2025-12-07,,Production Technician I,Milagros Foley,1185,larissa.warner.1292@bilearner.com,BPC,Active,Part-Time,Zone C,Part-Time,Production,Production Operations,1962-12-29,MA,Female,US-MA-03,White,Divorced,Fully Meets,3
1293,Lawrence,Cross,2005-10-13,2007-03-26,Production Technician I,Uriel Brennan,2386,lawrence.cross@bilearner.com,CCDR,Voluntarily Terminated,Full-Time,Zone C,Full-Time,Production,Production Operations,1950-01-18,MA,Female,US-MA-01,Asian,Single,Fully Meets,4
1294,Kara,Barnes,2017-05-23,2017-12-19,Production Manager,Eli Owens,2342,kara.barnes@bilearner.com,EW,Terminated for Cause,Full-Time,Zone B,Full-Time,Production,Production Operations,1970-09-28,MA,Female,US-MA-02,Hispanic,Single,Fully Meets,4
1295,Emery,Schmidt,2013-07-08,,Production Technician II,Uriel Brennan,2386,emery.schmidt@bilearner.com,PYZ,Active,Full-Time,Zone B,Full-Time,Production,Production Operations,1970-10-24,MA,Female,US-MA-03,Other,Married,Fully Meets,4
1296,Adalyn,Vaughan,2023-10-11,2025-05-07,Production Technician II,Ariel Cervantes,2322,adalyn.vaughan@bilearner.com,WBL,Voluntarily Terminated,Part-Time,Zone C,Part-Time,Production,Production Operations,1985-01-27,MA,Female,US-MA-01,Asian,Widowed,Fully Meets,4
1297,Chase,Lloyd,2021-04-28,2026-04-01,Production Technician II,Milagros Foley,1185,chase.lloyd@bilearner.com,NEL,Voluntarily Terminated,Full-Time,Zone C,Full-Time,Production,Production Operations,1968-08-08,MA,Female,US-MA-02,Other,Married,Fully Meets,3
1298,Hallie,Delacruz,2014-03-12,,Production Technician II,Michael Albert,2275,hallie.delacruz@bilearner.com,PL,Active,Contract,Zone B,Temporary,Production,Production Operations,1983-03-10,MA,Female,US-MA-03,Black,Married,Fully Meets,3
1299,Tia,Atkins,2019-06-24,,Production Technician II,Walter Dominguez,2336,tia.atkins@bilearner.com,BPC,Active,Full-Time,Zone C,Full-Time,Production,Production Operations,1970-06-04,MA,Female,US-MA-01,Asian,Widowed,Fully Meets,3
1300,Nia,Nicholson,2023-02-26,,Production Technician II,Justice Pineda,1164,nia.nicholson@bilearner.com,CCDR,Active,Full-Time,Zone C,Full-Time,Production,Production Operations,1967-09-05,MA,Female,US-MA-02,Black,Married,Fully Meets,3
1301,Lilian,Norton,2005-09-22,2008-02-26,Production Technician I,Michael Albert,2275,lilian.norton@bilearner.com,MSC,Voluntarily Terminated,Full-Time,Zone C,Full-Time,Production,Production Operations,1950-03-28,MA,Female,US-MA-03,Asian,Widowed,Fully Meets,3
1302,Aliana,Pennington,2010-09-29,2021-06-20,Production Technician I,Ariel Cervantes,2322,aliana.pennington@bilearner.com,TNS,Voluntarily Terminated,Full-Time,Zone B,Full-Time,Production,Production Operations,1982-01-13,MA,Female,US-MA-01,Other,Married,Fully Meets,3
1303,Estrella,Benitez,2021-08-21,,Production Technician I,Webster L Butler,2285,estrella.benitez@bilearner.com,PYZ,Active,Full-Time,Zone C,Full-Time,Production,Production Operations,1999-11-18,MA,Female,US-MA-02,Hispanic,Single,Fully Meets,3
1304,Kylie,Gilbert,2013-09-07,,Production Technician I,Kaylyn Joyce,2419,kylie.gilbert@bilearner.com,WBL,Active,Full-Time,Zone B,Full-Time,Production,Production Operations,1966-08-18,MA,Female,US-MA-03,Asian,Widowed,Fully Meets,3
1305,Oscar,Munoz,2020-02-18,2021-09-18,Production Technician I,Jesus Hendricks,2341,oscar.munoz@bilearner.com,NEL,Voluntarily Terminated,Full-Time,Zone C,Full-Time,Production,Production Operations,1998-11-14,MA,Male,US-MA-01,White,Married,Fully Meets,3
1306,Dane,Barton,2001-10-08,,Production Technician I,Marlon Stanton,2304,dane.barton@bilearner.com,PL,Active,Full-Time,Zone A,Full-Time,Production,Production Operations,1962-08-15,MA,Male,US-MA-02,Hispanic,Single,Fully Meets,3
1307,Dexter,Cline,2020-04-24,2022-07-30,Production Technician I,Marquise Pacheco,2464,dexter.cline@bilearner.com,BPC,Voluntarily Terminated,Contract,Zone C,Temporary,Production,Production Operations,1981-02-24,MA,Male,US-MA-03,Black,Married,Fully Meets,3
1308,Atticus,Frost,2009-04-20,2010-08-03,Production Technician I,Teagan Fletcher,2440,atticus.frost@bilearner.com,CCDR,Voluntarily Terminated,Contract,Zone C,Temporary,Production,Production Operations,1980-10-03,MA,Female,US-MA-01,Asian,Divorced,Fully Meets,3
1309,Yamilet,Cohen,2022-12-30,,Production Technician I,Isabela Collins,1121,yamilet.cohen@bilearner.com,SVG,Active,Contract,Zone C,Temporary,Production,Production Operations,1980-05-15,MA,Female,US-MA-02,Other,Widowed,Fully Meets,3
1310,Emmalee,Reynolds,2013-01-14,2015-03-26,Production Technician I,Uriel Brennan,2386,emmalee.reynolds@bilearner.com,EW,Terminated for Cause,Full-Time,Zone C,Full-Time,Production,Production Operations,1988-02-11,MA,Female,US-MA-03,Asian,Single,Fully Meets,3
1311,Moshe,Taylor,2012-02-16,2016-08-29,Production Technician I,Ariana Strickland,2294,moshe.taylor@bilearner.com,MSC,Voluntarily Terminated,Full-Time,Zone C,Full-Time,Production,Production Operations,1987-02-22,MA,Male,US-MA-01,Asian,Single,Fully Meets,4
1312,Irene,Melton,2026-02-13,,Production Technician I,Brianna Hurley,2471,irene.melton@bilearner.com,TNS,Active,Full-Time,Zone C,Full-Time,Production,Production Operations,1997-08-09,MA,Female,US-MA-02,Black,Widowed,Fully Meets,3
1313,Eddie,Whitney,2012-11-07,,Production Technician I,Julianne Shaw,2414,eddie.whitney@bilearner.com,PYZ,Active,Contract,Zone B,Temporary,Production,Production Operations,1957-12-04,MA,Female,US-MA-03,Hispanic,Single,Fully Meets,3
1314,Marcel,Gomez,2023-03-07,2025-11-06,Production Technician I,Cesar Hunter,2470,marcel.gomez@bilearner.com,WBL,Voluntarily Terminated,Full-Time,Zone C,Full-Time,Production,Production Operations,1996-08-30,MA,Female,US-MA-01,White,Divorced,Fully Meets,3
1315,Amy,Foster-Baker,2013-03-15,,Sr. Accountant,Shyanne Stark,1044,amy.foster-baker@bilearner.com,NEL,Active,Contract,Zone B,Temporary,Admin Offices,Finance & Accounting,1962-05-12,MA,Female,US-MA-02,Asian,Widowed,Fully Meets,3
1316,Janet,King,2020-04-24,2024-03-19,President & CEO,Camden Mcclure,2441,janet.king@bilearner.com,CCDR,Retired,Full-Time,Zone A,Full-Time,Executive Office,Executive Leadership,1955-10-24,MA,Female,US-MA-03,Asian,Single,Fully Meets,3
1317,Bonalyn,Boutwell,2021-05-15,2022-06-19,Sr. Accountant,Abdullah Frederick,1080,bonalyn.boutwell@bilearner.com,MSC,Retired,Full-Time,Zone B,Full-Time,Admin Offices,Finance & Accounting,1956-08-27,MA,Female,US-MA-01,Black,Widowed,Fully Meets,3
1318,Nan,Singh,2020-02-12,2021-01-13,Administrative Assistant,Blaine Brooks,1033,nan.singh@bilearner.com,WBL,Voluntarily Terminated,Full-Time,Zone C,Full-Time,Admin Offices,Corporate Services,1984-05-14,MA,Female,US-MA-02,White,Divorced,Fully Meets,4
1319,Tyrone,Steans,2017-08-09,2020-02-10,Accountant I,Abdullah Frederick,1080,tyrone.steans@bilearner.com,EW,Terminated for Cause,Full-Time,Zone B,Full-Time,Admin Offices,Finance & Accounting,1964-07-23,MA,Male,US-MA-03,Asian,Married,Fully Meets,3
1320,Estelle,Howard,2014-10-25,,Administrative Assistant,Isai Alvarado,1061,estelle.howard@bilearner.com,WBL,Active,Part-Time,Zone B,Part-Time,Admin Offices,Corporate Services,1983-09-06,MA,Female,US-MA-01,White,Widowed,Fully Meets,3
1321,William,LaRotonda,2010-04-03,2014-11-19,Accountant I,Shyanne Stark,1044,william.larotonda@bilearner.com,TNS,Terminated for Cause,Contract,Zone B,Temporary,Admin Offices,Finance & Accounting,1958-03-16,MA,Male,US-MA-02,Black,Single,Fully Meets,3
1322,Mia,Brown,2025-01-24,2025-11-23,Accountant I,Tucker Haas,2461,mia.brown@bilearner.com,TNS,Voluntarily Terminated,Full-Time,Zone B,Full-Time,Admin Offices,Finance & Accounting,1985-05-18,MA,Female,US-MA-03,Hispanic,Widowed,Fully Meets,3
1323,Leigh Ann,Smith,2024-03-09,,Administrative Assistant,Isai Alvarado,1061,leigh ann.smith@bilearner.com,PL,Active,Full-Time,Zone C,Full-Time,Admin Offices,Corporate Services,1995-10-05,MA,Female,US-MA-01,Black,Divorced,Fully Meets,3
1324,Peter,Foley,2010-02-21,,Accountant I,Isai Alvarado,1061,peter.foley@bilearner.com,MSC,Active,Full-Time,Zone A,Full-Time,Admin Offices,Finance & Accounting,1986-10-28,MA,Female,US-MA-02,Hispanic,Single,Fully Meets,3
1325,Maximus,Carney,2026-05-21,,Accountant I,Taylor Gamble,1090,maximus.carney@bilearner.com,TNS,Active,Contract,Zone B,Temporary,Admin Offices,Finance & Accounting,1982-05-02,MA,Female,US-MA-03,Black,Divorced,Fully Meets,4
1326,Jaida,Sweeney,2016-02-06,2017-05-03,Sr. Network Engineer,Carlos Mccoy,2274,jaida.sweeney@bilearner.com,PYZ,Voluntarily Terminated,Full-Time,Zone B,Full-Time,IT/IS,IT Infrastructure,1977-11-17,MA,Male,US-MA-01,White,Widowed,Fully Meets,4
1327,Rhys,Lawson,2015-12-12,,Sr. Network Engineer,Simon Roup,2481,rhys.lawson@bilearner.com,WBL,Active,Full-Time,Zone B,Full-Time,IT/IS,IT Infrastructure,1960-02-20,MA,Male,US-MA-02,White,Single,Fully Meets,4
1328,Skyler,Robles,2004-03-18,2005-10-01,Sr. Network Engineer,Carla Willis,2251,skyler.robles@bilearner.com,NEL,Terminated for Cause,Full-Time,Zone B,Full-Time,IT/IS,IT Infrastructure,1975-12-24,MA,Male,US-MA-03,Asian,Single,Fully Meets,3
1329,Allyson,Keller,2024-03-28,2024-08-10,Software Engineer,Elisabeth Bradley,2566,allyson.keller@bilearner.com,PL,Retired,Contract,Zone B,Temporary,Software Engineering,Software Engineering,1958-11-01,MA,Male,US-MA-01,Black,Widowed,Fully Meets,4
1330,Eddie,Bauer,2013-07-04,2015-10-27,Accountant I,Isai Alvarado,1061,eddie.bauer@bilearner.com,MSC,Voluntarily Terminated,Full-Time,Zone B,Full-Time,Admin Offices,Finance & Accounting,1990-03-01,MA,Female,US-MA-02,White,Divorced,Fully Meets,4
1331,Roger,Taylor,2008-11-21,,Accountant I,Shyanne Stark,1044,roger.taylor@bilearner.com,TNS,Active,Full-Time,Zone A,Full-Time,Admin Offices,Finance & Accounting,1985-12-19,MA,Female,US-MA-03,Black,Widowed,Fully Meets,3
1332,Marshall,Sellers,2003-10-31,,Sr. Network Engineer,Carla Willis,2251,marshall.sellers@bilearner.com,PYZ,Active,Full-Time,Zone A,Full-Time,IT/IS,IT Infrastructure,1964-03-10,MA,Male,US-MA-01,Hispanic,Divorced,Fully Meets,4
1333,Cloe,Mcgrath,2023-06-30,,Sr. Network Engineer,Keshawn Gilmore,2258,cloe.mcgrath@bilearner.com,WBL,Active,Full-Time,Zone B,Full-Time,IT/IS,IT Infrastructure,1978-04-15,MA,Male,US-MA-02,Black,Divorced,Fully Meets,3
1334,Susan,Gordon,2008-12-06,2011-10-04,Sr. Network Engineer,Odin Key,2545,susan.gordon@bilearner.com,NEL,Voluntarily Terminated,Full-Time,Zone B,Full-Time,IT/IS,IT Infrastructure,1952-09-23,MA,Male,US-MA-03,Other,Widowed,Fully Meets,3
1335,Makenna,Newton,2017-06-26,,Software Engineer,Elisabeth Bradley,2566,makenna.newton@bilearner.com,NEL,Active,Full-Time,Zone B,Full-Time,Software Engineering,Software Engineering,1996-10-30,MA,Female,US-MA-01,White,Divorced,Fully Meets,3
1336,Kellen,Smith,2021-03-20,2022-12-30,Accountant I,Blaine Brooks,1033,kellen.smith@bilearner.com,TNS,Voluntarily Terminated,Full-Time,Zone B,Full-Time,Admin Offices,Finance & Accounting,1964-02-29,MA,Female,US-MA-02,Black,Married,Fully Meets,3
1337,Sherlyn,Carroll,2014-06-19,2015-03-02,Accountant I,Shyanne Stark,1044,sherlyn.carroll@bilearner.com,WBL,Retired,Full-Time,Zone B,Full-Time,Admin Offices,Finance & Accounting,1953-03-30,MA,Female,US-MA-03,White,Single,Fully Meets,3
1338,Rogelio,Flores,2003-02-10,,Sr. Network Engineer,Carla Willis,2251,rogelio.flores@bilearner.com,BPC,Active,Full-Time,Zone A,Full-Time,IT/IS,IT Infrastructure,1962-04-13,MA,Male,US-MA-01,Other,Widowed,Fully Meets,4
1339,Kadence,Gentry,2020-11-22,2023-04-21,Sr. Network Engineer,Kenna Porter,1661,kadence.gentry@bilearner.com,CCDR,Terminated for Cause,Full-Time,Zone B,Full-Time,IT/IS,IT Infrastructure,1981-11-19,MA,Male,US-MA-02,Hispanic,Widowed,Fully Meets,3
1340,Willow,Golden,2018-12-21,2021-08-06,Sr. Network Engineer,Carla Willis,2251,willow.golden@bilearner.com,EW,Voluntarily Terminated,Full-Time,Zone B,Full-Time,IT/IS,IT Infrastructure,1965-05-01,MA,Male,US-MA-03,White,Divorced,Fully Meets,3
1341,Amiyah,Sims,2016-04-06,,Software Engineering Manager,Precious Roth,3965,amiyah.sims@bilearner.com,CCDR,Active,Full-Time,Zone B,Full-Time,Software Engineering,Software Engineering,1979-02-22,MA,Female,US-MA-01,Hispanic,Single,Fully Meets,4
1342,Jeffery,Hogan,2006-06-20,2006-12-28,Accountant I,Isai Alvarado,1061,jeffery.hogan@bilearner.com,EW,Voluntarily Terminated,Full-Time,Zone B,Full-Time,Admin Offices,Finance & Accounting,1985-06-30,MA,Female,US-MA-02,Asian,Single,Fully Meets,4
1343,Shaniya,Hamilton,2017-08-23,2017-12-25,Accountant I,Abdullah Frederick,1080,shaniya.hamilton@bilearner.com,MSC,Voluntarily Terminated,Full-Time,Zone B,Full-Time,Admin Offices,Finance & Accounting,1958-05-31,MA,Female,US-MA-03,White,Married,Fully Meets,3
1344,Johan,Willis,2012-09-29,,Accountant I,Isai Alvarado,1061,johan.willis@bilearner.com,TNS,Active,Contract,Zone B,Temporary,Admin Offices,Finance & Accounting,1980-12-21,MA,Male,US-MA-01,White,Single,Fully Meets,4
1345,Seth,Alvarez,2014-11-11,,Sr. Network Engineer,Peter Monroe,2483,seth.alvarez@bilearner.com,PYZ,Active,Full-Time,Zone B,Full-Time,IT/IS,IT Infrastructure,1978-05-13,MA,Male,US-MA-02,Other,Single,Fully Meets,4
1346,Aron,Grant,2019-10-11,2022-06-24,Sr. Network Engineer,Eden Choi,2568,aron.grant@bilearner.com,WBL,Terminated for Cause,Contract,Zone B,Temporary,IT/IS,IT Infrastructure,2000-01-31,MA,Male,US-MA-03,White,Divorced,Fully Meets,3
1347,Haleigh,Carter,2019-08-13,2022-07-03,Sr. Network Engineer,Maximilian Williamson,2523,haleigh.carter@bilearner.com,NEL,Voluntarily Terminated,Contract,Zone B,Temporary,IT/IS,IT Infrastructure,1995-03-21,MA,Male,US-MA-01,Hispanic,Married,Fully Meets,3
1348,Tatiana,Ayala,2024-04-12,2025-07-01,Software Engineering Manager,Precious Roth,3965,tatiana.ayala@bilearner.com,WBL,Voluntarily Terminated,Full-Time,Zone B,Full-Time,Software Engineering,Software Engineering,1993-04-13,MA,Female,US-MA-02,Other,Married,Fully Meets,3
1349,Kaylynn,Mcguire,2021-08-24,2023-01-05,Accountant I,Brandon R LeBlanc,2289,kaylynn.mcguire@bilearner.com,EW,Retired,Full-Time,Zone B,Full-Time,Admin Offices,Finance & Accounting,1958-08-10,MA,Female,US-MA-03,White,Divorced,Fully Meets,3
1350,Timothy,Villarreal,2023-07-15,,Accountant I,Tucker Haas,2461,timothy.villarreal@bilearner.com,MSC,Active,Full-Time,Zone B,Full-Time,Admin Offices,Finance & Accounting,1968-11-02,MA,Female,US-MA-01,Black,Divorced,Fully Meets,3
1351,Elliott,Petersen,2014-04-02,,Accountant I,Shyanne Stark,1044,elliott.petersen@bilearner.com,TNS,Active,Full-Time,Zone B,Full-Time,Admin Offices,Finance & Accounting,1985-09-22,MA,Male,US-MA-02,White,Divorced,Fully Meets,3
1352,Lily,Tyler,2012-10-24,2017-10-23,Sr. Network Engineer,Eden Choi,2568,lily.tyler@bilearner.com,PYZ,Voluntarily Terminated,Part-Time,Zone B,Part-Time,IT/IS,IT Infrastructure,1974-06-18,MA,Male,US-MA-03,Other,Divorced,Fully Meets,3
1353,Noe,Mann,2023-02-16,2023-12-13,Sr. Network Engineer,Ashly Mullen,2561,noe.mann@bilearner.com,WBL,Voluntarily Terminated,Full-Time,Zone B,Full-Time,IT/IS,IT Infrastructure,1984-02-06,MA,Male,US-MA-01,White,Single,Fully Meets,4
1354,Christina,Terry,2009-02-07,2011-12-09,Software Engineering Manager,Chaz Bruce,3539,christina.terry@bilearner.com,WBL,Voluntarily Terminated,Full-Time,Zone B,Full-Time,Software Engineering,Software Engineering,1959-05-07,MA,Female,US-MA-02,Black,Widowed,Fully Meets,3
1355,Niko,Durham,2011-01-24,2011-10-20,Administrative Assistant,Shyanne Stark,1044,niko.durham@bilearner.com,SVG,Retired,Contract,Zone C,Temporary,Admin Offices,Corporate Services,1945-05-20,MA,Female,US-MA-03,Hispanic,Single,Fully Meets,4
1356,Dante,Strong,2024-08-12,2026-04-02,Accountant I,Brandon R LeBlanc,2289,dante.strong@bilearner.com,EW,Terminated for Cause,Full-Time,Zone B,Full-Time,Admin Offices,Finance & Accounting,1988-06-12,MA,Female,US-MA-01,Hispanic,Married,Fully Meets,3
1357,Angeline,Perez,2003-07-23,2004-05-12,Accountant I,Trey Johnston,2506,angeline.perez@bilearner.com,MSC,Voluntarily Terminated,Full-Time,Zone B,Full-Time,Admin Offices,Finance & Accounting,1972-07-04,MA,Male,US-MA-02,Black,Divorced,Fully Meets,3
1358,Jairo,Blanchard,2019-09-12,2021-06-15,Accountant I,Taylor Gamble,1090,jairo.blanchard@bilearner.com,TNS,Voluntarily Terminated,Full-Time,Zone B,Full-Time,Admin Offices,Finance & Accounting,1996-03-29,MA,Male,US-MA-03,Black,Married,Fully Meets,3
1359,Rishi,Watkins,2022-03-25,,Sr. Network Engineer,Milo Jensen,2225,rishi.watkins@bilearner.com,BPC,Active,Full-Time,Zone B,Full-Time,IT/IS,IT Infrastructure,1998-03-19,MA,Male,US-MA-01,Asian,Married,Fully Meets,3
1360,Immanuel,Goodwin,2016-07-09,,Sr. Network Engineer,Vanessa Zuniga,2504,immanuel.goodwin@bilearner.com,CCDR,Active,Full-Time,Zone B,Full-Time,IT/IS,IT Infrastructure,1964-09-25,MA,Male,US-MA-02,Asian,Divorced,PIP,1
1361,Elle,Berry,2024-08-04,2026-01-30,Sr. Accountant,Abdullah Frederick,1080,elle.berry@bilearner.com,BPC,Voluntarily Terminated,Contract,Zone B,Temporary,Admin Offices,Finance & Accounting,1982-11-28,MA,Female,US-MA-03,Black,Married,Exceeds,5
1362,Raphael,Francis,2026-05-24,2026-06-27,Administrative Assistant,Abdullah Frederick,1080,raphael.francis@bilearner.com,SVG,Voluntarily Terminated,Full-Time,Zone C,Full-Time,Admin Offices,Corporate Services,1983-10-11,MA,Female,US-MA-01,Asian,Widowed,Exceeds,5
1363,Hadley,Barrett,2018-03-21,,Accountant I,Abdullah Frederick,1080,hadley.barrett@bilearner.com,EW,Active,Full-Time,Zone B,Full-Time,Admin Offices,Finance & Accounting,1982-04-21,MA,Female,US-MA-02,Asian,Divorced,PIP,1
1364,Mollie,Jenkins,2024-10-25,2026-04-20,Accountant I,Tucker Haas,2461,mollie.jenkins@bilearner.com,MSC,Voluntarily Terminated,Full-Time,Zone B,Full-Time,Admin Offices,Finance & Accounting,1973-01-20,MA,Male,US-MA-03,White,Divorced,Exceeds,4
1365,Cali,Nolan,2020-03-31,,Accountant I,Abdullah Frederick,1080,cali.nolan@bilearner.com,TNS,Active,Contract,Zone B,Temporary,Admin Offices,Finance & Accounting,1982-07-13,MA,Male,US-MA-01,Hispanic,Widowed,Exceeds,5
1366,Malik,Crane,2009-08-14,2010-09-29,Sr. Network Engineer,Peter Monroe,2483,malik.crane@bilearner.com,PYZ,Terminated for Cause,Full-Time,Zone B,Full-Time,IT/IS,IT Infrastructure,1950-01-15,MA,Male,US-MA-02,Black,Single,Exceeds,4
1367,Bryce,Higgins,2007-01-09,,Sr. Network Engineer,Eden Choi,2568,bryce.higgins@bilearner.com,WBL,Active,Full-Time,Zone A,Full-Time,IT/IS,IT Infrastructure,1971-06-23,MA,Female,US-MA-03,White,Divorced,Exceeds,4
1368,Beatrice,Bean,2010-08-02,,Sr. Accountant,Isai Alvarado,1061,beatrice.bean@bilearner.com,PYZ,Active,Full-Time,Zone A,Full-Time,Admin Offices,Finance & Accounting,1984-05-10,MA,Female,US-MA-01,White,Widowed,Exceeds,5
1369,Shea,Novak,2017-03-16,,Administrative Assistant,Shyanne Stark,1044,shea.novak@bilearner.com,CCDR,Active,Full-Time,Zone C,Full-Time,Admin Offices,Corporate Services,1974-03-24,MA,Female,US-MA-02,Black,Married,Exceeds,4
1370,Mateo,Mcdaniel,2011-12-23,,Administrative Assistant,Isai Alvarado,1061,mateo.mcdaniel@bilearner.com,SVG,Active,Full-Time,Zone B,Full-Time,Admin Offices,Corporate Services,1992-12-13,MA,Female,US-MA-03,Black,Married,Exceeds,4
1371,Arianna,Carlson,2015-06-10,2018-07-26,Accountant I,Shyanne Stark,1044,arianna.carlson@bilearner.com,EW,Voluntarily Terminated,Full-Time,Zone B,Full-Time,Admin Offices,Finance & Accounting,1957-05-07,MA,Female,US-MA-01,Black,Married,Exceeds,4
1372,Frankie,Davenport,2014-06-18,,Accountant I,Isai Alvarado,1061,frankie.davenport@bilearner.com,MSC,Active,Full-Time,Zone B,Full-Time,Admin Offices,Finance & Accounting,1991-08-19,MA,Male,US-MA-02,White,Single,Exceeds,5
1373,Morgan,Hammond,2005-03-05,2008-09-21,Accountant I,Isai Alvarado,1061,morgan.hammond@bilearner.com,TNS,Terminated for Cause,Full-Time,Zone B,Full-Time,Admin Offices,Finance & Accounting,1986-04-20,MA,Male,US-MA-03,Other,Divorced,Exceeds,5
1374,Judith,Mccullough,2005-09-12,,Sr. Network Engineer,Carla Willis,2251,judith.mccullough@bilearner.com,PYZ,Active,Full-Time,Zone A,Full-Time,IT/IS,IT Infrastructure,1983-08-01,MA,Female,US-MA-01,White,Married,Exceeds,4
1375,Luca,Francis,2025-03-17,,Sr. Accountant,Abdullah Frederick,1080,luca.francis@bilearner.com,PYZ,Active,Contract,Zone B,Temporary,Admin Offices,Finance & Accounting,1999-07-07,MA,Female,US-MA-02,Asian,Divorced,Exceeds,5
1376,Mallory,Figueroa,2019-06-12,2020-05-05,Administrative Assistant,Taylor Gamble,1090,mallory.figueroa@bilearner.com,CCDR,Voluntarily Terminated,Part-Time,Zone C,Part-Time,Admin Offices,Corporate Services,1958-12-08,MA,Female,US-MA-03,Other,Single,Exceeds,4
1377,Larissa,Douglas,2010-07-09,2012-11-17,Administrative Assistant,Shyanne Stark,1044,larissa.douglas@bilearner.com,SVG,Voluntarily Terminated,Part-Time,Zone C,Part-Time,Admin Offices,Corporate Services,1968-05-18,MA,Female,US-MA-01,White,Divorced,Exceeds,5
1378,Konnor,Rivas,2012-09-09,,Accountant I,Isai Alvarado,1061,konnor.rivas@bilearner.com,EW,Active,Full-Time,Zone B,Full-Time,Admin Offices,Finance & Accounting,1975-03-06,MA,Female,US-MA-02,White,Married,PIP,1
1379,Fernanda,Yu,2010-10-01,,Accountant I,Shyanne Stark,1044,fernanda.yu@bilearner.com,MSC,Active,Full-Time,Zone A,Full-Time,Admin Offices,Finance & Accounting,1984-10-21,MA,Male,US-MA-03,White,Widowed,Exceeds,4
1380,Solomon,Paul,2014-01-31,,Accountant I,Isai Alvarado,1061,solomon.paul@bilearner.com,TNS,Active,Contract,Zone B,Temporary,Admin Offices,Finance & Accounting,1979-03-28,MA,Male,US-MA-01,Hispanic,Single,Exceeds,5
1381,Emiliano,Young,2019-02-19,,Sr. Network Engineer,Peter Monroe,2483,emiliano.young@bilearner.com,PYZ,Active,Full-Time,Zone B,Full-Time,IT/IS,IT Infrastructure,2000-11-01,MA,Female,US-MA-02,Other,Single,PIP,1
1382,Mason,Ellis,2012-03-09,,Sr. Accountant,Isai Alvarado,1061,mason.ellis@bilearner.com,TNS,Active,Contract,Zone B,Temporary,Admin Offices,Finance & Accounting,1968-03-16,MA,Female,US-MA-03,White,Widowed,Exceeds,4
1383,Athena,Moore,2014-11-13,2015-08-29,Sr. Accountant,Shyanne Stark,1044,athena.moore@bilearner.com,BPC,Voluntarily Terminated,Full-Time,Zone B,Full-Time,Admin Offices,Finance & Accounting,1994-10-10,MA,Female,US-MA-01,Hispanic,Divorced,Exceeds,4
1384,Karla,Farrell,2015-05-03,2017-12-10,Administrative Assistant,Isai Alvarado,1061,karla.farrell@bilearner.com,CCDR,Retired,Full-Time,Zone C,Full-Time,Admin Offices,Corporate Services,1956-03-12,MA,Female,US-MA-02,Other,Single,PIP,1
1385,Anderson,Meadows,2007-02-06,,Administrative Assistant,Shyanne Stark,1044,anderson.meadows@bilearner.com,SVG,Active,Full-Time,Zone A,Full-Time,Admin Offices,Corporate Services,1966-05-09,MA,Female,US-MA-03,Hispanic,Divorced,PIP,1
1386,Jacey,Braun,2001-04-15,2002-02-13,Accountant I,Marlon Stanton,2304,jacey.braun@bilearner.com,EW,Voluntarily Terminated,Contract,Zone B,Temporary,Admin Offices,Finance & Accounting,1976-08-19,MA,Female,US-MA-01,White,Married,Exceeds,4
1387,Nathan,Kline,2008-03-02,2008-07-17,Accountant I,Shyanne Stark,1044,nathan.kline@bilearner.com,MSC,Voluntarily Terminated,Full-Time,Zone B,Full-Time,Admin Offices,Finance & Accounting,1951-08-27,MA,Male,US-MA-02,Hispanic,Divorced,PIP,1
1388,Gabriella,Benitez,2021-10-17,2022-04-23,Accountant I,Taylor Gamble,1090,gabriella.benitez@bilearner.com,TNS,Voluntarily Terminated,Full-Time,Zone B,Full-Time,Admin Offices,Finance & Accounting,1970-12-23,MA,Female,US-MA-03,Black,Single,Exceeds,4
1389,Juan,Gonzalez,2017-12-18,,Production Technician II,Heath Romero,2381,juan.gonzalez@bilearner.com,NEL,Active,Full-Time,Zone C,Full-Time,Production,Production Operations,1962-11-11,MA,Male,US-MA-01,Hispanic,Widowed,Exceeds,4
1390,Cayo,Gonzalez,2021-09-21,,Production Technician I,Humberto Rocha,2438,cayo.gonzalez@bilearner.com,SVG,Active,Full-Time,Zone C,Full-Time,Production,Production Operations,1964-08-19,MA,Male,US-MA-02,Asian,Married,Exceeds,5
1391,Taylor,Sparks,2009-01-12,,Production Technician I,Ariana Strickland,2294,taylor.sparks@bilearner.com,MSC,Active,Full-Time,Zone A,Full-Time,Production,Production Operations,1963-05-28,MA,Female,US-MA-03,Other,Single,Needs Improvement,2
1392,Jeanette,Tippett,2018-07-27,2021-06-27,Production Technician I,Brianna Hurley,2471,jeanette.tippett@bilearner.com,PL,Retired,Contract,Zone C,Temporary,Production,Production Operations,1955-02-25,MA,Female,US-MA-01,Hispanic,Widowed,Exceeds,5
1393,Rose,Ivey,2001-09-25,2004-06-28,Production Technician I,Axel Howe,3456,rose.ivey@bilearner.com,SVG,Voluntarily Terminated,Full-Time,Zone C,Full-Time,Production,Production Operations,1947-03-20,MA,Female,US-MA-02,Other,Single,Exceeds,5
1394,Elijian,Clukey,2018-07-17,,Production Technician I,Ally Brennan,2516,elijian.clukey@bilearner.com,NEL,Active,Full-Time,Zone C,Full-Time,Production,Production Operations,1995-06-17,MA,Male,US-MA-03,Black,Married,Exceeds,5
1395,Jordan,Winthrop,2021-04-14,2022-10-23,Production Technician II,Leticia Parks,2378,jordan.winthrop@bilearner.com,SVG,Voluntarily Terminated,Full-Time,Zone C,Full-Time,Production,Production Operations,1960-11-14,MA,Male,US-MA-01,Black,Divorced,Exceeds,4
1396,Shari,Ngodup,2022-08-18,2024-07-30,Production Technician I,Colby Wolfe,1144,shari.ngodup@bilearner.com,SVG,Retired,Full-Time,Zone C,Full-Time,Production,Production Operations,1956-09-07,MA,Female,US-MA-02,Hispanic,Married,Exceeds,5
1397,John,Kretschmer,2002-12-31,2004-06-08,Production Technician I,Ariel Cervantes,2322,john.kretschmer@bilearner.com,MSC,Voluntarily Terminated,Full-Time,Zone C,Full-Time,Production,Production Operations,1981-02-26,MA,Male,US-MA-03,Other,Single,Exceeds,5
1398,Debbie,Mangal,2010-03-05,2011-08-20,Production Technician I,Ariana Strickland,2294,debbie.mangal@bilearner.com,PYZ,Voluntarily Terminated,Part-Time,Zone C,Part-Time,Production,Production Operations,1972-12-12,MA,Female,US-MA-01,White,Single,Needs Improvement,1
1399,Helen,Billis,2009-01-16,,Production Technician I,Terrell Guerra,2395,helen.billis@bilearner.com,BPC,Active,Contract,Zone A,Temporary,Production,Production Operations,1977-12-15,MA,Female,US-MA-02,Other,Widowed,Needs Improvement,1
1400,Yen,Johnston,2017-07-13,2024-12-14,Production Technician II,Julianne Shaw,2414,yen.johnston@bilearner.com,NEL,Voluntarily Terminated,Full-Time,Zone C,Full-Time,Production,Production Operations,1991-01-03,MA,Female,US-MA-03,White,Divorced,Exceeds,4
1401,Hong,Pham,2006-01-16,,Production Technician I,Trey Johnston,2506,hong.pham@bilearner.com,PL,Active,Full-Time,Zone A,Full-Time,Production,Production Operations,1967-08-17,MA,Male,US-MA-01,White,Single,Exceeds,4
1402,Linda,Bachiochi,2008-05-11,,Production Technician I,Ariana Strickland,2294,linda.bachiochi@bilearner.com,MSC,Active,Contract,Zone A,Temporary,Production,Production Operations,1988-10-12,MA,Female,US-MA-02,White,Divorced,Exceeds,4
1403,Lily,DiNocco,2005-10-26,,Production Technician I,Teagan Fletcher,2440,lily.dinocco@bilearner.com,SVG,Active,Full-Time,Zone A,Full-Time,Production,Production Operations,1985-07-28,MA,Female,US-MA-03,White,Widowed,Exceeds,5
1404,Ned,Miller,2003-04-03,2011-03-10,Production Technician II,Ariel Cervantes,2322,ned.miller@bilearner.com,BPC,Voluntarily Terminated,Full-Time,Zone C,Full-Time,Production,Production Operations,1978-12-06,MA,Male,US-MA-01,Hispanic,Single,Exceeds,4
1405,Shana,Petingill,2011-12-18,2013-10-13,Production Technician II,Trey Johnston,2506,shana.petingill@bilearner.com,PL,Terminated for Cause,Full-Time,Zone C,Full-Time,Production,Production Operations,1977-03-30,MA,Female,US-MA-02,Other,Single,Exceeds,4
1406,Jennifer,Cloninger,2025-06-22,,Production Technician II,Jonathan Hogland,2292,jennifer.cloninger@bilearner.com,PYZ,Active,Full-Time,Zone C,Full-Time,Production,Production Operations,1982-11-10,MA,Female,US-MA-03,Asian,Single,Exceeds,5
1407,Elias,Robinson,2016-10-16,,Production Technician I,Elisa Bramante,2291,elias.robinson@bilearner.com,TNS,Active,Contract,Zone C,Temporary,Production,Production Operations,1983-03-30,MA,Male,US-MA-01,Hispanic,Married,Exceeds,5
1408,Libby,Fidelia,2017-02-10,,Production Technician I,Heath Romero,2381,libby.fidelia@bilearner.com,PL,Active,Full-Time,Zone C,Full-Time,Production,Production Operations,1980-12-03,MA,Female,US-MA-02,Other,Single,Exceeds,5
1409,Catherine,Ybarra,2025-11-23,2026-06-24,Production Technician I,Colt Archer,1231,catherine.ybarra@bilearner.com,MSC,Voluntarily Terminated,Part-Time,Zone C,Part-Time,Production,Production Operations,1981-04-02,MA,Female,US-MA-03,Other,Widowed,Exceeds,4
1410,Ashanti,Price,2017-05-11,2022-04-10,Production Technician I,Ariel Cervantes,2322,ashanti.price@bilearner.com,SVG,Voluntarily Terminated,Full-Time,Zone C,Full-Time,Production,Production Operations,1985-09-12,MA,Female,US-MA-01,White,Widowed,Exceeds,4
1411,Makenna,Rojas,2010-06-02,,Production Technician I,Ariana Strickland,2294,makenna.rojas@bilearner.com,EW,Active,Contract,Zone A,Temporary,Production,Production Operations,1980-05-26,MA,Female,US-MA-02,Hispanic,Married,Exceeds,4
1412,Rory,Stone,2015-07-14,,Production Technician I,Courtney E Wallace,2276,rory.stone@bilearner.com,MSC,Active,Full-Time,Zone B,Full-Time,Production,Production Operations,1982-09-19,MA,Female,US-MA-03,White,Widowed,Exceeds,4
1413,Ann,Montgomery,2020-09-15,2021-12-05,Production Technician I,Brycen York,2421,ann.montgomery@bilearner.com,TNS,Terminated for Cause,Full-Time,Zone C,Full-Time,Production,Production Operations,1985-04-12,MA,Male,US-MA-01,Black,Widowed,Needs Improvement,1
1414,Erin,Holder,2007-11-02,2012-01-14,Production Technician I,Brycen York,2421,erin.holder@bilearner.com,BPC,Voluntarily Terminated,Full-Time,Zone C,Full-Time,Production,Production Operations,1966-06-03,MA,Male,US-MA-02,Asian,Married,Exceeds,5
1415,Aubrey,Kim,2010-01-28,,Production Technician I,Leticia Parks,2378,aubrey.kim@bilearner.com,CCDR,Active,Full-Time,Zone A,Full-Time,Production,Production Operations,1977-08-14,MA,Male,US-MA-03,Asian,Divorced,Exceeds,5
1416,Edward,Love,2019-03-21,,Production Technician I,Courtney E Wallace,2276,edward.love@bilearner.com,EW,Active,Full-Time,Zone C,Full-Time,Production,Production Operations,1975-07-04,MA,Male,US-MA-01,Asian,Widowed,Exceeds,5
1417,Paisley,Avery,2014-08-09,,Production Technician I,Kyle Ali,2490,paisley.avery@bilearner.com,MSC,Active,Contract,Zone B,Temporary,Production,Production Operations,1965-10-12,MA,Female,US-MA-02,Other,Single,Exceeds,4
1418,Kaiden,Leblanc,2023-07-27,,Production Technician I,Humberto Rocha,2438,kaiden.leblanc@bilearner.com,NEL,Active,Full-Time,Zone C,Full-Time,Production,Production Operations,2000-12-30,MA,Female,US-MA-03,Other,Married,Needs Improvement,2
1419,Shania,Bauer,2010-11-19,,Production Technician I,Courtney E Wallace,2276,shania.bauer@bilearner.com,PL,Active,Part-Time,Zone A,Part-Time,Production,Production Operations,1984-01-11,MA,Female,US-MA-01,Other,Divorced,Exceeds,4
1420,Danna,Hines,2019-08-25,,Production Technician I,Heath Romero,2381,danna.hines@bilearner.com,PYZ,Active,Full-Time,Zone C,Full-Time,Production,Production Operations,1988-06-10,MA,Female,US-MA-02,White,Divorced,Exceeds,4
1421,Bennett,Bowen,2020-07-14,2022-03-05,Production Technician I,Milagros Jimenez,2364,bennett.bowen@bilearner.com,SVG,Retired,Full-Time,Zone C,Full-Time,Production,Production Operations,1955-05-23,MA,Female,US-MA-03,Other,Married,Exceeds,4
1422,Gianna,Lopez,2020-09-03,2022-05-31,Production Technician I,Faith Golden,2318,gianna.lopez@bilearner.com,TNS,Voluntarily Terminated,Full-Time,Zone C,Full-Time,Production,Production Operations,1994-10-02,MA,Female,US-MA-01,Hispanic,Divorced,Needs Improvement,1
1423,Azaria,Young,2015-11-22,,Production Technician I,Jesus Hendricks,2341,azaria.young@bilearner.com,WBL,Active,Full-Time,Zone B,Full-Time,Production,Production Operations,1992-03-12,MA,Female,US-MA-02,White,Single,Needs Improvement,1
1424,Aydin,Bautista,2023-12-10,,Production Technician I,Jonathan Hogland,2292,aydin.bautista@bilearner.com,BPC,Leave of Absence,Full-Time,Zone C,Full-Time,Production,Production Operations,1982-12-08,MA,Female,US-MA-03,Asian,Married,Needs Improvement,2
1425,Antoine,Schaefer,2010-01-19,,Production Technician I,Ariel Cervantes,2322,antoine.schaefer@bilearner.com,CCDR,Active,Full-Time,Zone A,Full-Time,Production,Production Operations,1962-11-24,MA,Female,US-MA-01,Black,Single,Needs Improvement,2
1426,Milagros,Cobb,2013-01-18,2013-12-19,Production Technician I,Uriel Brennan,2386,milagros.cobb@bilearner.com,EW,Voluntarily Terminated,Full-Time,Zone C,Full-Time,Production,Production Operations,1957-01-21,MA,Female,US-MA-02,Hispanic,Widowed,Exceeds,4
1427,Jean,Duffy,2020-02-16,,Production Technician II,Kailyn Torres,2468,jean.duffy@bilearner.com,CCDR,Active,Full-Time,Zone C,Full-Time,Production,Production Operations,1993-04-04,MA,Male,US-MA-03,Asian,Divorced,Needs Improvement,1
1428,Campbell,Doyle,2021-01-19,,Production Technician II,Amy Dunn,2277,campbell.doyle@bilearner.com,SVG,Active,Full-Time,Zone C,Full-Time,Production,Production Operations,1970-02-26,MA,Male,US-MA-01,White,Divorced,Exceeds,4
1429,Deven,Vincent,2005-05-19,2007-11-28,Production Technician II,Trey Johnston,2506,deven.vincent@bilearner.com,EW,Retired,Full-Time,Zone C,Full-Time,Production,Production Operations,1944-09-02,MA,Female,US-MA-02,Hispanic,Divorced,Exceeds,4
1430,Evangeline,Downs,2013-07-12,2016-09-24,Production Technician II,Brianna Hurley,2471,evangeline.downs@bilearner.com,MSC,Voluntarily Terminated,Full-Time,Zone C,Full-Time,Production,Production Operations,1959-01-19,MA,Female,US-MA-03,Asian,Single,Needs Improvement,1
1431,Kaley,Ali,2016-02-12,,Production Technician II,Hallie Macias,2337,kaley.ali@bilearner.com,TNS,Active,Full-Time,Zone B,Full-Time,Production,Production Operations,1963-09-04,MA,Female,US-MA-01,Black,Widowed,Exceeds,4
1432,Madeline,Bernard,2013-06-03,,Production Technician II,Ally Brennan,2516,madeline.bernard@bilearner.com,PYZ,Active,Part-Time,Zone B,Part-Time,Production,Production Operations,1991-07-29,MA,Male,US-MA-02,White,Married,Exceeds,4
1433,Alijah,Singh,2001-07-31,2003-09-23,Production Technician I,Axel Howe,3456,alijah.singh@bilearner.com,SVG,Retired,Full-Time,Zone C,Full-Time,Production,Production Operations,1936-12-01,MA,Female,US-MA-03,White,Widowed,Needs Improvement,1
1434,Ayla,Roberts,2014-06-25,2015-06-16,Production Technician I,Webster L Butler,2285,ayla.roberts@bilearner.com,EW,Voluntarily Terminated,Full-Time,Zone C,Full-Time,Production,Production Operations,1986-12-28,MA,Female,US-MA-01,White,Divorced,Exceeds,4
1435,Isai,Mcfarland,2023-09-13,,Production Technician I,Carleigh Garrison,2420,isai.mcfarland@bilearner.com,MSC,Active,Full-Time,Zone C,Full-Time,Production,Production Operations,1998-11-29,MA,Female,US-MA-02,Hispanic,Single,Exceeds,5
1436,Brent,Dominguez,2009-10-14,,Production Technician I,Ariana Strickland,2294,brent.dominguez@bilearner.com,TNS,Active,Contract,Zone A,Temporary,Production,Production Operations,1989-05-27,MA,Male,US-MA-03,Hispanic,Married,Needs Improvement,1
1437,Lorena,Graves,2013-04-21,,Production Technician I,Walter Dominguez,2336,lorena.graves@bilearner.com,PYZ,Active,Full-Time,Zone B,Full-Time,Production,Production Operations,1975-02-27,MA,Male,US-MA-01,Asian,Single,Exceeds,5
1438,Lucian,Mora,2017-12-28,2019-07-08,Production Technician I,Eli Owens,2342,lucian.mora@bilearner.com,WBL,Voluntarily Terminated,Full-Time,Zone C,Full-Time,Production,Production Operations,1977-12-16,MA,Male,US-MA-02,Asian,Married,Exceeds,5
1439,Dangelo,Gould,2007-04-15,2009-07-18,Production Technician I,Leticia Parks,2378,dangelo.gould@bilearner.com,NEL,Voluntarily Terminated,Full-Time,Zone C,Full-Time,Production,Production Operations,1988-01-24,MA,Female,US-MA-03,Asian,Widowed,Needs Improvement,2
1440,Humberto,Horn,2012-02-07,,Production Technician I,Brycen York,2421,humberto.horn@bilearner.com,PL,Active,Full-Time,Zone B,Full-Time,Production,Production Operations,1963-07-16,MA,Female,US-MA-01,Hispanic,Single,Needs Improvement,2
1441,Miranda,Chavez,2015-11-05,2017-05-16,Production Technician I,Michael Albert,2275,miranda.chavez@bilearner.com,BPC,Voluntarily Terminated,Full-Time,Zone C,Full-Time,Production,Production Operations,1982-03-16,MA,Female,US-MA-02,Hispanic,Married,Needs Improvement,2
1442,Makena,Mcintosh,2015-04-08,,Production Technician I,Nathaly Stuart,2411,makena.mcintosh@bilearner.com,CCDR,Active,Full-Time,Zone B,Full-Time,Production,Production Operations,1993-07-10,MA,Female,US-MA-03,Black,Single,Needs Improvement,2
1443,Armani,Crawford,2006-01-14,,Production Technician I,Teagan Fletcher,2440,armani.crawford@bilearner.com,SVG,Active,Full-Time,Zone A,Full-Time,Production,Production Operations,1960-02-25,MA,Female,US-MA-01,White,Divorced,Needs Improvement,2
1444,Eugene,Bird,2010-11-09,,Production Technician I,Colby Wolfe,1144,eugene.bird@bilearner.com,EW,Active,Full-Time,Zone A,Full-Time,Production,Production Operations,1972-02-21,MA,Female,US-MA-02,White,Divorced,Needs Improvement,2
1445,Connor,Larsen,2007-03-20,2012-01-23,Production Technician I,Amy Dunn,2277,connor.larsen@bilearner.com,MSC,Voluntarily Terminated,Full-Time,Zone C,Full-Time,Production,Production Operations,1963-12-16,MA,Female,US-MA-03,White,Married,Exceeds,4
1446,Harley,Mccullough,2017-10-18,2018-03-31,Production Technician I,Michael Albert,2275,harley.mccullough@bilearner.com,TNS,Voluntarily Terminated,Full-Time,Zone C,Full-Time,Production,Production Operations,1997-04-10,MA,Female,US-MA-01,White,Married,Exceeds,4
1447,Lucian,Montoya,2013-11-11,,Production Technician I,Ava Chan,2463,lucian.montoya@bilearner.com,PYZ,Leave of Absence,Full-Time,Zone B,Full-Time,Production,Production Operations,1973-11-11,MA,Female,US-MA-02,Black,Single,Exceeds,4
1448,Shiloh,Baird,2008-04-24,,Production Technician I,Uriel Brennan,2386,shiloh.baird@bilearner.com,WBL,Active,Contract,Zone A,Temporary,Production,Production Operations,1976-08-13,MA,Female,US-MA-03,Other,Single,Needs Improvement,2
1449,Tara,Alvarado,2009-09-07,,Production Technician II,Leticia Parks,2378,tara.alvarado@bilearner.com,PL,Active,Part-Time,Zone A,Part-Time,Production,Production Operations,1965-09-14,MA,Male,US-MA-01,Other,Divorced,Needs Improvement,2
1450,Raina,Vaughan,2020-06-22,2025-05-15,Production Technician II,Brycen York,2421,raina.vaughan@bilearner.com,PYZ,Retired,Full-Time,Zone C,Full-Time,Production,Production Operations,1958-02-20,MA,Male,US-MA-02,White,Single,Needs Improvement,2
1451,Sienna,Bullock,2014-02-16,,Production Technician II,Cordell Vazquez,2439,sienna.bullock@bilearner.com,SVG,Active,Full-Time,Zone B,Full-Time,Production,Production Operations,1988-08-11,MA,Female,US-MA-03,Hispanic,Widowed,Needs Improvement,2
1452,Tyrese,Goodman,2019-11-16,,Production Technician II,Danny Thomas,2383,tyrese.goodman@bilearner.com,TNS,Active,Full-Time,Zone C,Full-Time,Production,Production Operations,1970-04-15,MA,Female,US-MA-01,White,Single,Needs Improvement,1
1453,Giovanni,Landry,2025-01-18,,Production Technician II,Terry Gay,2298,giovanni.landry@bilearner.com,WBL,Active,Full-Time,Zone C,Full-Time,Production,Production Operations,1990-08-20,MA,Male,US-MA-02,Black,Single,Needs Improvement,2
1454,Javon,Moses,2019-12-23,2022-01-17,Production Technician II,Jesus Hendricks,2341,javon.moses@bilearner.com,WBL,Voluntarily Terminated,Full-Time,Zone C,Full-Time,Production,Production Operations,1977-03-12,MA,Male,US-MA-03,Hispanic,Married,Needs Improvement,2
1455,Alonso,Williams,2003-09-13,,Production Technician I,Trey Johnston,2506,alonso.williams@bilearner.com,PL,Active,Contract,Zone A,Temporary,Production,Production Operations,1962-11-25,MA,Female,US-MA-01,Other,Widowed,Needs Improvement,2
1456,Kamila,Rosales,2018-10-15,2020-04-18,Production Technician I,Terry Gay,2298,kamila.rosales@bilearner.com,PYZ,Retired,Full-Time,Zone C,Full-Time,Production,Production Operations,1956-10-08,MA,Female,US-MA-02,Hispanic,Married,Exceeds,5
1457,Jadiel,French,2019-02-12,,Production Technician I,Trey Johnston,2506,jadiel.french@bilearner.com,SVG,Active,Full-Time,Zone C,Full-Time,Production,Production Operations,1977-08-03,MA,Female,US-MA-03,Other,Married,Exceeds,5
1458,Brennan,Jefferson,2019-10-29,,Production Technician I,Amy Dunn,2277,brennan.jefferson@bilearner.com,TNS,Active,Full-Time,Zone C,Full-Time,Production,Production Operations,1994-03-19,MA,Female,US-MA-01,Hispanic,Single,Exceeds,4
1459,Noe,Glenn,2015-05-06,,Production Technician I,Faith Golden,2318,noe.glenn@bilearner.com,WBL,Active,Full-Time,Zone B,Full-Time,Production,Production Operations,1991-11-09,MA,Male,US-MA-02,Black,Single,Exceeds,5
1460,Vaughn,Kim,2013-08-21,2018-01-27,Production Technician I,Brianna Hurley,2471,vaughn.kim@bilearner.com,BPC,Voluntarily Terminated,Contract,Zone C,Temporary,Production,Production Operations,1955-05-29,MA,Male,US-MA-03,Other,Divorced,Exceeds,4
1461,Anabel,Evans,2020-08-13,2022-09-27,Production Technician I,Ariel May,2472,anabel.evans@bilearner.com,CCDR,Voluntarily Terminated,Full-Time,Zone C,Full-Time,Production,Production Operations,2001-03-03,MA,Female,US-MA-01,Asian,Widowed,Exceeds,4
1462,Elisabeth,Irwin,2003-08-27,,Production Technician I,Ariel Cervantes,2322,elisabeth.irwin@bilearner.com,EW,Active,Full-Time,Zone A,Full-Time,Production,Production Operations,1960-03-07,MA,Female,US-MA-02,Other,Widowed,Exceeds,4
1463,Bo,Bradford,2022-05-28,,Production Technician I,Kaylyn Joyce,2419,bo.bradford@bilearner.com,MSC,Active,Full-Time,Zone C,Full-Time,Production,Production Operations,1975-11-28,MA,Female,US-MA-03,Hispanic,Divorced,Exceeds,5
1464,Dustin,Beasley,2007-03-05,,Production Technician I,Julianne Shaw,2414,dustin.beasley@bilearner.com,NEL,Active,Full-Time,Zone A,Full-Time,Production,Production Operations,1957-10-01,MA,Female,US-MA-01,Asian,Married,Exceeds,4
1465,Dean,Winters,2014-08-16,2017-02-12,Production Technician I,Braden Nicholson,2478,dean.winters@bilearner.com,PL,Retired,Full-Time,Zone C,Full-Time,Production,Production Operations,1958-06-22,MA,Female,US-MA-02,Other,Single,Exceeds,5
1466,Chanel,Dougherty,2018-06-22,,Production Technician I,Heath Romero,2381,chanel.dougherty@bilearner.com,PYZ,Active,Full-Time,Zone C,Full-Time,Production,Production Operations,1989-03-08,MA,Female,US-MA-03,White,Widowed,Exceeds,4
1467,Phoebe,Dorsey,2007-07-13,,Production Technician I,Ariana Strickland,2294,phoebe.dorsey@bilearner.com,SVG,Active,Full-Time,Zone A,Full-Time,Production,Production Operations,1989-04-16,MA,Female,US-MA-01,Black,Married,Fully Meets,3
1468,Coleman,Bridges,2009-12-05,,Production Technician I,Uriel Brennan,2386,coleman.bridges@bilearner.com,TNS,Active,Full-Time,Zone A,Full-Time,Production,Production Operations,1965-08-30,MA,Female,US-MA-02,Hispanic,Divorced,Exceeds,5
1469,Juliet,Bautista,2004-10-05,,Production Technician I,Uriel Brennan,2386,juliet.bautista@bilearner.com,WBL,Active,Contract,Zone A,Temporary,Production,Production Operations,1976-08-17,MA,Female,US-MA-03,Asian,Married,Exceeds,4
1470,Julia,Lawrence,2014-12-23,,Production Technician I,Rosa Rosales,2451,julia.lawrence@bilearner.com,BPC,Active,Full-Time,Zone B,Full-Time,Production,Production Operations,1995-09-20,MA,Female,US-MA-01,Asian,Married,Exceeds,5
1471,Kinley,Dean,2016-07-06,2018-11-30,Production Technician II,Faith Golden,2318,kinley.dean@bilearner.com,CCDR,Voluntarily Terminated,Contract,Zone C,Temporary,Production,Production Operations,1960-04-09,MA,Male,US-MA-02,White,Divorced,Exceeds,4
1472,Karina,Mccarthy,2014-07-21,,Production Technician II,Abbigail Cameron,1232,karina.mccarthy@bilearner.com,SVG,Active,Part-Time,Zone B,Part-Time,Production,Production Operations,1972-04-14,MA,Male,US-MA-03,Other,Single,Exceeds,5
1473,Ruben,Kirby,2017-01-27,,Production Technician II,Colby Wolfe,1144,ruben.kirby@bilearner.com,EW,Active,Full-Time,Zone C,Full-Time,Production,Production Operations,1976-03-30,MA,Female,US-MA-01,Black,Divorced,Exceeds,5
1474,Alexia,Hughes,2020-05-08,2024-02-21,Production Technician II,George Meyers,2457,alexia.hughes@bilearner.com,MSC,Voluntarily Terminated,Contract,Zone C,Temporary,Production,Production Operations,1964-04-30,MA,Female,US-MA-02,Hispanic,Married,Exceeds,5
1475,Miles,Gill,2016-03-25,2020-07-26,Production Technician II,Justice Pineda,1164,miles.gill@bilearner.com,TNS,Terminated for Cause,Part-Time,Zone C,Part-Time,Production,Production Operations,1993-08-19,MA,Male,US-MA-03,Other,Married,Exceeds,5
1476,Kaden,Woodard,2017-12-16,2018-11-27,Production Technician II,Elijiah Gray,2281,kaden.woodard@bilearner.com,PYZ,Voluntarily Terminated,Full-Time,Zone C,Full-Time,Production,Production Operations,1962-11-07,MA,Male,US-MA-01,Other,Divorced,PIP,1
1477,Frida,Wilkins,2016-03-17,2017-01-11,Production Technician I,Trey Johnston,2506,frida.wilkins@bilearner.com,CCDR,Voluntarily Terminated,Full-Time,Zone C,Full-Time,Production,Production Operations,1963-09-12,MA,Female,US-MA-02,Asian,Married,Exceeds,4
1478,Kamron,Doyle,2007-01-09,2012-01-30,Production Technician I,Leticia Parks,2378,kamron.doyle@bilearner.com,SVG,Voluntarily Terminated,Full-Time,Zone C,Full-Time,Production,Production Operations,1953-09-21,MA,Female,US-MA-03,Other,Divorced,Exceeds,4
1479,Blaine,Rose,2022-02-16,,Production Technician I,Webster L Butler,2285,blaine.rose@bilearner.com,EW,Active,Contract,Zone C,Temporary,Production,Production Operations,1996-05-01,MA,Female,US-MA-01,White,Married,Exceeds,4
1480,Elena,Gilmore,2022-12-18,,Production Technician I,Brycen York,2421,elena.gilmore@bilearner.com,MSC,Active,Full-Time,Zone C,Full-Time,Production,Production Operations,1994-04-27,MA,Male,US-MA-02,Black,Married,Needs Improvement,1
1481,Ashlynn,Moses,2022-10-19,,Production Technician I,Ariana Strickland,2294,ashlynn.moses@bilearner.com,TNS,Active,Contract,Zone C,Temporary,Production,Production Operations,2000-07-09,MA,Male,US-MA-03,Asian,Single,Exceeds,5
1482,Esmeralda,Galvan,2012-06-12,,Production Technician I,George Meyers,2457,esmeralda.galvan@bilearner.com,PYZ,Active,Contract,Zone B,Temporary,Production,Production Operations,1971-06-10,MA,Female,US-MA-01,Asian,Widowed,Exceeds,5
1483,Ignacio,Wiley,2015-02-06,2018-01-31,Production Technician I,Trey Johnston,2506,ignacio.wiley@bilearner.com,WBL,Voluntarily Terminated,Full-Time,Zone C,Full-Time,Production,Production Operations,1961-10-15,MA,Female,US-MA-02,Hispanic,Single,Exceeds,4
1484,Lorena,Mahoney,2022-02-22,,Production Technician I,Kailyn Torres,2468,lorena.mahoney@bilearner.com,NEL,Active,Contract,Zone C,Temporary,Production,Production Operations,1991-07-02,MA,Female,US-MA-03,Hispanic,Married,Exceeds,5
1485,Krystal,Atkinson,2019-05-11,2020-05-17,Production Technician I,Jesus Hendricks,2341,krystal.atkinson@bilearner.com,PL,Voluntarily Terminated,Full-Time,Zone C,Full-Time,Production,Production Operations,1971-12-16,MA,Female,US-MA-01,Asian,Married,Exceeds,5
1486,Soren,Merritt,2013-05-15,,Production Technician I,Colby Wolfe,1144,soren.merritt@bilearner.com,BPC,Active,Full-Time,Zone B,Full-Time,Production,Production Operations,1986-12-23,MA,Female,US-MA-02,Hispanic,Divorced,Fully Meets,3
1487,Frida,Salazar,2012-08-20,2016-03-27,Production Technician I,Teagan Fletcher,2440,frida.salazar@bilearner.com,CCDR,Terminated for Cause,Full-Time,Zone C,Full-Time,Production,Production Operations,1971-08-28,MA,Female,US-MA-03,Asian,Widowed,Fully Meets,3
1488,Annie,Peters,2025-03-18,2026-05-16,Production Technician I,Odin Sampson,2456,annie.peters@bilearner.com,SVG,Retired,Part-Time,Zone C,Part-Time,Production,Production Operations,1963-02-20,MA,Female,US-MA-01,Hispanic,Single,Fully Meets,4
1489,Zoie,Mercado,2016-10-17,,Production Technician I,Hallie Macias,2337,zoie.mercado@bilearner.com,EW,Active,Full-Time,Zone C,Full-Time,Production,Production Operations,1970-10-16,MA,Female,US-MA-02,White,Widowed,Fully Meets,3
1490,Joanna,Arias,2021-10-10,,Production Technician I,Colby Wolfe,1144,joanna.arias@bilearner.com,MSC,Active,Full-Time,Zone C,Full-Time,Production,Production Operations,1970-03-23,MA,Female,US-MA-03,White,Widowed,Needs Improvement,1
1491,Tristian,Wilcox,2024-05-26,,Production Technician I,Ariana Strickland,2294,tristian.wilcox@bilearner.com,TNS,Active,Full-Time,Zone C,Full-Time,Production,Production Operations,1982-02-27,MA,Female,US-MA-01,Hispanic,Married,Exceeds,4
1492,Zoey,Spence,2006-04-19,,Production Technician II,Terrell Guerra,2395,zoey.spence@bilearner.com,CCDR,Active,Full-Time,Zone A,Full-Time,Production,Production Operations,1967-07-11,MA,Male,US-MA-02,Other,Divorced,Exceeds,4
1493,Bradley,Barnes,2004-08-30,,Production Technician II,Teagan Fletcher,2440,bradley.barnes@bilearner.com,SVG,Active,Full-Time,Zone A,Full-Time,Production,Production Operations,1980-07-19,MA,Male,US-MA-03,Black,Married,Fully Meets,3
1494,Juliana,Schroeder,2012-12-23,2016-09-06,Production Technician II,Ibrahim Wolfe,1142,juliana.schroeder@bilearner.com,EW,Retired,Full-Time,Zone C,Full-Time,Production,Production Operations,1949-03-12,MA,Female,US-MA-01,Hispanic,Divorced,Fully Meets,3
1495,Yasmin,Warren,2022-09-22,,Production Technician II,Braden Nicholson,2478,yasmin.warren@bilearner.com,MSC,Active,Contract,Zone C,Temporary,Production,Production Operations,1971-01-11,MA,Male,US-MA-02,Hispanic,Single,Fully Meets,4
1496,Izabella,Barron,2009-07-21,2015-09-23,Production Technician II,Amy Dunn,2277,izabella.barron@bilearner.com,TNS,Retired,Full-Time,Zone C,Full-Time,Production,Production Operations,1950-10-25,MA,Male,US-MA-03,White,Widowed,Fully Meets,3
1497,Victoria,Soto,2003-09-07,,Production Technician II,Trey Johnston,2506,victoria.soto@bilearner.com,PYZ,Active,Part-Time,Zone A,Part-Time,Production,Production Operations,1959-10-21,MA,Male,US-MA-01,Black,Widowed,Needs Improvement,1
1498,Cody,Beard,2006-08-17,2007-03-01,Production Technician I,Teagan Fletcher,2440,cody.beard@bilearner.com,BPC,Retired,Full-Time,Zone C,Full-Time,Production,Production Operations,1944-03-24,MA,Female,US-MA-02,Black,Married,Exceeds,5
1499,Abigayle,Mccann,2024-09-01,2026-05-07,Production Technician I,Faith Golden,2318,abigayle.mccann@bilearner.com,CCDR,Voluntarily Terminated,Full-Time,Zone C,Full-Time,Production,Production Operations,1975-04-27,MA,Female,US-MA-03,Other,Married,Fully Meets,4
1500,Brenden,Marks,2005-06-16,,Production Technician I,Amy Dunn,2277,brenden.marks@bilearner.com,SVG,Active,Full-Time,Zone A,Full-Time,Production,Production Operations,1985-02-02,MA,Female,US-MA-01,Hispanic,Divorced,Fully Meets,3
1501,Jaqueline,Gallagher,2020-06-25,2023-08-25,Production Technician I,Trey Johnston,2506,jaqueline.gallagher@bilearner.com,EW,Voluntarily Terminated,Contract,Zone C,Temporary,Production,Production Operations,1999-10-01,MA,Male,US-MA-02,Hispanic,Widowed,Fully Meets,3
1502,Abagail,Banks,2017-07-13,2023-12-26,Production Technician I,Kaylyn Joyce,2419,abagail.banks@bilearner.com,MSC,Voluntarily Terminated,Full-Time,Zone C,Full-Time,Production,Production Operations,1986-12-15,MA,Male,US-MA-03,White,Divorced,Fully Meets,4
1503,Nickolas,Guzman,2020-09-07,2021-10-12,Production Technician I,Mila Poole,2453,nickolas.guzman@bilearner.com,TNS,Voluntarily Terminated,Full-Time,Zone C,Full-Time,Production,Production Operations,1985-04-21,MA,Female,US-MA-01,Black,Single,Fully Meets,3
1504,Guillermo,Rose,2012-11-23,2019-02-26,Production Technician I,Braden Nicholson,2478,guillermo.rose@bilearner.com,PYZ,Voluntarily Terminated,Full-Time,Zone C,Full-Time,Production,Production Operations,1971-08-23,MA,Female,US-MA-02,Other,Married,Needs Improvement,1
1505,Moises,Brock,2019-07-21,,Production Technician I,Leland Chang,2416,moises.brock@bilearner.com,WBL,Active,Full-Time,Zone C,Full-Time,Production,Production Operations,1969-01-22,MA,Female,US-MA-03,Other,Widowed,Exceeds,5
1506,Hayden,Richmond,2007-09-17,2010-06-03,Production Technician I,Ariana Strickland,2294,hayden.richmond@bilearner.com,NEL,Voluntarily Terminated,Full-Time,Zone C,Full-Time,Production,Production Operations,1972-06-18,MA,Female,US-MA-01,Hispanic,Single,Exceeds,5
1507,Evelin,Sellers,2016-07-13,,Production Technician I,Ariana Strickland,2294,evelin.sellers@bilearner.com,PL,Active,Full-Time,Zone C,Full-Time,Production,Production Operations,1996-08-15,MA,Female,US-MA-02,Black,Widowed,Fully Meets,3
1508,Dereon,Hayes,2011-03-25,,Production Technician I,Milagros Foley,1185,dereon.hayes@bilearner.com,BPC,Active,Full-Time,Zone A,Full-Time,Production,Production Operations,1964-12-25,MA,Female,US-MA-03,White,Single,Fully Meets,3
1509,Marlee,Mathis,2016-02-10,,Production Technician I,Payton Nolan,2377,marlee.mathis@bilearner.com,CCDR,Active,Full-Time,Zone B,Full-Time,Production,Production Operations,1960-01-24,MA,Female,US-MA-01,Other,Single,Fully Meets,3
1510,Alice,House,2019-04-23,,Production Technician I,Amy Dunn,2277,alice.house@bilearner.com,SVG,Active,Full-Time,Zone C,Full-Time,Production,Production Operations,1980-09-16,MA,Female,US-MA-02,Black,Married,Fully Meets,3
1511,Jonathon,Thompson,2021-11-10,2023-11-08,Production Technician I,Hallie Macias,2337,jonathon.thompson@bilearner.com,EW,Voluntarily Terminated,Full-Time,Zone C,Full-Time,Production,Production Operations,1995-07-05,MA,Female,US-MA-03,Hispanic,Single,Fully Meets,3
1512,Kendal,Abbott,2016-02-25,,Production Technician I,Elijiah Gray,2281,kendal.abbott@bilearner.com,MSC,Leave of Absence,Contract,Zone B,Temporary,Production,Production Operations,1982-06-29,MA,Female,US-MA-01,Asian,Widowed,Fully Meets,3
1513,Holly,Taylor,2019-07-06,,Production Technician II,Jesus Hendricks,2341,holly.taylor@bilearner.com,PL,Active,Full-Time,Zone C,Full-Time,Production,Production Operations,1993-10-03,MA,Male,US-MA-02,Other,Widowed,Fully Meets,3
1514,Hadassah,Blackburn,2011-01-29,,Production Technician II,Amy Dunn,2277,hadassah.blackburn@bilearner.com,PYZ,Active,Contract,Zone A,Temporary,Production,Production Operations,1983-12-05,MA,Male,US-MA-03,Hispanic,Widowed,Fully Meets,3
1515,Shaylee,Hall,2011-08-31,,Production Technician II,Ibrahim Wolfe,1142,shaylee.hall@bilearner.com,SVG,Active,Full-Time,Zone B,Full-Time,Production,Production Operations,1961-05-13,MA,Female,US-MA-01,Other,Married,Fully Meets,3
1516,Richard,Nelson,2018-11-19,,Production Technician II,Julianne Shaw,2414,richard.nelson@bilearner.com,TNS,Active,Full-Time,Zone C,Full-Time,Production,Production Operations,1965-12-26,MA,Male,US-MA-02,Hispanic,Widowed,Fully Meets,4
1517,Leyla,Davila,2005-12-20,2012-02-26,Production Technician II,Uriel Brennan,2386,leyla.davila@bilearner.com,WBL,Terminated for Cause,Part-Time,Zone C,Part-Time,Production,Production Operations,1986-03-05,MA,Male,US-MA-03,White,Married,Fully Meets,3
1518,Kolten,Calhoun,2022-10-21,2024-01-18,Production Technician II,Rachael Buck,1186,kolten.calhoun@bilearner.com,BPC,Voluntarily Terminated,Contract,Zone C,Temporary,Production,Production Operations,1975-11-26,MA,Male,US-MA-01,White,Divorced,Fully Meets,3
1519,Camille,Livingston,2020-03-07,2021-01-25,Production Technician I,Ariana Strickland,2294,camille.livingston@bilearner.com,BPC,Voluntarily Terminated,Full-Time,Zone C,Full-Time,Production,Production Operations,1971-04-17,MA,Female,US-MA-02,Asian,Single,Fully Meets,3
1520,Lilianna,Colon,2015-12-10,2017-09-20,Production Technician I,Teagan Fletcher,2440,lilianna.colon@bilearner.com,CCDR,Terminated for Cause,Contract,Zone C,Temporary,Production,Production Operations,1976-07-04,MA,Female,US-MA-03,White,Divorced,Fully Meets,3
1521,Chaim,Patrick,2018-08-17,2019-06-16,Production Technician I,Ava Chan,2463,chaim.patrick@bilearner.com,SVG,Voluntarily Terminated,Full-Time,Zone C,Full-Time,Production,Production Operations,1990-04-15,MA,Male,US-MA-01,Black,Single,Needs Improvement,2
1522,Amara,Castillo,2022-02-27,,Production Technician I,Terrell Guerra,2395,amara.castillo@bilearner.com,EW,Active,Full-Time,Zone C,Full-Time,Production,Production Operations,1965-12-29,MA,Male,US-MA-02,Hispanic,Married,Fully Meets,3
1523,Joel,Eaton,2014-09-09,2015-06-07,Production Technician I,Ariana Strickland,2294,joel.eaton@bilearner.com,MSC,Voluntarily Terminated,Part-Time,Zone C,Part-Time,Production,Production Operations,1971-05-30,MA,Male,US-MA-03,Other,Married,Fully Meets,3
1524,Priscilla,Walters,2004-04-05,,Production Technician I,Ariel Cervantes,2322,priscilla.walters@bilearner.com,TNS,Active,Full-Time,Zone A,Full-Time,Production,Production Operations,1975-05-13,MA,Female,US-MA-01,Other,Single,Fully Meets,3
1525,Nehemiah,Leach,2011-12-11,2015-03-13,Production Technician I,Milagros Foley,1185,nehemiah.leach@bilearner.com,BPC,Retired,Full-Time,Zone C,Full-Time,Production,Production Operations,1947-04-14,MA,Female,US-MA-02,Asian,Widowed,Needs Improvement,2
1526,Ashtyn,Huynh,2019-12-01,,Production Technician I,Emelia Mcintyre,2343,ashtyn.huynh@bilearner.com,CCDR,Active,Contract,Zone C,Temporary,Production,Production Operations,1987-04-04,MA,Female,US-MA-03,Other,Divorced,Fully Meets,3
1527,Tristen,Reed,2010-12-13,2013-05-27,Production Technician I,Ibrahim Wolfe,1142,tristen.reed@bilearner.com,EW,Voluntarily Terminated,Full-Time,Zone C,Full-Time,Production,Production Operations,1980-03-13,MA,Female,US-MA-01,Asian,Widowed,Fully Meets,3
1528,Braedon,Chandler,2002-07-17,,Production Technician I,Marlon Stanton,2304,braedon.chandler@bilearner.com,MSC,Active,Part-Time,Zone A,Part-Time,Production,Production Operations,1977-01-18,MA,Female,US-MA-02,Asian,Widowed,Fully Meets,3
1529,Nikolas,Hancock,2003-05-11,,Production Technician I,Trey Johnston,2506,nikolas.hancock@bilearner.com,NEL,Active,Full-Time,Zone A,Full-Time,Production,Production Operations,1974-07-27,MA,Female,US-MA-03,Hispanic,Married,Fully Meets,3
1530,Demetrius,Sanders,2025-05-14,,Production Technician I,Webster L Butler,2285,demetrius.sanders@bilearner.com,PL,Active,Full-Time,Zone C,Full-Time,Production,Production Operations,2000-02-02,MA,Female,US-MA-01,Other,Single,Fully Meets,4
1531,Tiana,Perry,2011-01-10,2016-02-10,Production Technician I,Faith Golden,2318,tiana.perry@bilearner.com,PYZ,Voluntarily Terminated,Full-Time,Zone C,Full-Time,Production,Production Operations,1985-09-05,MA,Female,US-MA-02,Asian,Widowed,Fully Meets,3
1532,Rene,Pena,2006-09-02,,Production Technician I,Ariana Strickland,2294,rene.pena@bilearner.com,SVG,Leave of Absence,Contract,Zone A,Temporary,Production,Production Operations,1965-01-15,MA,Female,US-MA-03,Asian,Divorced,Fully Meets,3
1533,Angelo,Fox,2011-10-24,,Production Technician I,Braden Nicholson,2478,angelo.fox@bilearner.com,TNS,Leave of Absence,Full-Time,Zone B,Full-Time,Production,Production Operations,1990-08-21,MA,Female,US-MA-01,Black,Widowed,Fully Meets,3
1534,Ernesto,Madden,2005-02-23,,Production Technician II,Terrell Guerra,2395,ernesto.madden@bilearner.com,CCDR,Active,Full-Time,Zone A,Full-Time,Production,Production Operations,1964-11-10,MA,Male,US-MA-02,White,Married,Fully Meets,3
1535,Amari,Christian,2022-07-10,,Production Technician II,Milagros Foley,1185,amari.christian@bilearner.com,SVG,Active,Contract,Zone C,Temporary,Production,Production Operations,2000-11-11,MA,Female,US-MA-03,Black,Widowed,Fully Meets,3
1536,Lilly,Turner,2020-11-22,,Production Technician II,Ariana Strickland,2294,lilly.turner@bilearner.com,EW,Active,Part-Time,Zone C,Part-Time,Production,Production Operations,1998-04-01,MA,Female,US-MA-01,Asian,Single,Fully Meets,3
1537,Rayne,Simpson,2018-07-19,,Production Technician II,Sawyer Little,2385,rayne.simpson@bilearner.com,MSC,Active,Full-Time,Zone C,Full-Time,Production,Production Operations,1992-03-26,MA,Male,US-MA-02,Hispanic,Divorced,Fully Meets,3
1538,Aaron,Tapia,2013-08-12,,Production Technician II,Julianne Shaw,2414,aaron.tapia@bilearner.com,TNS,Active,Full-Time,Zone B,Full-Time,Production,Production Operations,1971-07-20,MA,Male,US-MA-03,White,Widowed,Fully Meets,4
1539,Aimee,Santana,2017-12-21,2019-06-22,Production Technician II,Teagan Fletcher,2440,aimee.santana@bilearner.com,PYZ,Voluntarily Terminated,Full-Time,Zone C,Full-Time,Production,Production Operations,1961-03-02,MA,Male,US-MA-01,Hispanic,Widowed,Fully Meets,3
1540,Raegan,Stanton,2004-09-01,,Production Technician I,Ariel Cervantes,2322,raegan.stanton@bilearner.com,BPC,Active,Part-Time,Zone A,Part-Time,Production,Production Operations,1967-02-19,MA,Female,US-MA-02,Black,Widowed,Fully Meets,3
1541,Johan,Sosa,2026-06-18,,Production Technician I,Ava Chan,2463,johan.sosa@bilearner.com,CCDR,Active,Full-Time,Zone C,Full-Time,Production,Production Operations,1972-12-13,MA,Female,US-MA-03,Black,Widowed,Fully Meets,3
1542,Stacy,Bonilla,2007-07-13,,Production Technician I,Julianne Shaw,2414,stacy.bonilla@bilearner.com,SVG,Active,Full-Time,Zone A,Full-Time,Production,Production Operations,1962-08-26,MA,Male,US-MA-01,White,Married,Fully Meets,3
1543,Valery,Holder,2020-12-24,2022-03-17,Production Technician I,Kissy Sullivan,2278,valery.holder@bilearner.com,EW,Retired,Full-Time,Zone C,Full-Time,Production,Production Operations,1961-07-16,MA,Male,US-MA-02,Black,Married,Fully Meets,3
1544,Skye,Cochran,2005-03-29,2012-11-23,Production Technician I,Amy Dunn,2277,skye.cochran@bilearner.com,MSC,Retired,Full-Time,Zone C,Full-Time,Production,Production Operations,1946-03-30,MA,Female,US-MA-03,Other,Married,Fully Meets,3
1545,Jerimiah,Mendez,2025-07-22,,Production Technician I,Heath Romero,2381,jerimiah.mendez@bilearner.com,TNS,Active,Full-Time,Zone C,Full-Time,Production,Production Operations,1987-01-15,MA,Female,US-MA-01,Hispanic,Married,Fully Meets,3
1546,Madden,Lam,2020-04-25,2021-01-22,Production Technician I,Nathaly Stuart,2411,madden.lam@bilearner.com,PYZ,Retired,Full-Time,Zone C,Full-Time,Production,Production Operations,1952-08-13,MA,Female,US-MA-02,Hispanic,Widowed,Fully Meets,3
1547,Nicole,Stone,2026-02-18,2026-05-15,Production Technician I,Walter Dominguez,2336,nicole.stone@bilearner.com,WBL,Voluntarily Terminated,Part-Time,Zone C,Part-Time,Production,Production Operations,1993-12-25,MA,Female,US-MA-03,Hispanic,Widowed,Fully Meets,3
1548,Brice,Christian,2023-11-29,,Production Technician I,Elijiah Gray,2281,brice.christian@bilearner.com,NEL,Active,Full-Time,Zone C,Full-Time,Production,Production Operations,1964-08-01,MA,Male,US-MA-01,Asian,Widowed,Needs Improvement,2
1549,Sage,Potter,2009-10-24,,Production Technician I,Brycen York,2421,sage.potter@bilearner.com,PL,Active,Part-Time,Zone A,Part-Time,Production,Production Operations,1958-12-01,MA,Female,US-MA-02,Other,Married,Fully Meets,4
1550,Kyle,Peck,2004-09-13,2008-04-12,Production Technician I,Amy Dunn,2277,kyle.peck@bilearner.com,BPC,Terminated for Cause,Full-Time,Zone C,Full-Time,Production,Production Operations,1961-08-15,MA,Female,US-MA-03,Black,Widowed,Fully Meets,3
1551,Zaniyah,Roman,2013-04-12,2014-05-01,Production Technician I,Ava Chan,2463,zaniyah.roman@bilearner.com,CCDR,Voluntarily Terminated,Full-Time,Zone C,Full-Time,Production,Production Operations,1976-09-16,MA,Female,US-MA-01,Black,Divorced,Fully Meets,3
1552,Katie,Gutierrez,2001-03-03,2002-04-22,Production Technician I,Marlon Stanton,2304,katie.gutierrez@bilearner.com,SVG,Voluntarily Terminated,Contract,Zone C,Temporary,Production,Production Operations,1953-04-03,MA,Female,US-MA-02,Asian,Widowed,Fully Meets,4
1553,Walker,Baird,2023-08-23,,Production Technician I,Milagros Jimenez,2364,walker.baird@bilearner.com,EW,Active,Full-Time,Zone C,Full-Time,Production,Production Operations,1960-10-04,MA,Female,US-MA-03,Other,Single,Fully Meets,3
1554,Zackery,Sutton,2024-08-19,,Production Technician I,Ariel Cervantes,2322,zackery.sutton@bilearner.com,MSC,Leave of Absence,Full-Time,Zone C,Full-Time,Production,Production Operations,2001-10-28,MA,Male,US-MA-01,White,Widowed,Fully Meets,3
1555,Hazel,Ponce,2004-11-21,,Production Technician II,Trey Johnston,2506,hazel.ponce@bilearner.com,PL,Active,Full-Time,Zone A,Full-Time,Production,Production Operations,1966-04-26,MA,Female,US-MA-02,Hispanic,Divorced,Fully Meets,3
1556,Joey,Alvarez,2007-04-30,,Production Technician II,Leticia Parks,2378,joey.alvarez@bilearner.com,PYZ,Active,Full-Time,Zone A,Full-Time,Production,Production Operations,1978-09-03,MA,Female,US-MA-03,Asian,Widowed,Fully Meets,3
1557,Titus,Day,2011-01-21,2012-04-11,Production Technician II,Teagan Fletcher,2440,titus.day@bilearner.com,SVG,Voluntarily Terminated,Contract,Zone C,Temporary,Production,Production Operations,1991-06-16,MA,Male,US-MA-01,Hispanic,Divorced,Fully Meets,3
1558,Bella,Norris,2008-12-12,,Production Technician II,Kyle Ali,2490,bella.norris@bilearner.com,TNS,Active,Full-Time,Zone A,Full-Time,Production,Production Operations,1981-02-24,MA,Male,US-MA-02,Black,Married,Fully Meets,3
1559,Braden,Ballard,2011-04-22,2013-03-26,Production Technician II,Uriel Brennan,2386,braden.ballard@bilearner.com,WBL,Voluntarily Terminated,Full-Time,Zone C,Full-Time,Production,Production Operations,1965-12-02,MA,Male,US-MA-03,Other,Divorced,Fully Meets,4
1560,Aron,Graham,2009-01-11,2015-03-25,Production Technician II,Ariel Cervantes,2322,aron.graham@bilearner.com,PYZ,Retired,Full-Time,Zone C,Full-Time,Production,Production Operations,1947-09-08,MA,Male,US-MA-01,Other,Divorced,Fully Meets,3
1561,Shamar,Cross,2024-04-22,,Production Technician I,Terry Gay,2298,shamar.cross@bilearner.com,PL,Active,Full-Time,Zone C,Full-Time,Production,Production Operations,1993-09-02,MA,Female,US-MA-02,Hispanic,Single,Fully Meets,3
1562,Kailee,Harmon,2003-07-28,2004-12-22,Production Technician I,Ariel Cervantes,2322,kailee.harmon@bilearner.com,BPC,Retired,Contract,Zone C,Temporary,Production,Production Operations,1944-03-09,MA,Female,US-MA-03,Black,Single,Fully Meets,3
1563,Alice,Kaufman,2015-08-22,2018-02-01,Production Technician I,Uriel Brennan,2386,alice.kaufman@bilearner.com,CCDR,Voluntarily Terminated,Contract,Zone C,Temporary,Production,Production Operations,1960-11-26,MA,Female,US-MA-01,Black,Widowed,Fully Meets,3
1564,Cesar,House,2004-10-26,2008-05-31,Production Technician I,Terrell Guerra,2395,cesar.house@bilearner.com,SVG,Voluntarily Terminated,Contract,Zone C,Temporary,Production,Production Operations,1973-12-09,MA,Male,US-MA-02,Other,Widowed,Exceeds,4
1565,Guillermo,Lynn,2014-11-15,2015-01-22,Production Technician I,Walter Immediato,2279,guillermo.lynn@bilearner.com,EW,Voluntarily Terminated,Full-Time,Zone C,Full-Time,Production,Production Operations,1960-09-23,MA,Male,US-MA-03,Asian,Widowed,Fully Meets,3
1566,Myles,Hart,2025-11-18,2026-02-08,Production Technician I,Giuliana Farmer,1123,myles.hart@bilearner.com,MSC,Retired,Full-Time,Zone C,Full-Time,Production,Production Operations,1962-12-24,MA,Female,US-MA-01,Hispanic,Divorced,Exceeds,4
1567,Deborah,Kline,2025-08-13,2026-03-01,Production Technician I,Carleigh Garrison,2420,deborah.kline@bilearner.com,TNS,Voluntarily Terminated,Full-Time,Zone C,Full-Time,Production,Production Operations,1978-11-29,MA,Female,US-MA-02,Asian,Single,Fully Meets,3
1568,Patricia,Pruitt,2020-10-08,,Production Technician I,Elisa Bramante,2291,patricia.pruitt@bilearner.com,PYZ,Active,Full-Time,Zone C,Full-Time,Production,Production Operations,1995-03-15,MA,Female,US-MA-03,Asian,Divorced,Fully Meets,3
1569,Alice,Craig,2018-04-22,,Production Technician I,Trey Johnston,2506,alice.craig@bilearner.com,WBL,Active,Full-Time,Zone C,Full-Time,Production,Production Operations,1975-02-24,MA,Male,US-MA-01,Black,Widowed,Fully Meets,3
1570,Mariana,Copeland,2004-12-22,2007-08-09,Production Technician I,Terrell Guerra,2395,mariana.copeland@bilearner.com,NEL,Terminated for Cause,Full-Time,Zone C,Full-Time,Production,Production Operations,1962-01-29,MA,Male,US-MA-02,Asian,Single,Fully Meets,4
1571,Nick,Merritt,2004-09-03,,Production Technician I,Uriel Brennan,2386,nick.merritt@bilearner.com,PL,Active,Full-Time,Zone A,Full-Time,Production,Production Operations,1978-11-03,MA,Female,US-MA-03,Hispanic,Divorced,Exceeds,5
1572,Chance,Warner,2025-10-20,2026-05-23,Production Technician I,Antwan Gay,2316,chance.warner@bilearner.com,BPC,Terminated for Cause,Full-Time,Zone C,Full-Time,Production,Production Operations,1982-01-31,MA,Female,US-MA-01,Black,Married,Fully Meets,3
1573,Ryann,Tapia,2015-06-17,,Production Technician I,Kyle Ali,2490,ryann.tapia@bilearner.com,CCDR,Active,Part-Time,Zone B,Part-Time,Production,Production Operations,1985-01-19,MA,Female,US-MA-02,Other,Widowed,Fully Meets,3
1574,Diego,Hays,2021-03-14,2021-09-17,Production Technician I,George Meyers,2457,diego.hays@bilearner.com,SVG,Terminated for Cause,Full-Time,Zone C,Full-Time,Production,Production Operations,1989-11-23,MA,Female,US-MA-03,Hispanic,Widowed,Fully Meets,3
1575,Gabriel,Adams,2005-01-15,,Production Technician I,Teagan Fletcher,2440,gabriel.adams@bilearner.com,EW,Leave of Absence,Full-Time,Zone A,Full-Time,Production,Production Operations,1982-03-12,MA,Female,US-MA-01,Asian,Single,Fully Meets,3
1576,Rohan,Mcdowell,2019-05-17,2020-09-04,Production Technician I,Mila Poole,2453,rohan.mcdowell@bilearner.com,MSC,Voluntarily Terminated,Full-Time,Zone C,Full-Time,Production,Production Operations,1962-12-11,MA,Male,US-MA-02,Black,Married,Needs Improvement,1
1577,Sullivan,Whitehead,2009-06-13,,Production Technician II,Leticia Parks,2378,sullivan.whitehead@bilearner.com,PL,Active,Full-Time,Zone A,Full-Time,Production,Production Operations,1963-04-13,MA,Female,US-MA-03,Black,Widowed,Fully Meets,3
1578,Lilliana,Randolph,2024-06-03,2024-12-10,Production Technician II,George Meyers,2457,lilliana.randolph@bilearner.com,PYZ,Voluntarily Terminated,Full-Time,Zone C,Full-Time,Production,Production Operations,1980-08-20,MA,Male,US-MA-01,Hispanic,Married,Needs Improvement,1
1579,Presley,Salazar,2014-11-28,,Production Technician II,Ava Chan,2463,presley.salazar@bilearner.com,SVG,Active,Full-Time,Zone B,Full-Time,Production,Production Operations,1994-09-30,MA,Male,US-MA-02,White,Divorced,Fully Meets,3
1580,Lilianna,Lynn,2005-11-29,,Production Technician II,Uriel Brennan,2386,lilianna.lynn@bilearner.com,TNS,Active,Full-Time,Zone A,Full-Time,Production,Production Operations,1972-04-10,MA,Male,US-MA-03,Asian,Single,Needs Improvement,2
1581,Gerardo,Sampson,2021-10-20,2025-01-15,Production Technician II,Justice Pineda,1164,gerardo.sampson@bilearner.com,WBL,Voluntarily Terminated,Full-Time,Zone C,Full-Time,Production,Production Operations,1996-05-04,MA,Male,US-MA-01,Asian,Single,Fully Meets,3
1582,Miguel,Kim,2001-06-13,2006-02-04,Production Technician II,Marlon Stanton,2304,miguel.kim@bilearner.com,BPC,Voluntarily Terminated,Full-Time,Zone C,Full-Time,Production,Production Operations,1961-06-05,MA,Female,US-MA-02,Other,Single,Needs Improvement,2
1583,Muhammad,Mcpherson,2025-07-05,2026-06-20,Production Technician I,Julianne Shaw,2414,muhammad.mcpherson@bilearner.com,NEL,Voluntarily Terminated,Contract,Zone C,Temporary,Production,Production Operations,1973-07-01,MA,Female,US-MA-03,Other,Widowed,Fully Meets,3
1584,Myles,Jensen,2010-01-01,,Production Technician I,Walter Immediato,2279,myles.jensen@bilearner.com,PL,Active,Full-Time,Zone A,Full-Time,Production,Production Operations,1973-01-22,MA,Female,US-MA-01,White,Married,Fully Meets,3
1585,Alessandro,Harris,2013-09-29,2015-04-22,Production Technician I,Terrell Guerra,2395,alessandro.harris@bilearner.com,BPC,Retired,Full-Time,Zone C,Full-Time,Production,Production Operations,1956-05-04,MA,Female,US-MA-02,Black,Single,Fully Meets,3
1586,Eugene,Reyes,2025-08-03,,Production Technician I,Ariana Strickland,2294,eugene.reyes@bilearner.com,CCDR,Active,Full-Time,Zone C,Full-Time,Production,Production Operations,1973-01-05,MA,Female,US-MA-03,Hispanic,Widowed,Fully Meets,4
1587,Shamar,Guzman,2007-05-14,,Production Technician I,Trey Johnston,2506,shamar.guzman@bilearner.com,SVG,Active,Contract,Zone A,Temporary,Production,Production Operations,1984-12-12,MA,Male,US-MA-01,Other,Divorced,Fully Meets,3
1588,Mohammed,Mcintyre,2022-04-20,,Production Technician I,Trey Johnston,2506,mohammed.mcintyre@bilearner.com,EW,Active,Full-Time,Zone C,Full-Time,Production,Production Operations,1971-06-28,MA,Male,US-MA-02,Hispanic,Widowed,Fully Meets,3
1589,Travis,Morgan,2006-09-08,2007-02-21,Production Technician I,Teagan Fletcher,2440,travis.morgan@bilearner.com,MSC,Retired,Full-Time,Zone C,Full-Time,Production,Production Operations,1939-03-29,MA,Female,US-MA-03,White,Married,Fully Meets,4
1590,Alessandro,Fuller,2010-05-11,,Production Technician I,Brycen York,2421,alessandro.fuller@bilearner.com,TNS,Active,Full-Time,Zone A,Full-Time,Production,Production Operations,1983-09-09,MA,Male,US-MA-01,Black,Single,Fully Meets,3
1591,Kamden,Ochoa,2014-09-21,2015-10-15,Production Technician I,Payton Nolan,2377,kamden.ochoa@bilearner.com,PYZ,Voluntarily Terminated,Full-Time,Zone C,Full-Time,Production,Production Operations,1957-10-20,MA,Female,US-MA-02,Asian,Divorced,Fully Meets,4
1592,Charlee,Wiggins,2009-11-17,2012-04-03,Production Technician I,Ibrahim Wolfe,1142,charlee.wiggins@bilearner.com,WBL,Voluntarily Terminated,Full-Time,Zone C,Full-Time,Production,Production Operations,1981-08-15,MA,Male,US-MA-03,Other,Single,Exceeds,4
1593,Natalia,Hamilton,2005-03-04,,Production Technician I,Teagan Fletcher,2440,natalia.hamilton@bilearner.com,NEL,Active,Part-Time,Zone A,Part-Time,Production,Production Operations,1984-11-18,MA,Male,US-MA-01,Asian,Widowed,Exceeds,4
1594,Kierra,Boone,2002-12-14,,Production Technician I,Ariel Cervantes,2322,kierra.boone@bilearner.com,PL,Active,Full-Time,Zone A,Full-Time,Production,Production Operations,1968-04-30,MA,Female,US-MA-02,Black,Single,Exceeds,4
1595,Charlie,Ramirez,2011-11-29,,Production Technician I,Leticia Parks,2378,charlie.ramirez@bilearner.com,BPC,Active,Full-Time,Zone B,Full-Time,Production,Production Operations,1969-09-11,MA,Female,US-MA-03,Black,Married,Exceeds,4
1596,Chris,Johnson,2018-06-06,2022-05-27,Production Technician I,Terry Gay,2298,chris.johnson@bilearner.com,CCDR,Retired,Full-Time,Zone C,Full-Time,Production,Production Operations,1958-08-15,MA,Female,US-MA-01,Other,Married,Exceeds,4
1597,John,Bentley,2021-10-27,2024-10-17,Production Technician I,Jonathan Hogland,2292,john.bentley@bilearner.com,SVG,Voluntarily Terminated,Full-Time,Zone C,Full-Time,Production,Production Operations,1998-02-23,MA,Female,US-MA-02,White,Married,Exceeds,4
1598,Myla,Mcintyre,2008-04-13,,Production Technician I,Courtney E Wallace,2276,myla.mcintyre@bilearner.com,EW,Leave of Absence,Part-Time,Zone A,Part-Time,Production,Production Operations,1978-03-05,MA,Female,US-MA-03,Black,Divorced,Needs Improvement,2
1599,Demarcus,Ware,2021-06-18,2022-01-09,Production Technician II,Odin Sampson,2456,demarcus.ware@bilearner.com,BPC,Voluntarily Terminated,Contract,Zone C,Temporary,Production,Production Operations,1975-11-13,MA,Male,US-MA-01,White,Divorced,Exceeds,4
1600,Devon,Daniels,2020-09-29,,Production Technician II,Kaylyn Joyce,2419,devon.daniels@bilearner.com,CCDR,Active,Full-Time,Zone C,Full-Time,Production,Production Operations,1993-05-19,MA,Female,US-MA-02,Hispanic,Married,Exceeds,4
1601,Odin,Heath,2016-07-20,2017-05-12,Production Technician II,Milagros Foley,1185,odin.heath@bilearner.com,SVG,Terminated for Cause,Full-Time,Zone C,Full-Time,Production,Production Operations,1990-10-08,MA,Male,US-MA-03,Asian,Single,Exceeds,4
1602,Bryanna,Mahoney,2020-04-07,2023-12-14,Production Technician II,Elijiah Gray,2281,bryanna.mahoney@bilearner.com,EW,Voluntarily Terminated,Contract,Zone C,Temporary,Production,Production Operations,2000-10-10,MA,Female,US-MA-01,Asian,Married,Exceeds,4
1603,Ashlynn,Thompson,2025-06-02,,Production Technician II,Terry Gay,2298,ashlynn.thompson@bilearner.com,MSC,Active,Contract,Zone C,Temporary,Production,Production Operations,1968-12-25,MA,Male,US-MA-02,White,Single,Exceeds,5
1604,Ansley,Duke,2004-02-02,,Production Technician II,Amy Dunn,2277,ansley.duke@bilearner.com,TNS,Active,Part-Time,Zone A,Part-Time,Production,Production Operations,1976-10-19,MA,Male,US-MA-03,Asian,Married,Exceeds,4
1605,Izaiah,Quinn,2008-06-03,2009-06-28,Production Technician I,Michael Albert,2275,izaiah.quinn@bilearner.com,NEL,Voluntarily Terminated,Contract,Zone C,Temporary,Production,Production Operations,1956-10-20,MA,Female,US-MA-01,Black,Single,Exceeds,5
1606,Hillary,Clements,2007-07-10,,Production Technician I,Walter Immediato,2279,hillary.clements@bilearner.com,PL,Active,Full-Time,Zone A,Full-Time,Production,Production Operations,1981-11-23,MA,Female,US-MA-02,White,Divorced,Exceeds,4
1607,Diana,Cameron,2022-10-17,,Production Technician I,Carleigh Garrison,2420,diana.cameron@bilearner.com,BPC,Active,Full-Time,Zone C,Full-Time,Production,Production Operations,1987-12-10,MA,Female,US-MA-03,Hispanic,Married,Needs Improvement,1
1608,Rhianna,Allison,2018-02-25,,Production Technician I,George Meyers,2457,rhianna.allison@bilearner.com,CCDR,Active,Full-Time,Zone C,Full-Time,Production,Production Operations,1997-02-24,MA,Female,US-MA-01,White,Widowed,PIP,1
1609,Ramon,Watson,2010-03-03,2014-04-19,Production Technician I,Kyle Ali,2490,ramon.watson@bilearner.com,SVG,Voluntarily Terminated,Contract,Zone C,Temporary,Production,Production Operations,1953-11-26,MA,Male,US-MA-02,Black,Married,PIP,1
1610,Raegan,Spence,2012-07-01,2014-08-18,Production Technician I,Milagros Foley,1185,raegan.spence@bilearner.com,EW,Terminated for Cause,Full-Time,Zone C,Full-Time,Production,Production Operations,1986-01-28,MA,Female,US-MA-03,White,Single,Needs Improvement,1
1611,Jacoby,Singleton,2011-12-11,2016-04-28,Production Technician I,Braden Nicholson,2478,jacoby.singleton@bilearner.com,MSC,Voluntarily Terminated,Contract,Zone C,Temporary,Production,Production Operations,1962-01-25,MA,Female,US-MA-01,Hispanic,Widowed,Needs Improvement,1
1612,Kara,Yates,2024-02-12,2024-11-10,Production Technician I,Michael Albert,2275,kara.yates@bilearner.com,TNS,Terminated for Cause,Full-Time,Zone C,Full-Time,Production,Production Operations,1993-05-28,MA,Male,US-MA-02,White,Single,Needs Improvement,2
1613,Beau,Barron,2024-11-10,2025-09-29,Production Technician I,Colt Archer,1231,beau.barron@bilearner.com,PYZ,Terminated for Cause,Full-Time,Zone C,Full-Time,Production,Production Operations,1995-07-03,MA,Female,US-MA-03,Other,Single,Exceeds,4
1614,Giovanna,Morton,2011-10-04,,Production Technician I,Kaylyn Joyce,2419,giovanna.morton@bilearner.com,WBL,Active,Full-Time,Zone B,Full-Time,Production,Production Operations,1973-06-11,MA,Male,US-MA-01,Asian,Divorced,Needs Improvement,1
1615,Braelyn,Dominguez,2013-01-16,,Production Technician I,Brianna Hurley,2471,braelyn.dominguez@bilearner.com,NEL,Active,Part-Time,Zone B,Part-Time,Production,Production Operations,1960-01-16,MA,Male,US-MA-02,White,Married,Exceeds,4
1616,Rhett,Andrews,2009-07-19,,Production Technician I,Kaylyn Joyce,2419,rhett.andrews@bilearner.com,PL,Active,Full-Time,Zone A,Full-Time,Production,Production Operations,1991-06-03,MA,Female,US-MA-03,Black,Divorced,Needs Improvement,2
1617,Terrell,Crosby,2012-05-10,,Production Technician I,George Meyers,2457,terrell.crosby@bilearner.com,BPC,Active,Contract,Zone B,Temporary,Production,Production Operations,1991-12-27,MA,Female,US-MA-01,Black,Divorced,Needs Improvement,2
1618,Corbin,Roberson,2008-02-20,,Production Technician I,Michael Albert,2275,corbin.roberson@bilearner.com,CCDR,Active,Contract,Zone A,Temporary,Production,Production Operations,1977-06-16,MA,Male,US-MA-02,White,Widowed,Needs Improvement,1
1619,Micheal,Drake,2022-02-24,,Production Technician I,Abbigail Cameron,1232,micheal.drake@bilearner.com,SVG,Leave of Absence,Part-Time,Zone C,Part-Time,Production,Production Operations,1964-08-08,MA,Female,US-MA-03,Black,Widowed,Needs Improvement,2
1620,Evie,Mclaughlin,2015-04-16,,Production Technician I,Ava Chan,2463,evie.mclaughlin@bilearner.com,EW,Active,Part-Time,Zone B,Part-Time,Production,Production Operations,1967-03-04,MA,Male,US-MA-01,Asian,Single,Needs Improvement,1
1621,Robert,Hubert,2012-05-02,2015-03-08,BI Developer,Peter Monroe,2483,robert.hubert@bilearner.com,MSC,Voluntarily Terminated,Full-Time,Zone B,Full-Time,IT/IS,Data & Analytics,1975-12-09,MA,Male,US-MA-02,Other,Divorced,Needs Improvement,1
1622,Matthew,Westinghouse,2016-05-31,2016-07-04,BI Developer,Eden Choi,2568,matthew.westinghouse@bilearner.com,TNS,Terminated for Cause,Full-Time,Zone B,Full-Time,IT/IS,Data & Analytics,1959-01-16,MA,Male,US-MA-03,Asian,Single,Needs Improvement,2
1623,Jason,Smith,2005-10-14,2007-02-02,BI Developer,Peter Monroe,2483,jason.smith@bilearner.com,PYZ,Voluntarily Terminated,Full-Time,Zone B,Full-Time,IT/IS,Data & Analytics,1980-10-20,MA,Male,US-MA-01,Other,Divorced,Needs Improvement,2
1624,Charlie,Wang,2017-02-25,2021-01-25,Senior BI Developer,Ashly Mullen,2561,charlie.wang@bilearner.com,WBL,Terminated for Cause,Full-Time,Zone B,Full-Time,IT/IS,Data & Analytics,1996-10-22,MA,Male,US-MA-02,White,Widowed,Needs Improvement,2
1625,Kurt,Navathe,2012-02-15,,Senior BI Developer,Kenna Porter,1661,kurt.navathe@bilearner.com,NEL,Active,Full-Time,Zone B,Full-Time,IT/IS,Data & Analytics,1977-09-16,MA,Male,US-MA-03,Other,Single,Exceeds,4
1626,Katie,Roper,2022-06-22,2024-11-16,Data Architect,Eden Choi,2568,katie.roper@bilearner.com,PL,Terminated for Cause,Full-Time,Zone B,Full-Time,IT/IS,Data Architecture,1974-04-10,MA,Female,US-MA-01,Other,Married,Needs Improvement,1
1627,Maggie,Rachael,2020-10-06,,BI Developer,Maddison Perez,3961,maggie.rachael@bilearner.com,BPC,Active,Full-Time,Zone B,Full-Time,IT/IS,Data & Analytics,1966-01-14,MA,Female,US-MA-02,Other,Divorced,Exceeds,4
1628,Binh,Le,2009-09-24,2016-07-20,Senior BI Developer,Odin Key,2545,binh.le@bilearner.com,CCDR,Terminated for Cause,Full-Time,Zone B,Full-Time,IT/IS,Data & Analytics,1974-04-12,MA,Female,US-MA-03,Asian,Single,Needs Improvement,2
1629,Lucia,Peterson,2014-06-23,2015-06-18,BI Developer,Ashly Mullen,2561,lucia.peterson@bilearner.com,PL,Retired,Full-Time,Zone B,Full-Time,IT/IS,Data & Analytics,1951-10-16,MA,Female,US-MA-01,Hispanic,Married,Fully Meets,4
1630,Nola,Moss,2008-12-14,2010-03-08,BI Developer,Carla Willis,2251,nola.moss@bilearner.com,BPC,Retired,Full-Time,Zone B,Full-Time,IT/IS,Data & Analytics,1944-02-05,MA,Female,US-MA-02,Other,Single,Fully Meets,3
1631,Chance,Braun,2009-10-10,2010-11-08,BI Developer,Carla Willis,2251,chance.braun@bilearner.com,CCDR,Terminated for Cause,Contract,Zone B,Temporary,IT/IS,Data & Analytics,1986-10-24,MA,Female,US-MA-03,White,Widowed,Fully Meets,3
1632,Alma,Pennington,2008-09-01,,BI Developer,Eden Choi,2568,alma.pennington@bilearner.com,SVG,Active,Full-Time,Zone A,Full-Time,IT/IS,Data & Analytics,1970-08-06,MA,Female,US-MA-01,Black,Widowed,Fully Meets,3
1633,Miley,French,2025-02-28,2026-01-21,Area Sales Manager,Avah Hayes,2661,miley.french@bilearner.com,EW,Terminated for Cause,Full-Time,Zone B,Full-Time,Sales,Sales & Marketing,1994-05-05,MA,Female,US-MA-02,Black,Widowed,Fully Meets,3
1634,Kole,Levine,2024-03-11,2025-09-27,Area Sales Manager,Devyn Powers,3489,kole.levine@bilearner.com,MSC,Voluntarily Terminated,Full-Time,Zone B,Full-Time,Sales,Sales & Marketing,1974-07-22,MA,Male,US-MA-03,Black,Divorced,Fully Meets,4
1635,Azul,Watkins,2014-12-10,2021-01-20,Area Sales Manager,Alisa James,3460,azul.watkins@bilearner.com,TNS,Voluntarily Terminated,Full-Time,Zone B,Full-Time,Sales,Sales & Marketing,1988-09-26,MA,Male,US-MA-01,Hispanic,Single,Fully Meets,3
1636,Landen,Blanchard,2024-04-21,2025-09-04,Sales Manager,Santiago Rosales,2735,landen.blanchard@bilearner.com,SVG,Voluntarily Terminated,Full-Time,Zone B,Full-Time,Sales,Sales & Marketing,1998-11-07,MA,Male,US-MA-02,White,Single,Fully Meets,3
1637,Leroy,Norman,2010-01-02,2014-03-04,Sales Manager,Kara Ferrell,1666,leroy.norman@bilearner.com,EW,Terminated for Cause,Full-Time,Zone B,Full-Time,Sales,Sales & Marketing,1986-01-18,MA,Male,US-MA-03,Black,Divorced,Fully Meets,3
1638,Nikhil,Pineda,2006-09-04,2008-10-17,Sales Manager,Axel Howe,3456,nikhil.pineda@bilearner.com,MSC,Retired,Full-Time,Zone B,Full-Time,Sales,Sales & Marketing,1943-10-19,MA,Male,US-MA-01,Asian,Divorced,Fully Meets,3
1639,Kadence,Simon,2012-05-24,2013-11-02,BI Director,Ashly Mullen,2561,kadence.simon@bilearner.com,EW,Terminated for Cause,Part-Time,Zone A,Part-Time,IT/IS,Data & Analytics,1958-01-10,MA,Male,US-MA-02,Black,Married,Fully Meets,4
1640,Elliot,Phillips,2014-06-04,2017-02-28,BI Developer,Kenna Porter,1661,elliot.phillips@bilearner.com,MSC,Terminated for Cause,Contract,Zone B,Temporary,IT/IS,Data & Analytics,1961-08-30,MA,Female,US-MA-03,Hispanic,Divorced,Fully Meets,4
1641,Taniya,Daniels,2011-04-15,2013-10-20,BI Developer,Maximilian Williamson,2523,taniya.daniels@bilearner.com,NEL,Terminated for Cause,Full-Time,Zone B,Full-Time,IT/IS,Data & Analytics,1989-10-06,MA,Female,US-MA-01,Other,Married,Fully Meets,4
1642,Julia,Jimenez,2020-08-22,2023-09-06,BI Developer,Kali Yates,2263,julia.jimenez@bilearner.com,PL,Terminated for Cause,Contract,Zone B,Temporary,IT/IS,Data & Analytics,1978-08-17,MA,Female,US-MA-02,Black,Single,Fully Meets,3
1643,Kamden,Paul,2015-05-08,2016-08-08,Area Sales Manager,Valentin Reilly,3468,kamden.paul@bilearner.com,SVG,Voluntarily Terminated,Full-Time,Zone B,Full-Time,Sales,Sales & Marketing,1981-05-19,MA,Male,US-MA-03,Other,Widowed,Fully Meets,3
1644,Octavio,Hicks,2005-10-29,2010-08-10,Area Sales Manager,Kimora Parsons,3487,octavio.hicks@bilearner.com,TNS,Voluntarily Terminated,Full-Time,Zone B,Full-Time,Sales,Sales & Marketing,1951-09-06,MA,Male,US-MA-01,Other,Widowed,Fully Meets,3
1645,Jaidyn,Malone,2007-01-04,2008-01-15,Area Sales Manager,Chaz Bruce,3539,jaidyn.malone@bilearner.com,WBL,Voluntarily Terminated,Full-Time,Zone B,Full-Time,Sales,Sales & Marketing,1975-12-19,MA,Male,US-MA-02,Hispanic,Widowed,Fully Meets,3
1646,Cora,Perez,2020-01-26,2020-07-28,Sales Manager,Madyson Yates,2710,cora.perez@bilearner.com,SVG,Voluntarily Terminated,Full-Time,Zone B,Full-Time,Sales,Sales & Marketing,1987-06-17,MA,Male,US-MA-03,Black,Divorced,Fully Meets,3
1647,Isis,Ayala,2002-09-27,2006-07-16,Sales Manager,David Kirk,2729,isis.ayala@bilearner.com,EW,Voluntarily Terminated,Full-Time,Zone B,Full-Time,Sales,Sales & Marketing,1950-06-13,MA,Male,US-MA-01,Black,Widowed,Fully Meets,3
1648,Charlee,Calhoun,2016-12-07,,Sales Manager,Charlize Ballard,2683,charlee.calhoun@bilearner.com,MSC,Active,Contract,Zone B,Temporary,Sales,Sales & Marketing,1977-08-19,MA,Male,US-MA-02,White,Single,Fully Meets,4
1649,Walter,Pruitt,2020-04-16,,CIO,Karley Novak,2347,walter.pruitt@bilearner.com,WBL,Active,Full-Time,Zone A,Full-Time,Executive Office,Technology Leadership,1964-03-10,TX,Male,US-TX-01,White,Single,Fully Meets,3
1650,Julie,Harrington,2005-03-31,2007-05-15,BI Director,Carla Willis,2251,julie.harrington@bilearner.com,NEL,Terminated for Cause,Full-Time,Zone A,Full-Time,IT/IS,Data & Analytics,1946-02-27,MA,Male,US-MA-03,Asian,Widowed,Fully Meets,3
1651,Amara,Wood,2013-12-12,2017-06-18,BI Developer,Peter Monroe,2483,amara.wood@bilearner.com,PL,Terminated for Cause,Full-Time,Zone B,Full-Time,IT/IS,Data & Analytics,1993-01-23,MA,Female,US-MA-01,Black,Widowed,Fully Meets,3
1652,Nevaeh,Ponce,2025-12-15,2026-05-30,BI Developer,Eden Choi,2568,nevaeh.ponce@bilearner.com,BPC,Terminated for Cause,Full-Time,Zone B,Full-Time,IT/IS,Data & Analytics,1985-06-01,MA,Female,US-MA-02,White,Single,Fully Meets,3
1653,Greta,Fields,2022-01-05,2023-01-13,Area Sales Manager,Amaya Hicks,3505,greta.fields@bilearner.com,EW,Retired,Full-Time,Zone B,Full-Time,Sales,Sales & Marketing,1957-01-07,MA,Male,US-MA-03,Hispanic,Married,Fully Meets,3
1654,Zackery,Hess,2017-05-29,2021-05-13,Area Sales Manager,Arely Patton,3474,zackery.hess@bilearner.com,MSC,Voluntarily Terminated,Full-Time,Zone B,Full-Time,Sales,Sales & Marketing,1970-10-25,MA,Male,US-MA-01,Black,Divorced,Fully Meets,4
1655,Chloe,Gould,2018-10-11,,Area Sales Manager,Zariah Black,3530,chloe.gould@bilearner.com,TNS,Active,Full-Time,Zone B,Full-Time,Sales,Sales & Marketing,1962-10-12,MA,Male,US-MA-02,Black,Married,Fully Meets,4
1656,Elyse,Chandler,2002-02-20,,Senior BI Developer,Marlon Stanton,2304,elyse.chandler@bilearner.com,CCDR,Active,Full-Time,Zone A,Full-Time,IT/IS,Data & Analytics,1972-06-02,MA,Male,US-MA-03,Black,Single,Fully Meets,3
1657,Isaias,Briggs,2015-07-29,,Sales Manager,Mary Moore,2622,isaias.briggs@bilearner.com,SVG,Active,Full-Time,Zone B,Full-Time,Sales,Sales & Marketing,1969-08-30,MA,Male,US-MA-01,Other,Married,Fully Meets,3
1658,Allison,Frank,2016-06-29,,Sales Manager,Jackie Valentin,2579,allison.frank@bilearner.com,EW,Active,Full-Time,Zone B,Full-Time,Sales,Sales & Marketing,1975-12-29,MA,Male,US-MA-02,Other,Widowed,Fully Meets,3
1659,Joaquin,Hahn,2018-04-06,2019-07-05,Sales Manager,Ernest Munoz,1670,joaquin.hahn@bilearner.com,MSC,Voluntarily Terminated,Full-Time,Zone B,Full-Time,Sales,Sales & Marketing,1977-06-30,MA,Female,US-MA-03,White,Single,Fully Meets,3
1660,Drake,Nicholson,2020-09-14,2022-09-23,CIO,Marlon Stanton,2304,drake.nicholson@bilearner.com,WBL,Terminated for Cause,Full-Time,Zone A,Full-Time,Executive Office,Technology Leadership,1971-07-02,MA,Male,US-MA-01,Other,Widowed,Fully Meets,3
1661,Kenna,Porter,2009-01-11,,BI Director,Peter Monroe,2483,kenna.porter@bilearner.com,NEL,Active,Full-Time,Zone A,Full-Time,IT/IS,Data & Analytics,1982-05-16,MA,Male,US-MA-02,Hispanic,Divorced,Fully Meets,3
1662,Peter,Wong,2019-05-12,,BI Developer,Maximilian Williamson,2523,peter.wong@bilearner.com,PL,Active,Full-Time,Zone B,Full-Time,IT/IS,Data & Analytics,1963-11-04,MA,Female,US-MA-03,Hispanic,Married,Fully Meets,3
1663,Fatima,Pennington,2023-11-13,2026-04-13,BI Developer,Amina Bush,2514,fatima.pennington@bilearner.com,BPC,Retired,Full-Time,Zone B,Full-Time,IT/IS,Data & Analytics,1961-01-30,MA,Female,US-MA-01,Asian,Widowed,Fully Meets,4
1664,Lainey,Ayers,2015-03-17,,Area Sales Manager,Yesenia Payne,2598,lainey.ayers@bilearner.com,EW,Active,Contract,Zone B,Temporary,Sales,Sales & Marketing,1991-09-10,MA,Male,US-MA-02,White,Single,Fully Meets,3
1665,Tania,Jennings,2008-10-05,,Area Sales Manager,Ryann Rubio,3545,tania.jennings@bilearner.com,MSC,Active,Part-Time,Zone A,Part-Time,Sales,Sales & Marketing,1963-07-10,MA,Male,US-MA-03,Black,Widowed,Fully Meets,3
1666,Kara,Ferrell,2007-06-23,,Area Sales Manager,Kimora Parsons,3487,kara.ferrell@bilearner.com,TNS,Active,Full-Time,Zone A,Full-Time,Sales,Sales & Marketing,1978-07-22,OR,Male,US-OR-03,Black,Divorced,Fully Meets,4
1667,George,Sheppard,2016-01-30,,Senior BI Developer,Chandler Reynolds,2533,george.sheppard@bilearner.com,BPC,Active,Full-Time,Zone B,Full-Time,IT/IS,Data & Analytics,1972-03-19,MA,Male,US-MA-01,Black,Widowed,Fully Meets,3
1668,Taniyah,Mcmillan,2006-12-01,,Senior BI Developer,Carla Willis,2251,taniyah.mcmillan@bilearner.com,CCDR,Active,Full-Time,Zone A,Full-Time,IT/IS,Data & Analytics,1962-01-23,MA,Male,US-MA-02,Black,Single,Fully Meets,4
1669,Kole,Avila,2023-12-04,,Sales Manager,Sanaa Valenzuela,2660,kole.avila@bilearner.com,SVG,Active,Full-Time,Zone B,Full-Time,Sales,Sales & Marketing,1961-09-14,MA,Male,US-MA-03,Asian,Divorced,Fully Meets,4
1670,Ernest,Munoz,2013-08-04,,Sales Manager,Noah Villanueva,2584,ernest.munoz@bilearner.com,EW,Active,Full-Time,Zone B,Full-Time,Sales,Sales & Marketing,1960-11-06,MA,Female,US-MA-01,Other,Widowed,Fully Meets,3
1671,Rose,Jordan,2019-02-15,2020-04-01,Sales Manager,Luciana Steele,2688,rose.jordan@bilearner.com,MSC,Voluntarily Terminated,Contract,Zone B,Temporary,Sales,Sales & Marketing,1964-10-10,MA,Female,US-MA-02,White,Married,Fully Meets,3
1672,Amaris,Torres,2017-11-09,,CIO,Marlon Stanton,2304,amaris.torres@bilearner.com,CCDR,Active,Full-Time,Zone A,Full-Time,Executive Office,Technology Leadership,1985-01-19,MA,Male,US-MA-03,Asian,Married,Fully Meets,3
1673,Titus,Lowe,2015-11-15,,BI Director,Leo Cooper,2487,titus.lowe@bilearner.com,EW,Active,Full-Time,Zone A,Full-Time,IT/IS,Data & Analytics,1995-08-30,MA,Female,US-MA-01,Other,Widowed,Fully Meets,3
1674,Savanah,Prince,2025-08-25,2026-06-02,BI Developer,Jaylyn Bruce,2216,savanah.prince@bilearner.com,MSC,Terminated for Cause,Full-Time,Zone B,Full-Time,IT/IS,Data & Analytics,1996-05-22,MA,Female,US-MA-02,Other,Married,Fully Meets,3
1675,Dawson,Pollard,2017-06-19,2021-06-14,Area Sales Manager,Michelle Carter,2578,dawson.pollard@bilearner.com,SVG,Voluntarily Terminated,Full-Time,Zone B,Full-Time,Sales,Sales & Marketing,1959-11-02,MA,Male,US-MA-03,Hispanic,Widowed,Fully Meets,4
1676,Moises,Day,2012-01-24,,Area Sales Manager,Troy Todd,1682,moises.day@bilearner.com,TNS,Active,Full-Time,Zone B,Full-Time,Sales,Sales & Marketing,1963-08-12,MA,Male,US-MA-01,Other,Widowed,Fully Meets,3
1677,Sadie,Sheppard,2023-07-31,,Area Sales Manager,Kadence Sandoval,1703,sadie.sheppard@bilearner.com,WBL,Active,Full-Time,Zone B,Full-Time,Sales,Sales & Marketing,1965-11-22,OR,Female,US-OR-01,Other,Widowed,Fully Meets,3
1678,Soren,Coleman,2021-10-03,2022-06-05,Senior BI Developer,Odin Key,2545,soren.coleman@bilearner.com,PL,Voluntarily Terminated,Full-Time,Zone B,Full-Time,IT/IS,Data & Analytics,1971-02-14,MA,Female,US-MA-02,Black,Widowed,Fully Meets,4
1679,Sage,Morris,2022-11-10,2024-11-02,Senior BI Developer,Deven Huff,2546,sage.morris@bilearner.com,BPC,Terminated for Cause,Part-Time,Zone B,Part-Time,IT/IS,Data & Analytics,1985-11-21,MA,Male,US-MA-03,Black,Widowed,Fully Meets,3
1680,Lillian,Steele,2024-11-03,2026-03-29,Senior BI Developer,Ricardo Fitzgerald,2252,lillian.steele@bilearner.com,CCDR,Voluntarily Terminated,Full-Time,Zone B,Full-Time,IT/IS,Data & Analytics,1976-09-01,MA,Male,US-MA-01,Other,Divorced,Fully Meets,3
1681,Deanna,Meza,2014-11-12,2016-03-30,Sales Manager,Mayra Lynn,2515,deanna.meza@bilearner.com,SVG,Voluntarily Terminated,Full-Time,Zone B,Full-Time,Sales,Sales & Marketing,1974-10-10,MA,Female,US-MA-02,White,Divorced,Fully Meets,3
1682,Troy,Todd,2011-02-24,,Sales Manager,Charlize Ballard,2683,troy.todd@bilearner.com,EW,Active,Full-Time,Zone A,Full-Time,Sales,Sales & Marketing,1970-12-29,MA,Female,US-MA-03,Black,Married,Fully Meets,4
1683,Beckett,Shea,2015-09-07,2016-05-16,Sales Manager,Aylin Berg,3536,beckett.shea@bilearner.com,MSC,Voluntarily Terminated,Full-Time,Zone B,Full-Time,Sales,Sales & Marketing,1988-02-14,MA,Female,US-MA-01,Other,Married,Fully Meets,3
1684,Eve,Barker,2019-04-13,2020-04-26,CIO,Karley Novak,2347,eve.barker@bilearner.com,WBL,Terminated for Cause,Full-Time,Zone A,Full-Time,Executive Office,Technology Leadership,1963-03-07,MA,Male,US-MA-02,Hispanic,Widowed,Fully Meets,3
1685,Lillie,Wilkerson,2008-07-15,2011-10-29,BI Director,Carla Willis,2251,lillie.wilkerson@bilearner.com,NEL,Terminated for Cause,Full-Time,Zone A,Full-Time,IT/IS,Data & Analytics,1968-06-26,MA,Female,US-MA-03,Black,Divorced,Fully Meets,3
1686,Alexis,Harrell,2011-10-07,2015-04-24,BI Developer,Kane Mcfarland,2230,alexis.harrell@bilearner.com,SVG,Retired,Full-Time,Zone B,Full-Time,IT/IS,Data & Analytics,1954-03-06,MA,Male,US-MA-01,Black,Widowed,Fully Meets,4
1687,Mylee,Snow,2016-07-18,,Area Sales Manager,Jaycee Alexander,2698,mylee.snow@bilearner.com,EW,Active,Full-Time,Zone B,Full-Time,Sales,Sales & Marketing,1967-04-25,MA,Male,US-MA-02,White,Widowed,Fully Meets,3
1688,Elsa,Mckenzie,2022-06-07,2023-04-26,Area Sales Manager,Zariah Black,3530,elsa.mckenzie@bilearner.com,MSC,Retired,Full-Time,Zone B,Full-Time,Sales,Sales & Marketing,1956-07-23,OR,Male,US-OR-02,Other,Divorced,Fully Meets,3
1689,Kolby,Reed,2004-08-24,2006-03-11,Senior BI Developer,Carla Willis,2251,kolby.reed@bilearner.com,MSC,Terminated for Cause,Full-Time,Zone B,Full-Time,IT/IS,Data & Analytics,1985-12-04,MA,Male,US-MA-03,Other,Married,Fully Meets,3
1690,Kyler,Morales,2018-02-13,2020-04-27,Senior BI Developer,Vanessa Zuniga,2504,kyler.morales@bilearner.com,NEL,Voluntarily Terminated,Full-Time,Zone B,Full-Time,IT/IS,Data & Analytics,1966-07-12,MA,Male,US-MA-01,Black,Widowed,Fully Meets,3
1691,Jasiah,Walton,2023-06-29,,Senior BI Developer,Ashly Mullen,2561,jasiah.walton@bilearner.com,PL,Active,Full-Time,Zone B,Full-Time,IT/IS,Data & Analytics,1999-01-22,MA,Male,US-MA-02,Black,Widowed,Fully Meets,3
1692,Urijah,Brandt,2014-06-04,2014-12-19,Sales Manager,Marlon Ford,3532,urijah.brandt@bilearner.com,PYZ,Voluntarily Terminated,Full-Time,Zone B,Full-Time,Sales,Sales & Marketing,1987-08-03,MA,Female,US-MA-03,Other,Widowed,Fully Meets,3
1693,Gianna,Pope,2026-01-30,,Sales Manager,Nathaly Stevens,2648,gianna.pope@bilearner.com,SVG,Active,Full-Time,Zone B,Full-Time,Sales,Sales & Marketing,1985-08-13,MA,Female,US-MA-01,Other,Single,Fully Meets,3
1694,Malia,Reynolds,2011-11-21,2014-11-05,CIO,Yael Garcia,2423,malia.reynolds@bilearner.com,TNS,Terminated for Cause,Full-Time,Zone A,Full-Time,Executive Office,Technology Leadership,1961-10-04,MA,Male,US-MA-02,Asian,Married,Fully Meets,3
1695,Claire,Gordon,2021-11-04,2024-04-09,BI Director,Maddison Perez,3961,claire.gordon@bilearner.com,SVG,Terminated for Cause,Full-Time,Zone A,Full-Time,IT/IS,Data & Analytics,1981-11-13,MA,Female,US-MA-03,Other,Widowed,Fully Meets,3
1696,Joshua,Hall,2008-05-24,,BI Developer,Carla Willis,2251,joshua.hall@bilearner.com,NEL,Active,Full-Time,Zone A,Full-Time,IT/IS,Data & Analytics,1962-09-16,MA,Male,US-MA-01,Hispanic,Married,Fully Meets,4
1697,Mattie,Peters,2001-05-20,2002-03-06,BI Developer,Axel Howe,3456,mattie.peters@bilearner.com,MSC,Voluntarily Terminated,Full-Time,Zone B,Full-Time,IT/IS,Data & Analytics,1971-07-16,MA,Male,US-MA-02,Asian,Widowed,Fully Meets,3
1698,Makai,Nolan,2020-12-03,2024-08-19,Area Sales Manager,Avah Hayes,2661,makai.nolan@bilearner.com,EW,Voluntarily Terminated,Full-Time,Zone B,Full-Time,Sales,Sales & Marketing,1994-11-14,MA,Male,US-MA-03,White,Married,Fully Meets,3
1699,Trevon,Briggs,2005-03-08,2006-07-10,Senior BI Developer,Peter Monroe,2483,trevon.briggs@bilearner.com,PL,Voluntarily Terminated,Full-Time,Zone B,Full-Time,IT/IS,Data & Analytics,1980-10-31,MA,Male,US-MA-01,Hispanic,Married,Fully Meets,3
1700,Gretchen,Weeks,2018-05-07,,Senior BI Developer,Carla Willis,2251,gretchen.weeks@bilearner.com,BPC,Active,Full-Time,Zone B,Full-Time,IT/IS,Data & Analytics,1958-04-08,MA,Male,US-MA-02,Asian,Widowed,Fully Meets,4
1701,Corey,Hurst,2014-12-25,2016-03-06,Senior BI Developer,Kenna Porter,1661,corey.hurst@bilearner.com,CCDR,Retired,Full-Time,Zone B,Full-Time,IT/IS,Data & Analytics,1954-11-06,MA,Male,US-MA-03,Other,Single,Fully Meets,3
1702,Alison,Pugh,2020-10-10,,Sales Manager,Yesenia Payne,2598,alison.pugh@bilearner.com,SVG,Active,Contract,Zone B,Temporary,Sales,Sales & Marketing,1989-09-08,MA,Female,US-MA-01,Other,Single,Fully Meets,4
1703,Kadence,Sandoval,2021-03-27,,Sales Manager,Khalil Mendez,3553,kadence.sandoval@bilearner.com,EW,Active,Full-Time,Zone B,Full-Time,Sales,Sales & Marketing,1978-02-23,MA,Female,US-MA-02,Other,Single,Fully Meets,3
1704,Mckenzie,Kim,2018-05-22,,CIO,Karley Novak,2347,mckenzie.kim@bilearner.com,CCDR,Active,Full-Time,Zone A,Full-Time,Executive Office,Technology Leadership,1994-06-21,MA,Female,US-MA-03,Hispanic,Widowed,Fully Meets,4
1705,Randall,Miller,2020-12-03,,BI Director,Maximilian Williamson,2523,randall.miller@bilearner.com,EW,Active,Full-Time,Zone A,Full-Time,IT/IS,Data & Analytics,1958-05-16,MA,Female,US-MA-01,Hispanic,Single,Fully Meets,3
1706,Lailah,Hughes,2017-02-18,2018-07-03,BI Developer,Milo Jensen,2225,lailah.hughes@bilearner.com,NEL,Voluntarily Terminated,Full-Time,Zone B,Full-Time,IT/IS,Data & Analytics,1990-04-03,MA,Female,US-MA-02,Hispanic,Married,Fully Meets,3
1707,Quentin,Calderon,2006-08-24,2007-04-23,BI Developer,Carla Willis,2251,quentin.calderon@bilearner.com,PL,Retired,Full-Time,Zone B,Full-Time,IT/IS,Data & Analytics,1944-01-09,MA,Male,US-MA-03,Asian,Married,Fully Meets,3
1708,Molly,Fischer,2022-07-28,2023-08-30,BI Developer,Carla Willis,2251,molly.fischer@bilearner.com,PYZ,Voluntarily Terminated,Full-Time,Zone B,Full-Time,IT/IS,Data & Analytics,1990-05-12,MA,Male,US-MA-01,Asian,Widowed,Fully Meets,3
1709,Anaya,Stanton,2009-06-01,2014-08-04,Area Sales Manager,Harley Greer,2745,anaya.stanton@bilearner.com,SVG,Voluntarily Terminated,Full-Time,Zone B,Full-Time,Sales,Sales & Marketing,1962-03-22,OR,Male,US-OR-03,Black,Married,Fully Meets,3
1710,Jaden,Houston,2016-06-11,2018-02-13,Senior BI Developer,Carla Willis,2251,jaden.houston@bilearner.com,PL,Terminated for Cause,Full-Time,Zone B,Full-Time,IT/IS,Data & Analytics,1971-05-24,MA,Male,US-MA-02,Black,Divorced,Fully Meets,3
1711,Lance,Bailey,2013-04-08,2015-03-29,Senior BI Developer,Kane Mcfarland,2230,lance.bailey@bilearner.com,BPC,Terminated for Cause,Full-Time,Zone B,Full-Time,IT/IS,Data & Analytics,1985-04-21,MA,Male,US-MA-03,Other,Widowed,Fully Meets,3
1712,Quintin,Hicks,2016-10-21,,Senior BI Developer,Eden Choi,2568,quintin.hicks@bilearner.com,CCDR,Active,Full-Time,Zone B,Full-Time,IT/IS,Data & Analytics,1972-02-29,MA,Female,US-MA-01,Black,Single,Fully Meets,3
1713,Mauricio,Meyers,2022-03-08,,Sales Manager,Kristin Mccarty,1952,mauricio.meyers@bilearner.com,SVG,Active,Full-Time,Zone B,Full-Time,Sales,Sales & Marketing,1990-08-29,MA,Female,US-MA-02,Asian,Married,Fully Meets,3
1714,Tess,Reilly,2015-11-15,,Sales Manager,Kenna Simon,2547,tess.reilly@bilearner.com,EW,Active,Full-Time,Zone B,Full-Time,Sales,Sales & Marketing,1989-02-16,MA,Female,US-MA-03,White,Married,Fully Meets,3
1715,Reece,Callahan,2020-01-25,2022-02-13,CIO,Marlon Stanton,2304,reece.callahan@bilearner.com,WBL,Terminated for Cause,Full-Time,Zone A,Full-Time,Executive Office,Technology Leadership,1966-01-10,MA,Female,US-MA-01,White,Divorced,Fully Meets,3
1716,Tyrell,Fuentes,2007-07-27,2009-01-02,BI Director,Carla Willis,2251,tyrell.fuentes@bilearner.com,NEL,Voluntarily Terminated,Full-Time,Zone A,Full-Time,IT/IS,Data & Analytics,1961-03-19,MA,Female,US-MA-02,Asian,Widowed,Fully Meets,3
1717,Benjamin,Kaufman,2004-12-30,2012-06-25,BI Developer,Carla Willis,2251,benjamin.kaufman@bilearner.com,BPC,Voluntarily Terminated,Full-Time,Zone B,Full-Time,IT/IS,Data & Analytics,1959-11-26,MA,Male,US-MA-03,Asian,Widowed,Fully Meets,3
1718,Ayla,Mcgrath,2005-06-16,2010-02-09,BI Developer,Carla Willis,2251,ayla.mcgrath@bilearner.com,CCDR,Retired,Full-Time,Zone B,Full-Time,IT/IS,Data & Analytics,1945-01-28,MA,Male,US-MA-01,Other,Divorced,Fully Meets,3
1719,Katelyn,Stevens,2008-03-27,,BI Developer,Carla Willis,2251,katelyn.stevens@bilearner.com,SVG,Active,Full-Time,Zone A,Full-Time,IT/IS,Data & Analytics,1974-05-06,MA,Male,US-MA-02,Hispanic,Widowed,Fully Meets,4
1720,Jaiden,Christian,2002-04-02,,Senior BI Developer,Marlon Stanton,2304,jaiden.christian@bilearner.com,MSC,Active,Full-Time,Zone A,Full-Time,IT/IS,Data & Analytics,1965-03-08,MA,Male,US-MA-03,Other,Single,Fully Meets,3
1721,Elliott,Odonnell,2004-04-02,2008-09-06,Senior BI Developer,Carla Willis,2251,elliott.odonnell@bilearner.com,NEL,Retired,Full-Time,Zone B,Full-Time,IT/IS,Data & Analytics,1942-08-10,MA,Male,US-MA-01,White,Divorced,Fully Meets,3
1722,Ronnie,Dillon,2009-07-17,,Senior BI Developer,Carla Willis,2251,ronnie.dillon@bilearner.com,PL,Active,Full-Time,Zone A,Full-Time,IT/IS,Data & Analytics,1968-01-30,MA,Female,US-MA-02,Hispanic,Divorced,Fully Meets,3
1723,Gideon,Saunders,2006-06-01,2007-10-05,Sales Manager,Sawyer Oneal,2722,gideon.saunders@bilearner.com,PYZ,Voluntarily Terminated,Full-Time,Zone B,Full-Time,Sales,Sales & Marketing,1969-04-07,MA,Female,US-MA-03,Black,Widowed,Fully Meets,3
1724,Valerie,Davis,2016-10-23,2017-11-09,CIO,Marlon Stanton,2304,valerie.davis@bilearner.com,TNS,Voluntarily Terminated,Full-Time,Zone A,Full-Time,Executive Office,Technology Leadership,1957-10-20,MA,Female,US-MA-01,Other,Divorced,Fully Meets,3
1725,Jamarcus,Thomas,2017-07-28,,BI Developer,Milo Jensen,2225,jamarcus.thomas@bilearner.com,PL,Active,Full-Time,Zone B,Full-Time,IT/IS,Data & Analytics,1967-01-05,MA,Male,US-MA-02,Black,Divorced,Fully Meets,3
1726,Alden,Powers,2003-07-22,,BI Developer,Carla Willis,2251,alden.powers@bilearner.com,NEL,Active,Contract,Zone A,Temporary,IT/IS,Data & Analytics,1981-01-21,MA,Male,US-MA-03,Asian,Single,Fully Meets,4
1727,Haylie,Arnold,2023-08-14,2025-08-09,BI Developer,Titus Lowe,1673,haylie.arnold@bilearner.com,MSC,Voluntarily Terminated,Full-Time,Zone B,Full-Time,IT/IS,Data & Analytics,1996-02-16,MA,Male,US-MA-01,Hispanic,Widowed,Fully Meets,3
1728,James,Cockel,2022-10-14,,Production Technician I,Rachael Buck,1186,james.cockel@bilearner.com,WBL,Active,Full-Time,Zone C,Full-Time,Production,Production Operations,1972-01-11,MA,Male,US-MA-02,White,Divorced,Fully Meets,3
1729,Donna,Brill,2005-11-02,2006-06-23,Production Technician I,Ariel Cervantes,2322,donna.brill@bilearner.com,EW,Voluntarily Terminated,Full-Time,Zone C,Full-Time,Production,Production Operations,1946-12-30,MA,Female,US-MA-03,Other,Divorced,Fully Meets,4
1730,Kristen,Squatrito,2014-01-09,,Production Technician I,Amy Dunn,2277,kristen.squatrito@bilearner.com,EW,Active,Contract,Zone B,Temporary,Production,Production Operations,1976-06-10,MA,Female,US-MA-01,White,Divorced,Fully Meets,3
1731,Erasumus,Monkfish,2024-07-03,2026-06-11,Production Technician II,Jesus Hendricks,2341,erasumus.monkfish@bilearner.com,WBL,Retired,Full-Time,Zone C,Full-Time,Production,Production Operations,1961-08-04,MA,Male,US-MA-02,Black,Divorced,Fully Meets,3
1732,May,Roberson,2010-04-04,2011-12-06,Production Technician II,Courtney E Wallace,2276,may.roberson@bilearner.com,WBL,Voluntarily Terminated,Full-Time,Zone C,Full-Time,Production,Production Operations,1961-04-13,MA,Female,US-MA-03,Hispanic,Widowed,Fully Meets,4
1733,Shana,Maurice,2001-06-10,2002-07-29,Production Technician I,Axel Howe,3456,shana.maurice@bilearner.com,EW,Voluntarily Terminated,Full-Time,Zone C,Full-Time,Production,Production Operations,1950-02-15,MA,Female,US-MA-01,Black,Married,Fully Meets,4
1734,Raul,Garcia,2011-04-11,,Production Technician I,Courtney E Wallace,2276,raul.garcia@bilearner.com,NEL,Active,Contract,Zone A,Temporary,Production,Production Operations,1981-02-10,MA,Male,US-MA-02,White,Widowed,Fully Meets,3
1735,Rachael,Baczenski,2006-05-19,2007-01-15,Production Technician I,Walter Immediato,2279,rachael.baczenski@bilearner.com,NEL,Retired,Full-Time,Zone C,Full-Time,Production,Production Operations,1942-04-08,MA,Female,US-MA-03,White,Divorced,Fully Meets,3
1736,Enrico,Langton,2015-09-25,2019-03-12,Production Technician I,Kaylyn Joyce,2419,enrico.langton@bilearner.com,TNS,Retired,Full-Time,Zone C,Full-Time,Production,Production Operations,1955-08-25,MA,Male,US-MA-01,Other,Married,Fully Meets,4
1737,Colleen,Zima,2001-06-09,,Production Technician I,Axel Howe,3456,colleen.zima@bilearner.com,TNS,Active,Contract,Zone A,Temporary,Production,Production Operations,1983-02-26,MA,Female,US-MA-02,Hispanic,Widowed,Fully Meets,3
1738,Phil,Close,2016-03-15,2016-10-17,Production Technician II,Colby Wolfe,1144,phil.close@bilearner.com,CCDR,Voluntarily Terminated,Full-Time,Zone C,Full-Time,Production,Production Operations,1983-11-17,MA,Male,US-MA-03,White,Single,Fully Meets,3
1739,Hang T,Wolk,2007-05-02,2008-08-21,Production Technician II,Brycen York,2421,hang t.wolk@bilearner.com,CCDR,Voluntarily Terminated,Full-Time,Zone C,Full-Time,Production,Production Operations,1982-01-11,MA,Female,US-MA-01,Hispanic,Married,Fully Meets,3
1740,Lei-Ming,Nguyen,2014-03-11,2014-12-15,Production Technician I,Michael Albert,2275,lei-ming.nguyen@bilearner.com,NEL,Terminated for Cause,Full-Time,Zone C,Full-Time,Production,Production Operations,1963-04-03,MA,Female,US-MA-02,Other,Married,Fully Meets,3
1741,Denisa S,Dobrin,2024-01-13,,Production Technician I,Kyle Ali,2490,denisa s.dobrin@bilearner.com,MSC,Active,Full-Time,Zone C,Full-Time,Production,Production Operations,1981-01-11,MA,Female,US-MA-03,Asian,Single,Fully Meets,3
1742,Maryellen,Jackson,2023-06-23,,Production Technician I,Nathaly Stuart,2411,maryellen.jackson@bilearner.com,TNS,Active,Part-Time,Zone C,Part-Time,Production,Production Operations,1971-03-02,MA,Female,US-MA-01,Asian,Divorced,Fully Meets,3
1743,David,Gordon,2010-03-22,,Production Technician I,Teagan Fletcher,2440,david.gordon@bilearner.com,SVG,Active,Full-Time,Zone A,Full-Time,Production,Production Operations,1978-10-07,MA,Male,US-MA-02,Black,Single,Fully Meets,4
1744,Mei,Trang,2013-02-27,,Production Technician I,Terrell Guerra,2395,mei.trang@bilearner.com,PL,Active,Part-Time,Zone B,Part-Time,Production,Production Operations,1971-08-27,MA,Female,US-MA-03,Hispanic,Married,Fully Meets,3
1745,Lindsey,Langford,2005-04-03,,Production Technician II,Uriel Brennan,2386,lindsey.langford@bilearner.com,EW,Active,Full-Time,Zone A,Full-Time,Production,Production Operations,1966-11-22,MA,Female,US-MA-01,Other,Widowed,Fully Meets,3
1746,Brad,Pitt,2006-08-21,2008-04-15,Production Technician I,Terrell Guerra,2395,brad.pitt@bilearner.com,WBL,Terminated for Cause,Full-Time,Zone C,Full-Time,Production,Production Operations,1962-04-06,MA,Male,US-MA-02,Hispanic,Widowed,Fully Meets,3
1747,Susan,Good,2015-11-25,,Production Technician II,Braden Nicholson,2478,susan.good@bilearner.com,PL,Leave of Absence,Contract,Zone B,Temporary,Production,Production Operations,1992-08-02,MA,Female,US-MA-03,White,Divorced,Fully Meets,4
1748,Ashley,Rose,2026-04-17,2026-05-02,Production Technician I,Ariel Cervantes,2322,ashley.rose@bilearner.com,PYZ,Terminated for Cause,Full-Time,Zone C,Full-Time,Production,Production Operations,1973-01-09,MA,Female,US-MA-01,White,Widowed,Fully Meets,3
1749,Kaeden,Gonzales,2019-06-06,,Production Technician I,Ariel Cervantes,2322,kaeden.gonzales@bilearner.com,PYZ,Active,Full-Time,Zone C,Full-Time,Production,Production Operations,1964-02-03,MA,Female,US-MA-02,Hispanic,Divorced,Fully Meets,4
1750,Alissa,Frey,2020-05-20,,Production Technician I,Mila Poole,2453,alissa.frey@bilearner.com,WBL,Active,Full-Time,Zone C,Full-Time,Production,Production Operations,1977-04-11,MA,Female,US-MA-03,Other,Widowed,Fully Meets,3
1751,Presley,Steele,2022-01-23,,Production Technician I,Rosa Rosales,2451,presley.steele@bilearner.com,NEL,Active,Full-Time,Zone C,Full-Time,Production,Production Operations,2001-05-29,MA,Female,US-MA-01,Hispanic,Widowed,Fully Meets,3
1752,Boston,Avila,2015-12-28,2019-10-07,Production Technician I,Webster L Butler,2285,boston.avila@bilearner.com,PL,Voluntarily Terminated,Full-Time,Zone C,Full-Time,Production,Production Operations,1982-11-04,MA,Male,US-MA-02,White,Single,Fully Meets,3
1753,Rodolfo,Michael,2011-03-29,2013-09-05,Production Technician I,Brycen York,2421,rodolfo.michael@bilearner.com,BPC,Voluntarily Terminated,Contract,Zone C,Temporary,Production,Production Operations,1986-05-12,MA,Male,US-MA-03,Black,Divorced,Fully Meets,3
1754,Felix,Fritz,2025-10-09,,Production Technician I,Jesus Hendricks,2341,felix.fritz@bilearner.com,CCDR,Active,Full-Time,Zone C,Full-Time,Production,Production Operations,1991-11-18,MA,Male,US-MA-01,Asian,Single,Fully Meets,3
1755,Amira,Mcmillan,2021-04-23,,Production Technician I,Cesar Hunter,2470,amira.mcmillan@bilearner.com,SVG,Active,Full-Time,Zone C,Full-Time,Production,Production Operations,1994-10-05,MA,Male,US-MA-02,Other,Widowed,Fully Meets,3
1756,Annabelle,Graham,2003-05-29,,Production Technician I,Ariel Cervantes,2322,annabelle.graham@bilearner.com,EW,Active,Part-Time,Zone A,Part-Time,Production,Production Operations,1961-03-25,MA,Male,US-MA-03,Black,Widowed,Fully Meets,3
1757,Leia,Mccann,2015-11-15,,Production Technician I,Kailyn Torres,2468,leia.mccann@bilearner.com,MSC,Active,Contract,Zone B,Temporary,Production,Production Operations,1985-02-01,MA,Female,US-MA-01,White,Widowed,Fully Meets,3
1758,Henry,Gray,2016-11-09,,Production Technician I,Teagan Fletcher,2440,henry.gray@bilearner.com,TNS,Active,Full-Time,Zone C,Full-Time,Production,Production Operations,1958-05-22,MA,Male,US-MA-02,White,Single,Fully Meets,3
1759,Jose,Houston,2020-05-28,2021-01-27,Production Technician I,Rachael Buck,1186,jose.houston@bilearner.com,PYZ,Voluntarily Terminated,Full-Time,Zone C,Full-Time,Production,Production Operations,1976-11-21,MA,Male,US-MA-03,White,Married,Fully Meets,3
1760,Janessa,Mcconnell,2011-05-12,2012-06-01,Production Technician I,Milagros Foley,1185,janessa.mcconnell@bilearner.com,WBL,Voluntarily Terminated,Full-Time,Zone C,Full-Time,Production,Production Operations,1976-05-28,MA,Male,US-MA-01,Hispanic,Single,Fully Meets,3
1761,Samson,Ellis,2014-10-23,2017-11-17,Production Technician I,Kyle Ali,2490,samson.ellis@bilearner.com,NEL,Voluntarily Terminated,Full-Time,Zone C,Full-Time,Production,Production Operations,1961-05-16,MA,Female,US-MA-02,Other,Married,Fully Meets,3
1762,Lauren,Kent,2012-10-14,2016-02-27,Production Technician I,Rosa Rosales,2451,lauren.kent@bilearner.com,PL,Voluntarily Terminated,Full-Time,Zone C,Full-Time,Production,Production Operations,1977-02-16,MA,Female,US-MA-03,White,Divorced,Fully Meets,3
1763,Mckenzie,Mack,2018-06-17,,Production Technician I,Rachael Buck,1186,mckenzie.mack@bilearner.com,BPC,Active,Full-Time,Zone C,Full-Time,Production,Production Operations,1991-04-09,MA,Female,US-MA-01,Asian,Widowed,Fully Meets,4
1764,Donavan,Chavez,2017-12-14,,Production Technician I,Elijiah Gray,2281,donavan.chavez@bilearner.com,CCDR,Active,Contract,Zone C,Temporary,Production,Production Operations,1983-08-31,MA,Female,US-MA-02,Black,Married,Fully Meets,3
1765,Haiden,Coffey,2014-07-21,,Production Technician II,Trey Johnston,2506,haiden.coffey@bilearner.com,BPC,Active,Full-Time,Zone B,Full-Time,Production,Production Operations,1991-09-07,MA,Female,US-MA-03,Asian,Divorced,Fully Meets,3
1766,Kasey,Alexander,2011-10-01,2016-02-16,Production Technician I,Colby Wolfe,1144,kasey.alexander@bilearner.com,PYZ,Retired,Contract,Zone C,Temporary,Production,Production Operations,1957-07-15,MA,Female,US-MA-01,Asian,Married,Fully Meets,4
1767,Kenneth,Peters,2014-07-23,2022-03-12,Production Technician I,Teagan Fletcher,2440,kenneth.peters@bilearner.com,WBL,Terminated for Cause,Full-Time,Zone C,Full-Time,Production,Production Operations,1995-12-31,MA,Female,US-MA-02,White,Divorced,Fully Meets,3
1768,Lucia,Hudson,2013-04-08,2017-06-29,Production Technician I,Terry Gay,2298,lucia.hudson@bilearner.com,NEL,Voluntarily Terminated,Full-Time,Zone C,Full-Time,Production,Production Operations,1977-02-26,MA,Female,US-MA-03,Black,Married,Fully Meets,3
1769,Rashad,Randall,2008-08-27,2010-08-22,Production Technician I,Kaylyn Joyce,2419,rashad.randall@bilearner.com,PL,Voluntarily Terminated,Full-Time,Zone C,Full-Time,Production,Production Operations,1974-04-29,MA,Male,US-MA-01,Hispanic,Widowed,Fully Meets,4
1770,Hayley,York,2005-12-30,,Production Technician I,Michael Albert,2275,hayley.york@bilearner.com,BPC,Active,Contract,Zone A,Temporary,Production,Production Operations,1971-03-05,MA,Male,US-MA-02,Hispanic,Single,Fully Meets,4
1771,Salma,Shepard,2001-05-26,,Production Technician I,Axel Howe,3456,salma.shepard@bilearner.com,CCDR,Active,Full-Time,Zone A,Full-Time,Production,Production Operations,1975-01-12,MA,Male,US-MA-03,Hispanic,Widowed,Fully Meets,3
1772,Hallie,Thornton,2022-10-18,2024-08-09,Production Technician I,Ally Brennan,2516,hallie.thornton@bilearner.com,SVG,Voluntarily Terminated,Full-Time,Zone C,Full-Time,Production,Production Operations,1966-09-13,MA,Male,US-MA-01,Asian,Widowed,Fully Meets,3
1773,Tiana,Bishop,2009-03-07,2011-01-03,Production Technician I,Teagan Fletcher,2440,tiana.bishop@bilearner.com,EW,Retired,Full-Time,Zone C,Full-Time,Production,Production Operations,1942-03-22,MA,Male,US-MA-02,Black,Married,Fully Meets,3
1774,Regina,Garcia,2024-09-02,2025-11-20,Production Technician I,Antwan Gay,2316,regina.garcia@bilearner.com,MSC,Terminated for Cause,Full-Time,Zone C,Full-Time,Production,Production Operations,1989-09-24,MA,Female,US-MA-03,Asian,Widowed,Fully Meets,3
1775,Julie,Cochran,2020-04-26,2020-10-28,Production Technician I,Kailyn Torres,2468,julie.cochran@bilearner.com,TNS,Voluntarily Terminated,Contract,Zone C,Temporary,Production,Production Operations,1997-05-11,MA,Male,US-MA-01,Black,Single,Fully Meets,4
1776,Yamilet,Pierce,2022-12-15,2023-09-08,Production Technician I,Rosa Rosales,2451,yamilet.pierce@bilearner.com,PYZ,Retired,Full-Time,Zone C,Full-Time,Production,Production Operations,1955-03-11,MA,Male,US-MA-02,Asian,Divorced,Fully Meets,3
1777,Amare,Hartman,2012-11-06,2017-11-29,Production Technician I,Julianne Shaw,2414,amare.hartman@bilearner.com,WBL,Voluntarily Terminated,Full-Time,Zone C,Full-Time,Production,Production Operations,1962-04-25,MA,Female,US-MA-03,Hispanic,Single,Fully Meets,3
1778,Cannon,Lee,2012-05-07,,Production Technician I,Cordell Vazquez,2439,cannon.lee@bilearner.com,NEL,Active,Contract,Zone B,Temporary,Production,Production Operations,1962-10-14,MA,Female,US-MA-01,Other,Widowed,Fully Meets,4
1779,Yael,Hodge,2013-11-25,,Production Technician I,Faith Golden,2318,yael.hodge@bilearner.com,PL,Active,Full-Time,Zone B,Full-Time,Production,Production Operations,1961-05-04,MA,Female,US-MA-02,Other,Married,Fully Meets,3
1780,Colton,Booker,2001-08-31,2002-03-21,Production Technician I,Marlon Stanton,2304,colton.booker@bilearner.com,BPC,Voluntarily Terminated,Full-Time,Zone C,Full-Time,Production,Production Operations,1977-10-14,MA,Female,US-MA-03,Hispanic,Widowed,Fully Meets,3
1781,Abril,Cunningham,2015-05-12,,Production Technician I,Ava Chan,2463,abril.cunningham@bilearner.com,CCDR,Active,Full-Time,Zone B,Full-Time,Production,Production Operations,1983-12-11,MA,Female,US-MA-01,White,Divorced,Fully Meets,4
1782,Braxton,House,2002-09-26,2003-08-19,Production Technician II,David Kirk,2729,braxton.house@bilearner.com,NEL,Voluntarily Terminated,Full-Time,Zone C,Full-Time,Production,Production Operations,1950-10-08,MA,Female,US-MA-02,Other,Married,Fully Meets,4
1783,Destiney,Pearson,2013-07-21,,Production Technician I,Kyle Ali,2490,destiney.pearson@bilearner.com,PYZ,Active,Full-Time,Zone B,Full-Time,Production,Production Operations,1981-12-07,MA,Female,US-MA-03,White,Widowed,Fully Meets,4
1784,Trystan,Ramos,2021-09-10,2023-09-01,Production Technician I,Charles Bozzi,2282,trystan.ramos@bilearner.com,WBL,Voluntarily Terminated,Full-Time,Zone C,Full-Time,Production,Production Operations,1971-03-30,MA,Female,US-MA-01,Other,Divorced,Fully Meets,4
1785,Miley,Gutierrez,2005-12-28,,Production Technician I,Ariel Cervantes,2322,miley.gutierrez@bilearner.com,NEL,Active,Full-Time,Zone A,Full-Time,Production,Production Operations,1978-04-22,MA,Female,US-MA-02,White,Widowed,Fully Meets,4
1786,Tara,Hoover,2018-12-20,2021-04-06,Production Technician I,Sawyer Little,2385,tara.hoover@bilearner.com,PL,Voluntarily Terminated,Full-Time,Zone C,Full-Time,Production,Production Operations,1979-11-10,MA,Male,US-MA-03,Hispanic,Widowed,Fully Meets,3
1787,Layla,Gutierrez,2005-05-11,2007-05-05,Production Technician I,Amy Dunn,2277,layla.gutierrez@bilearner.com,BPC,Terminated for Cause,Full-Time,Zone C,Full-Time,Production,Production Operations,1956-07-10,MA,Male,US-MA-01,Hispanic,Divorced,Fully Meets,3
1788,Jakayla,Hall,2021-03-07,,Production Technician I,Danny Thomas,2383,jakayla.hall@bilearner.com,CCDR,Active,Full-Time,Zone C,Full-Time,Production,Production Operations,1976-02-08,MA,Male,US-MA-02,Other,Divorced,Fully Meets,3
1789,Jayson,Ferguson,2012-04-11,,Production Technician I,Walter Immediato,2279,jayson.ferguson@bilearner.com,SVG,Active,Full-Time,Zone B,Full-Time,Production,Production Operations,1963-02-17,MA,Male,US-MA-03,Other,Widowed,Fully Meets,3
1790,Nick,Daniels,2016-09-27,2021-10-15,Production Technician I,Webster L Butler,2285,nick.daniels@bilearner.com,EW,Retired,Full-Time,Zone C,Full-Time,Production,Production Operations,1956-03-09,MA,Female,US-MA-01,Asian,Divorced,Fully Meets,3
1791,Marvin,Abbott,2022-07-13,2025-07-18,Production Technician I,Giuliana Farmer,1123,marvin.abbott@bilearner.com,MSC,Voluntarily Terminated,Full-Time,Zone C,Full-Time,Production,Production Operations,1981-08-02,MA,Female,US-MA-02,Hispanic,Divorced,Fully Meets,3
1792,Sawyer,Oliver,2004-04-11,,Production Technician I,Trey Johnston,2506,sawyer.oliver@bilearner.com,TNS,Active,Full-Time,Zone A,Full-Time,Production,Production Operations,1976-07-31,MA,Male,US-MA-03,Black,Divorced,Fully Meets,3
1793,Linda,Barajas,2016-12-31,2019-09-05,Production Technician I,Heath Romero,2381,linda.barajas@bilearner.com,BPC,Retired,Full-Time,Zone C,Full-Time,Production,Production Operations,1953-04-14,MA,Female,US-MA-01,Hispanic,Single,Fully Meets,3
1794,Chance,Blackwell,2019-02-18,,Production Technician I,Rosa Rosales,2451,chance.blackwell@bilearner.com,CCDR,Active,Full-Time,Zone C,Full-Time,Production,Production Operations,1963-08-13,MA,Female,US-MA-02,White,Widowed,Fully Meets,3
1795,Antonio,Mccoy,2025-09-16,2026-05-05,Production Technician I,Alvaro Le,2400,antonio.mccoy@bilearner.com,EW,Retired,Full-Time,Zone C,Full-Time,Production,Production Operations,1960-04-04,MA,Female,US-MA-03,Asian,Widowed,Fully Meets,3
1796,Emmett,Mercado,2016-07-25,2019-02-06,Production Technician I,Elijiah Gray,2281,emmett.mercado@bilearner.com,MSC,Voluntarily Terminated,Full-Time,Zone C,Full-Time,Production,Production Operations,1976-06-26,MA,Female,US-MA-01,Hispanic,Divorced,Fully Meets,3
1797,Clara,Wheeler,2021-03-18,2021-11-22,Production Technician I,Jakob Luna,2455,clara.wheeler@bilearner.com,NEL,Voluntarily Terminated,Full-Time,Zone C,Full-Time,Production,Production Operations,1987-09-18,MA,Female,US-MA-02,Hispanic,Widowed,Fully Meets,3
1798,Kieran,Morse,2022-11-28,,Production Technician II,Rachael Buck,1186,kieran.morse@bilearner.com,PL,Active,Full-Time,Zone C,Full-Time,Production,Production Operations,1985-12-07,MA,Female,US-MA-03,Black,Widowed,Fully Meets,3
1799,Aliyah,Schmitt,2018-04-24,2024-09-19,Production Technician II,Kailyn Torres,2468,aliyah.schmitt@bilearner.com,BPC,Voluntarily Terminated,Contract,Zone C,Temporary,Production,Production Operations,1989-02-19,MA,Male,US-MA-01,Black,Married,Fully Meets,4
1800,Kyan,Morrison,2013-12-10,2022-01-25,Production Technician I,Julianne Shaw,2414,kyan.morrison@bilearner.com,TNS,Voluntarily Terminated,Full-Time,Zone C,Full-Time,Production,Production Operations,1976-04-05,MA,Female,US-MA-02,Black,Divorced,Fully Meets,3
1801,Rayan,Stephenson,2011-10-11,2013-04-13,Production Technician I,Walter Immediato,2279,rayan.stephenson@bilearner.com,PYZ,Terminated for Cause,Full-Time,Zone C,Full-Time,Production,Production Operations,1989-08-06,MA,Female,US-MA-03,Hispanic,Married,Fully Meets,4
1802,Gael,Jacobs,2024-05-31,,Production Technician I,Rosa Rosales,2451,gael.jacobs@bilearner.com,WBL,Active,Full-Time,Zone C,Full-Time,Production,Production Operations,1982-08-13,MA,Female,US-MA-01,Other,Divorced,Fully Meets,3
1803,Stephany,Neal,2007-05-13,2009-06-07,Production Technician I,Leticia Parks,2378,stephany.neal@bilearner.com,NEL,Voluntarily Terminated,Contract,Zone C,Temporary,Production,Production Operations,1982-05-11,MA,Female,US-MA-02,Other,Divorced,Fully Meets,4
1804,Trevon,Deleon,2018-12-29,2020-04-10,Production Technician I,Elijiah Gray,2281,trevon.deleon@bilearner.com,PL,Voluntarily Terminated,Full-Time,Zone C,Full-Time,Production,Production Operations,1957-07-20,MA,Male,US-MA-03,Hispanic,Widowed,Fully Meets,3
1805,Phoenix,Pitts,2024-01-09,2025-06-19,Production Technician I,Uriel Brennan,2386,phoenix.pitts@bilearner.com,BPC,Terminated for Cause,Contract,Zone C,Temporary,Production,Production Operations,1969-02-03,MA,Male,US-MA-01,Black,Divorced,Fully Meets,4
1806,Nola,Gillespie,2009-06-15,,Production Technician I,Kaylyn Joyce,2419,nola.gillespie@bilearner.com,CCDR,Active,Part-Time,Zone A,Part-Time,Production,Production Operations,1974-02-06,MA,Male,US-MA-02,Asian,Single,Fully Meets,3
1807,Jeramiah,Schwartz,2025-12-25,,Production Technician I,Walter Immediato,2279,jeramiah.schwartz@bilearner.com,SVG,Active,Full-Time,Zone C,Full-Time,Production,Production Operations,1979-11-13,MA,Female,US-MA-03,White,Widowed,Fully Meets,3
1808,Aaden,Mercer,2005-07-22,,Production Technician I,Amy Dunn,2277,aaden.mercer@bilearner.com,EW,Active,Full-Time,Zone A,Full-Time,Production,Production Operations,1983-09-25,MA,Female,US-MA-01,Black,Married,Fully Meets,3
1809,Nathalia,Good,2010-09-28,2012-12-08,Production Technician I,Teagan Fletcher,2440,nathalia.good@bilearner.com,MSC,Voluntarily Terminated,Full-Time,Zone C,Full-Time,Production,Production Operations,1966-11-24,MA,Female,US-MA-02,Other,Divorced,Fully Meets,4
1810,Zaria,Benton,2018-01-08,,Production Technician I,Rigoberto Townsend,1187,zaria.benton@bilearner.com,TNS,Active,Contract,Zone C,Temporary,Production,Production Operations,1994-11-30,MA,Male,US-MA-03,Black,Divorced,Fully Meets,3
1811,Miley,Ortega,2024-11-24,,Production Technician I,Kailyn Torres,2468,miley.ortega@bilearner.com,PYZ,Active,Contract,Zone C,Temporary,Production,Production Operations,1977-12-11,MA,Female,US-MA-01,Black,Divorced,Fully Meets,3
1812,Julia,Farmer,2015-10-16,2017-06-09,Production Technician I,Julianne Shaw,2414,julia.farmer@bilearner.com,WBL,Voluntarily Terminated,Full-Time,Zone C,Full-Time,Production,Production Operations,1978-04-29,MA,Female,US-MA-02,Black,Widowed,Fully Meets,3
1813,Valentin,Lam,2005-04-23,,Production Technician I,Trey Johnston,2506,valentin.lam@bilearner.com,NEL,Active,Full-Time,Zone A,Full-Time,Production,Production Operations,1980-01-12,MA,Female,US-MA-03,Other,Divorced,Fully Meets,4
1814,Darnell,Ritter,2025-11-20,,Production Technician I,Kaylyn Joyce,2419,darnell.ritter@bilearner.com,PL,Active,Full-Time,Zone C,Full-Time,Production,Production Operations,1980-03-08,MA,Female,US-MA-01,Black,Widowed,Fully Meets,4
1815,Kierra,Lozano,2026-03-22,,Production Technician I,Carleigh Garrison,2420,kierra.lozano@bilearner.com,BPC,Active,Full-Time,Zone C,Full-Time,Production,Production Operations,1961-05-13,MA,Female,US-MA-02,Asian,Married,Fully Meets,4
1816,Jamari,Dunn,2004-09-01,,Production Technician II,Trey Johnston,2506,jamari.dunn@bilearner.com,NEL,Active,Full-Time,Zone A,Full-Time,Production,Production Operations,1974-01-28,MA,Female,US-MA-03,Other,Single,Fully Meets,3
1817,Zoey,Page,2006-10-23,2008-12-13,Production Technician II,Brycen York,2421,zoey.page@bilearner.com,PL,Voluntarily Terminated,Full-Time,Zone C,Full-Time,Production,Production Operations,1987-01-07,MA,Female,US-MA-01,Other,Divorced,Fully Meets,3
1818,Kendra,Velez,2018-08-07,,Production Technician II,Uriel Brennan,2386,kendra.velez@bilearner.com,BPC,Active,Full-Time,Zone C,Full-Time,Production,Production Operations,1996-09-24,MA,Male,US-MA-02,Hispanic,Widowed,Fully Meets,3
1819,Alison,Fuller,2003-06-30,,Production Technician I,Trey Johnston,2506,alison.fuller@bilearner.com,WBL,Active,Full-Time,Zone A,Full-Time,Production,Production Operations,1962-11-17,MA,Female,US-MA-03,Black,Single,Fully Meets,4
1820,Toby,Cooley,2012-09-30,,Production Technician I,Ariel Cervantes,2322,toby.cooley@bilearner.com,PYZ,Active,Full-Time,Zone B,Full-Time,Production,Production Operations,1980-02-01,MA,Female,US-MA-01,Black,Divorced,Fully Meets,3
1821,Emilie,Hood,2018-07-15,,Production Technician I,Julianne Shaw,2414,emilie.hood@bilearner.com,WBL,Active,Full-Time,Zone C,Full-Time,Production,Production Operations,1980-07-19,MA,Female,US-MA-02,Hispanic,Widowed,Fully Meets,3
1822,Cortez,Pena,2007-09-17,,Production Technician I,Amy Dunn,2277,cortez.pena@bilearner.com,NEL,Active,Contract,Zone A,Temporary,Production,Production Operations,1984-08-27,MA,Female,US-MA-03,Black,Widowed,Fully Meets,3
1823,Abbigail,Blanchard,2014-11-26,2016-11-13,Production Technician I,Hallie Macias,2337,abbigail.blanchard@bilearner.com,PL,Voluntarily Terminated,Contract,Zone C,Temporary,Production,Production Operations,1960-11-25,MA,Male,US-MA-01,Black,Widowed,Fully Meets,4
1824,Abby,Curtis,2011-10-04,2013-06-10,Production Technician I,George Meyers,2457,abby.curtis@bilearner.com,BPC,Voluntarily Terminated,Full-Time,Zone C,Full-Time,Production,Production Operations,1960-03-02,MA,Male,US-MA-02,Other,Married,Fully Meets,3
1825,Giana,Moore,2019-02-13,2019-10-25,Production Technician I,Uriel Brennan,2386,giana.moore@bilearner.com,CCDR,Voluntarily Terminated,Full-Time,Zone C,Full-Time,Production,Production Operations,1996-12-05,MA,Male,US-MA-03,White,Married,Fully Meets,3
1826,Giada,Santos,2006-04-10,2007-09-17,Production Technician I,Ariel Cervantes,2322,giada.santos@bilearner.com,SVG,Retired,Part-Time,Zone C,Part-Time,Production,Production Operations,1941-11-17,MA,Female,US-MA-01,Other,Widowed,Exceeds,4
1827,Jessie,Church,2022-05-14,2023-03-08,Production Technician I,Payton Nolan,2377,jessie.church@bilearner.com,EW,Voluntarily Terminated,Full-Time,Zone C,Full-Time,Production,Production Operations,1982-05-21,MA,Female,US-MA-02,Other,Widowed,Needs Improvement,2
1828,Kaylah,Ramos,2020-08-06,2022-02-20,Production Technician I,Terry Gay,2298,kaylah.ramos@bilearner.com,MSC,Voluntarily Terminated,Contract,Zone C,Temporary,Production,Production Operations,1983-04-09,MA,Male,US-MA-03,Black,Divorced,Exceeds,5
1829,Camille,Fritz,2015-04-10,,Production Technician I,Kailyn Torres,2468,camille.fritz@bilearner.com,TNS,Active,Contract,Zone B,Temporary,Production,Production Operations,1987-08-13,MA,Male,US-MA-01,White,Married,Exceeds,5
1830,Deangelo,Murillo,2007-09-29,,Production Technician I,Brycen York,2421,deangelo.murillo@bilearner.com,PYZ,Active,Full-Time,Zone A,Full-Time,Production,Production Operations,1960-11-26,MA,Female,US-MA-02,Black,Married,Needs Improvement,2
1831,Emerson,Gallagher,2023-03-22,2024-05-13,Production Technician I,Ariana Strickland,2294,emerson.gallagher@bilearner.com,WBL,Voluntarily Terminated,Full-Time,Zone C,Full-Time,Production,Production Operations,1970-10-14,MA,Female,US-MA-03,Asian,Widowed,Needs Improvement,2
1832,April,Bentley,2022-10-25,,Production Technician I,Courtney E Wallace,2276,april.bentley@bilearner.com,NEL,Active,Full-Time,Zone C,Full-Time,Production,Production Operations,1975-05-08,MA,Female,US-MA-01,White,Married,Needs Improvement,2
1833,Ainsley,Booth,2016-03-04,,Production Technician I,Jesus Hendricks,2341,ainsley.booth@bilearner.com,PL,Active,Full-Time,Zone B,Full-Time,Production,Production Operations,1983-12-31,MA,Female,US-MA-02,White,Married,Needs Improvement,1
1834,Dereon,Huffman,2021-06-17,2026-06-27,Production Technician II,Charles Bozzi,2282,dereon.huffman@bilearner.com,CCDR,Voluntarily Terminated,Contract,Zone C,Temporary,Production,Production Operations,1978-09-13,MA,Female,US-MA-03,White,Divorced,Needs Improvement,2
1835,Colin,Cherry,2021-03-23,2025-09-04,Production Technician II,Julianne Shaw,2414,colin.cherry@bilearner.com,EW,Terminated for Cause,Contract,Zone C,Temporary,Production,Production Operations,1982-11-25,MA,Female,US-MA-01,Asian,Single,Needs Improvement,1
1836,Karla,Hines,2014-12-08,,Production Technician II,Courtney E Wallace,2276,karla.hines@bilearner.com,MSC,Active,Full-Time,Zone B,Full-Time,Production,Production Operations,1971-01-14,MA,Male,US-MA-02,Hispanic,Divorced,Needs Improvement,2
1837,Colton,Decker,2003-12-25,,Production Technician II,Trey Johnston,2506,colton.decker@bilearner.com,NEL,Active,Full-Time,Zone A,Full-Time,Production,Production Operations,1975-06-17,MA,Female,US-MA-03,Asian,Divorced,Needs Improvement,2
1838,Jayleen,Tran,2023-01-14,,Production Technician I,Sawyer Little,2385,jayleen.tran@bilearner.com,TNS,Active,Full-Time,Zone C,Full-Time,Production,Production Operations,1958-09-16,MA,Female,US-MA-01,White,Widowed,Exceeds,4
1839,Aydin,Perry,2010-01-18,2019-05-26,Production Technician I,Ibrahim Wolfe,1142,aydin.perry@bilearner.com,PYZ,Voluntarily Terminated,Full-Time,Zone C,Full-Time,Production,Production Operations,1968-03-29,MA,Female,US-MA-02,Other,Single,Exceeds,5
1840,Jenna,Casey,2016-06-05,,Production Technician I,Rigoberto Townsend,1187,jenna.casey@bilearner.com,WBL,Active,Full-Time,Zone B,Full-Time,Production,Production Operations,1969-08-07,MA,Female,US-MA-03,Hispanic,Single,Exceeds,5
1841,Remington,Bullock,2019-12-01,,Production Technician I,Milagros Foley,1185,remington.bullock@bilearner.com,NEL,Active,Full-Time,Zone C,Full-Time,Production,Production Operations,1958-10-19,MA,Female,US-MA-01,Hispanic,Widowed,Exceeds,5
1842,Delaney,Stewart,2004-11-14,,Production Technician I,Ariel Cervantes,2322,delaney.stewart@bilearner.com,PL,Active,Part-Time,Zone A,Part-Time,Production,Production Operations,1976-04-06,MA,Male,US-MA-02,Asian,Divorced,Exceeds,4
1843,Saige,Jones,2004-02-05,,Production Technician I,Trey Johnston,2506,saige.jones@bilearner.com,BPC,Active,Full-Time,Zone A,Full-Time,Production,Production Operations,1963-01-12,MA,Male,US-MA-03,Hispanic,Married,Needs Improvement,2
1844,Camryn,Fritz,2006-03-07,,Production Technician I,Terrell Guerra,2395,camryn.fritz@bilearner.com,CCDR,Active,Contract,Zone A,Temporary,Production,Production Operations,1964-11-23,MA,Female,US-MA-01,Other,Single,Exceeds,4
1845,Amanda,Lambert,2016-11-23,2017-04-02,Production Technician I,Uriel Brennan,2386,amanda.lambert@bilearner.com,SVG,Retired,Part-Time,Zone C,Part-Time,Production,Production Operations,1954-09-03,MA,Female,US-MA-02,Black,Single,Needs Improvement,2
1846,Winston,Callahan,2012-12-09,,Production Technician I,Faith Golden,2318,winston.callahan@bilearner.com,EW,Active,Contract,Zone B,Temporary,Production,Production Operations,1991-08-12,MA,Male,US-MA-03,Black,Single,Needs Improvement,2
1847,Maverick,Lang,2010-03-27,2011-09-07,Production Technician I,Walter Immediato,2279,maverick.lang@bilearner.com,MSC,Voluntarily Terminated,Full-Time,Zone C,Full-Time,Production,Production Operations,1958-01-30,MA,Male,US-MA-01,Other,Divorced,Needs Improvement,2
1848,Harold,Reid,2011-11-27,,Production Technician I,Amy Dunn,2277,harold.reid@bilearner.com,TNS,Active,Full-Time,Zone B,Full-Time,Production,Production Operations,1980-10-26,MA,Male,US-MA-02,Black,Divorced,PIP,1
1849,Cindy,York,2007-05-15,,Production Technician I,Teagan Fletcher,2440,cindy.york@bilearner.com,PYZ,Active,Full-Time,Zone A,Full-Time,Production,Production Operations,1960-05-28,MA,Female,US-MA-03,Hispanic,Divorced,PIP,1
1850,Breanna,Cardenas,2007-05-06,2009-03-13,Production Technician I,Terrell Guerra,2395,breanna.cardenas@bilearner.com,WBL,Voluntarily Terminated,Part-Time,Zone C,Part-Time,Production,Production Operations,1978-11-11,MA,Female,US-MA-01,White,Married,PIP,1
1851,Tripp,Blake,2016-03-22,2018-04-26,Production Technician I,Michael Albert,2275,tripp.blake@bilearner.com,NEL,Voluntarily Terminated,Full-Time,Zone C,Full-Time,Production,Production Operations,1967-10-29,MA,Female,US-MA-02,Hispanic,Single,PIP,1
1852,Elaine,Moon,2004-02-01,2004-06-22,Production Technician I,Trey Johnston,2506,elaine.moon@bilearner.com,PL,Voluntarily Terminated,Full-Time,Zone C,Full-Time,Production,Production Operations,1981-10-18,MA,Female,US-MA-03,Black,Single,PIP,1
1853,Jaime,Morrow,2019-11-16,,Production Technician II,Uriel Brennan,2386,jaime.morrow@bilearner.com,PYZ,Active,Full-Time,Zone C,Full-Time,Production,Production Operations,1957-12-24,MA,Female,US-MA-01,Other,Divorced,PIP,1
1854,Leslie,Potts,2022-10-16,2023-10-16,Production Technician II,Rigoberto Townsend,1187,leslie.potts@bilearner.com,WBL,Terminated for Cause,Full-Time,Zone C,Full-Time,Production,Production Operations,1962-08-29,MA,Female,US-MA-02,Asian,Married,PIP,1
1855,Keith,Haas,2006-01-02,2007-05-06,Production Technician II,Ariel Cervantes,2322,keith.haas@bilearner.com,NEL,Voluntarily Terminated,Full-Time,Zone C,Full-Time,Production,Production Operations,1947-05-19,MA,Male,US-MA-03,Other,Married,Exceeds,5
1856,Matteo,Oneal,2024-07-20,,Production Technician II,Michael Albert,2275,matteo.oneal@bilearner.com,PL,Active,Contract,Zone C,Temporary,Production,Production Operations,1972-09-19,MA,Female,US-MA-01,Black,Widowed,Exceeds,4
1857,Erik,Graham,2023-05-25,2026-03-17,Production Technician II,Hallie Macias,2337,erik.graham@bilearner.com,BPC,Voluntarily Terminated,Contract,Zone C,Temporary,Production,Production Operations,1999-06-10,MA,Male,US-MA-02,Other,Divorced,Exceeds,5
1858,Lailah,Haney,2013-12-13,2017-06-12,Production Technician I,Amy Dunn,2277,lailah.haney@bilearner.com,TNS,Voluntarily Terminated,Full-Time,Zone C,Full-Time,Production,Production Operations,1988-02-20,MA,Female,US-MA-03,Asian,Widowed,Exceeds,5
1859,Mohamed,Gay,2020-12-21,2022-06-15,Production Technician I,Jakob Luna,2455,mohamed.gay@bilearner.com,PYZ,Voluntarily Terminated,Full-Time,Zone C,Full-Time,Production,Production Operations,1982-12-14,MA,Female,US-MA-01,Hispanic,Married,Exceeds,5
1860,Frankie,Banks,2023-07-19,2024-05-24,Production Technician I,Keenan Jensen,2325,frankie.banks@bilearner.com,WBL,Voluntarily Terminated,Full-Time,Zone C,Full-Time,Production,Production Operations,2000-06-09,MA,Female,US-MA-02,Asian,Divorced,Exceeds,4
1861,Lorelei,Glass,2019-10-26,,Production Technician I,Kyle Ali,2490,lorelei.glass@bilearner.com,NEL,Active,Full-Time,Zone C,Full-Time,Production,Production Operations,1987-08-05,MA,Male,US-MA-03,Black,Widowed,Exceeds,4
1862,Marie,Moyer,2008-09-30,,Production Technician I,Amy Dunn,2277,marie.moyer@bilearner.com,PL,Active,Full-Time,Zone A,Full-Time,Production,Production Operations,1985-03-25,MA,Male,US-MA-01,Other,Single,Exceeds,5
1863,Amari,Bowen,2002-10-17,2006-01-06,Production Technician I,Carla Willis,2251,amari.bowen@bilearner.com,BPC,Retired,Full-Time,Zone C,Full-Time,Production,Production Operations,1941-05-09,MA,Female,US-MA-02,Other,Single,Exceeds,5
1864,Prince,Dickerson,2006-05-12,2007-12-06,Production Technician I,Terrell Guerra,2395,prince.dickerson@bilearner.com,CCDR,Terminated for Cause,Contract,Zone C,Temporary,Production,Production Operations,1972-05-26,MA,Female,US-MA-03,Hispanic,Married,Exceeds,4
1865,Lane,Church,2017-09-28,,Production Technician I,Milagros Jimenez,2364,lane.church@bilearner.com,SVG,Active,Full-Time,Zone C,Full-Time,Production,Production Operations,1969-05-24,MA,Female,US-MA-01,Asian,Single,Exceeds,5
1866,Cassie,Nolan,2015-04-14,,Production Technician I,Payton Nolan,2377,cassie.nolan@bilearner.com,EW,Active,Full-Time,Zone B,Full-Time,Production,Production Operations,1980-05-22,MA,Male,US-MA-02,Asian,Divorced,Exceeds,5
1867,Mauricio,Buchanan,2016-12-05,2018-08-11,Production Technician I,Walter Dominguez,2336,mauricio.buchanan@bilearner.com,MSC,Voluntarily Terminated,Full-Time,Zone C,Full-Time,Production,Production Operations,1981-12-19,MA,Male,US-MA-03,Asian,Divorced,Needs Improvement,1
1868,Briana,Wang,2016-10-22,2024-08-03,Production Technician I,Cordell Vazquez,2439,briana.wang@bilearner.com,TNS,Voluntarily Terminated,Full-Time,Zone C,Full-Time,Production,Production Operations,1970-08-02,MA,Male,US-MA-01,Black,Single,Needs Improvement,2
1869,Salma,Blackwell,2024-01-20,,Production Technician I,Ronnie Middleton,2296,salma.blackwell@bilearner.com,PYZ,Active,Full-Time,Zone C,Full-Time,Production,Production Operations,1982-01-25,MA,Female,US-MA-02,Asian,Married,Exceeds,4
1870,Shelby,Frazier,2021-02-14,,Production Technician I,Brycen York,2421,shelby.frazier@bilearner.com,WBL,Active,Full-Time,Zone C,Full-Time,Production,Production Operations,1992-03-31,MA,Female,US-MA-03,Hispanic,Married,Fully Meets,3
1871,Lindsay,Becker,2019-09-26,,Production Technician I,Trey Johnston,2506,lindsay.becker@bilearner.com,NEL,Active,Full-Time,Zone C,Full-Time,Production,Production Operations,1996-08-09,MA,Female,US-MA-01,White,Widowed,Fully Meets,4
1872,Reyna,Good,2023-06-15,2024-09-13,Production Technician I,Rosa Rosales,2451,reyna.good@bilearner.com,PL,Voluntarily Terminated,Part-Time,Zone C,Part-Time,Production,Production Operations,1972-12-21,MA,Female,US-MA-02,Hispanic,Married,Fully Meets,4
1873,Nathalie,Rivera,2012-11-22,2017-10-17,Production Technician II,Milagros Foley,1185,nathalie.rivera@bilearner.com,BPC,Voluntarily Terminated,Part-Time,Zone C,Part-Time,Production,Production Operations,1960-01-23,MA,Female,US-MA-03,Black,Married,Fully Meets,4
1874,Saniyah,Schroeder,2009-05-20,,Production Technician II,Amy Dunn,2277,saniyah.schroeder@bilearner.com,CCDR,Active,Full-Time,Zone A,Full-Time,Production,Production Operations,1960-12-08,MA,Male,US-MA-01,Asian,Widowed,Fully Meets,3
1875,Taylor,Mann,2023-10-16,2025-07-20,Production Technician II,Teagan Fletcher,2440,taylor.mann@bilearner.com,EW,Voluntarily Terminated,Full-Time,Zone C,Full-Time,Production,Production Operations,1968-08-31,MA,Male,US-MA-02,Other,Single,Fully Meets,3
1876,Rylee,Stevenson,2018-06-24,,Production Technician II,Kaylyn Joyce,2419,rylee.stevenson@bilearner.com,MSC,Leave of Absence,Part-Time,Zone C,Part-Time,Production,Production Operations,1991-07-13,MA,Female,US-MA-03,Hispanic,Single,Fully Meets,3
1877,Waylon,Pennington,2011-07-13,,Production Technician II,Kaylyn Joyce,2419,waylon.pennington@bilearner.com,NEL,Active,Full-Time,Zone B,Full-Time,Production,Production Operations,1961-05-17,MA,Male,US-MA-01,Asian,Married,Fully Meets,4
1878,Kobe,Crosby,2023-02-28,2023-07-28,Production Technician I,Ariel May,2472,kobe.crosby@bilearner.com,WBL,Voluntarily Terminated,Contract,Zone C,Temporary,Production,Production Operations,2001-06-17,MA,Female,US-MA-02,White,Single,Fully Meets,3
1879,Carmen,Davidson,2016-09-24,2019-09-12,Production Technician I,Marquise Pacheco,2464,carmen.davidson@bilearner.com,BPC,Voluntarily Terminated,Full-Time,Zone C,Full-Time,Production,Production Operations,1965-10-30,MA,Female,US-MA-03,Black,Single,Fully Meets,3
1880,Sidney,Moran,2016-07-14,2017-02-24,Production Technician I,Abbigail Cameron,1232,sidney.moran@bilearner.com,CCDR,Voluntarily Terminated,Full-Time,Zone C,Full-Time,Production,Production Operations,1966-01-07,MA,Female,US-MA-01,Black,Widowed,Fully Meets,3
1881,Alena,Bonilla,2008-04-23,,Production Technician I,Leticia Parks,2378,alena.bonilla@bilearner.com,EW,Active,Full-Time,Zone A,Full-Time,Production,Production Operations,1961-05-05,MA,Male,US-MA-02,Asian,Single,Fully Meets,3
1882,Baron,Luna,2025-06-03,2025-12-15,Production Technician I,Walter Immediato,2279,baron.luna@bilearner.com,MSC,Voluntarily Terminated,Full-Time,Zone C,Full-Time,Production,Production Operations,1990-11-28,MA,Female,US-MA-03,Asian,Divorced,Fully Meets,3
1883,Giselle,Butler,2016-10-29,2021-11-23,Production Technician I,Nathaly Stuart,2411,giselle.butler@bilearner.com,NEL,Voluntarily Terminated,Full-Time,Zone C,Full-Time,Production,Production Operations,1967-07-03,MA,Female,US-MA-01,Black,Single,Fully Meets,3
1884,Sophie,Horne,2014-11-07,,Production Technician I,Ally Brennan,2516,sophie.horne@bilearner.com,PL,Active,Full-Time,Zone B,Full-Time,Production,Production Operations,1966-08-08,MA,Female,US-MA-02,Other,Married,Fully Meets,3
1885,Jabari,Guerrero,2026-01-15,,Production Technician I,Jakob Luna,2455,jabari.guerrero@bilearner.com,PYZ,Active,Full-Time,Zone C,Full-Time,Production,Production Operations,1984-05-23,MA,Male,US-MA-03,Other,Married,Fully Meets,3
1886,Ahmed,Montgomery,2019-06-05,2020-03-21,Production Technician I,Marquise Pacheco,2464,ahmed.montgomery@bilearner.com,SVG,Voluntarily Terminated,Full-Time,Zone C,Full-Time,Production,Production Operations,1984-12-06,MA,Male,US-MA-01,White,Single,Fully Meets,3
1887,Esther,Spears,2024-03-25,,Production Technician I,Callum Mccormick,2454,esther.spears@bilearner.com,TNS,Active,Full-Time,Zone C,Full-Time,Production,Production Operations,1997-09-13,MA,Male,US-MA-02,White,Divorced,Fully Meets,3
1888,Darian,Wall,2010-04-20,2012-09-24,Production Technician I,Julianne Shaw,2414,darian.wall@bilearner.com,WBL,Retired,Full-Time,Zone C,Full-Time,Production,Production Operations,1947-12-26,MA,Female,US-MA-03,White,Married,Fully Meets,3
1889,Kaleb,Cole,2024-02-08,,Production Technician I,Milagros Foley,1185,kaleb.cole@bilearner.com,PYZ,Active,Full-Time,Zone C,Full-Time,Production,Production Operations,1985-09-21,MA,Female,US-MA-01,Other,Divorced,Fully Meets,3
1890,Anthony,Terrell,2007-06-05,,Production Technician I,Uriel Brennan,2386,anthony.terrell@bilearner.com,WBL,Active,Contract,Zone A,Temporary,Production,Production Operations,1968-05-24,MA,Female,US-MA-02,White,Widowed,Fully Meets,3
1891,William,Douglas,2011-04-06,,Production Technician I,Trey Johnston,2506,william.douglas@bilearner.com,NEL,Active,Full-Time,Zone A,Full-Time,Production,Production Operations,1959-02-20,MA,Female,US-MA-03,Hispanic,Married,Fully Meets,3
1892,Saniya,Buck,2020-01-25,,Production Technician II,Elijiah Gray,2281,saniya.buck@bilearner.com,TNS,Active,Part-Time,Zone C,Part-Time,Production,Production Operations,1986-05-30,MA,Female,US-MA-01,Asian,Single,Fully Meets,4
1893,Kristopher,Owen,2017-08-20,,Production Technician II,Ava Chan,2463,kristopher.owen@bilearner.com,BPC,Active,Full-Time,Zone C,Full-Time,Production,Production Operations,1976-01-28,MA,Male,US-MA-02,White,Divorced,Fully Meets,3
1894,Hadley,Tapia,2020-10-15,,Production Technician II,Teagan Fletcher,2440,hadley.tapia@bilearner.com,CCDR,Active,Full-Time,Zone C,Full-Time,Production,Production Operations,1959-05-23,MA,Male,US-MA-03,Other,Single,Fully Meets,3
1895,Lillie,Bush,2009-05-08,,Production Technician II,Walter Immediato,2279,lillie.bush@bilearner.com,EW,Active,Full-Time,Zone A,Full-Time,Production,Production Operations,1989-01-25,MA,Female,US-MA-01,White,Married,Fully Meets,3
1896,Lamont,Cook,2013-01-29,,Production Technician II,Ariana Strickland,2294,lamont.cook@bilearner.com,MSC,Active,Full-Time,Zone B,Full-Time,Production,Production Operations,1965-03-30,MA,Female,US-MA-02,Hispanic,Married,Fully Meets,3
1897,Danna,Rollins,2023-08-08,,Production Technician II,Braden Nicholson,2478,danna.rollins@bilearner.com,NEL,Active,Full-Time,Zone C,Full-Time,Production,Production Operations,1994-11-17,MA,Male,US-MA-03,Asian,Divorced,Fully Meets,3
1898,Shaun,Velazquez,2020-09-29,2025-06-30,Production Technician I,Walter Immediato,2279,shaun.velazquez@bilearner.com,MSC,Voluntarily Terminated,Full-Time,Zone C,Full-Time,Production,Production Operations,1997-01-14,MA,Female,US-MA-01,White,Single,Fully Meets,3
1899,Kolton,Duarte,2004-10-22,2013-07-16,Production Technician I,Teagan Fletcher,2440,kolton.duarte@bilearner.com,TNS,Voluntarily Terminated,Full-Time,Zone C,Full-Time,Production,Production Operations,1982-09-06,MA,Female,US-MA-02,Asian,Married,Fully Meets,3
1900,Jonas,Braun,2009-08-07,,Production Technician I,Brycen York,2421,jonas.braun@bilearner.com,PYZ,Active,Full-Time,Zone A,Full-Time,Production,Production Operations,1960-03-22,MA,Female,US-MA-03,Hispanic,Widowed,Fully Meets,3
1901,Meadow,Howe,2024-10-29,,Production Technician I,Lillie Leblanc,1274,meadow.howe@bilearner.com,WBL,Active,Full-Time,Zone C,Full-Time,Production,Production Operations,1959-08-09,MA,Female,US-MA-01,White,Divorced,Fully Meets,3
1902,Sarahi,Raymond,2015-09-12,2017-05-22,Production Technician I,Colby Wolfe,1144,sarahi.raymond@bilearner.com,NEL,Retired,Full-Time,Zone C,Full-Time,Production,Production Operations,1952-02-11,MA,Male,US-MA-02,Other,Divorced,Fully Meets,3
1903,Taylor,Wiggins,2023-03-23,2023-12-28,Production Technician I,Kyle Ali,2490,taylor.wiggins@bilearner.com,PL,Retired,Full-Time,Zone C,Full-Time,Production,Production Operations,1960-04-11,MA,Female,US-MA-03,Black,Divorced,Fully Meets,4
1904,Ezra,Zhang,2023-01-06,,Production Technician I,Kaylyn Joyce,2419,ezra.zhang@bilearner.com,BPC,Active,Full-Time,Zone C,Full-Time,Production,Production Operations,1982-10-11,MA,Female,US-MA-01,Asian,Widowed,Fully Meets,3
1905,Sonia,Chung,2026-04-08,,Production Technician I,Uriel Brennan,2386,sonia.chung@bilearner.com,CCDR,Active,Full-Time,Zone C,Full-Time,Production,Production Operations,1972-03-10,MA,Female,US-MA-02,Asian,Married,Fully Meets,3
1906,Bryce,Mills,2014-05-18,,Production Technician I,Rigoberto Townsend,1187,bryce.mills@bilearner.com,SVG,Active,Full-Time,Zone B,Full-Time,Production,Production Operations,1986-04-14,MA,Male,US-MA-03,Hispanic,Widowed,Fully Meets,3
1907,Wade,Wiggins,2025-01-16,,Production Technician I,Abbigail Cameron,1232,wade.wiggins@bilearner.com,EW,Active,Part-Time,Zone C,Part-Time,Production,Production Operations,1988-11-04,MA,Male,US-MA-01,Asian,Widowed,Fully Meets,4
1908,Selina,Gonzalez,2006-01-31,,Production Technician I,Terrell Guerra,2395,selina.gonzalez@bilearner.com,MSC,Active,Full-Time,Zone A,Full-Time,Production,Production Operations,1964-04-12,MA,Female,US-MA-02,White,Widowed,Fully Meets,4
1909,Tyree,Parsons,2018-06-20,,Production Technician I,Leland Chang,2416,tyree.parsons@bilearner.com,TNS,Active,Full-Time,Zone C,Full-Time,Production,Production Operations,1961-10-15,MA,Female,US-MA-03,White,Widowed,Fully Meets,3
1910,Adrian,Murray,2008-08-28,,Production Technician I,Uriel Brennan,2386,adrian.murray@bilearner.com,PYZ,Active,Part-Time,Zone A,Part-Time,Production,Production Operations,1967-03-25,MA,Female,US-MA-01,Hispanic,Divorced,Fully Meets,4
1911,Kael,Fisher,2023-08-11,2026-03-28,Production Technician I,Mila Poole,2453,kael.fisher@bilearner.com,WBL,Voluntarily Terminated,Part-Time,Zone C,Part-Time,Production,Production Operations,1991-06-12,MA,Female,US-MA-02,White,Divorced,Fully Meets,3
1912,Erica,French,2017-01-30,2018-04-19,Production Technician II,Abbigail Cameron,1232,erica.french@bilearner.com,TNS,Voluntarily Terminated,Full-Time,Zone C,Full-Time,Production,Production Operations,1987-10-16,MA,Female,US-MA-03,Asian,Married,Fully Meets,3
1913,Damaris,Oneal,2012-03-12,2014-10-27,Production Technician II,Ibrahim Wolfe,1142,damaris.oneal@bilearner.com,PYZ,Voluntarily Terminated,Full-Time,Zone C,Full-Time,Production,Production Operations,1972-07-26,MA,Male,US-MA-01,White,Married,Fully Meets,3
1914,Rebecca,Craig,2017-10-07,2020-06-12,Production Technician II,Charles Bozzi,2282,rebecca.craig@bilearner.com,WBL,Voluntarily Terminated,Full-Time,Zone C,Full-Time,Production,Production Operations,1981-04-04,MA,Female,US-MA-02,Other,Married,Fully Meets,3
1915,Carley,Waters,2017-06-28,,Production Technician II,Elisa Bramante,2291,carley.waters@bilearner.com,NEL,Leave of Absence,Full-Time,Zone C,Full-Time,Production,Production Operations,1978-11-18,MA,Female,US-MA-03,Asian,Divorced,Fully Meets,4
1916,Kadyn,Harrison,2006-04-17,,Production Technician II,Amy Dunn,2277,kadyn.harrison@bilearner.com,PL,Leave of Absence,Full-Time,Zone A,Full-Time,Production,Production Operations,1963-09-25,MA,Male,US-MA-01,Other,Divorced,Fully Meets,3
1917,Megan,Huang,2024-02-01,,Production Technician I,Heath Romero,2381,megan.huang@bilearner.com,EW,Active,Full-Time,Zone C,Full-Time,Production,Production Operations,1960-11-03,MA,Female,US-MA-02,Black,Single,Fully Meets,3
1918,Callum,Blair,2008-09-04,2011-02-12,Production Technician I,Kyle Ali,2490,callum.blair@bilearner.com,MSC,Voluntarily Terminated,Full-Time,Zone C,Full-Time,Production,Production Operations,1961-06-26,MA,Female,US-MA-03,Black,Single,Fully Meets,3
1919,Emilie,Donaldson,2020-12-08,2024-08-30,Production Technician I,Terry Gay,2298,emilie.donaldson@bilearner.com,TNS,Voluntarily Terminated,Contract,Zone C,Temporary,Production,Production Operations,1990-08-15,MA,Female,US-MA-01,Other,Widowed,Fully Meets,3
1920,Darius,Duke,2008-09-24,2010-03-22,Production Technician I,Ariel Cervantes,2322,darius.duke@bilearner.com,PYZ,Voluntarily Terminated,Full-Time,Zone C,Full-Time,Production,Production Operations,1948-08-03,MA,Female,US-MA-02,Hispanic,Widowed,Fully Meets,3
1921,Kenya,Decker,2009-04-30,2016-04-21,Production Technician I,Trey Johnston,2506,kenya.decker@bilearner.com,WBL,Voluntarily Terminated,Full-Time,Zone C,Full-Time,Production,Production Operations,1988-07-28,MA,Male,US-MA-03,Other,Married,Fully Meets,4
1922,Tyrese,Sloan,2004-09-28,,Production Technician I,Amy Dunn,2277,tyrese.sloan@bilearner.com,NEL,Active,Contract,Zone A,Temporary,Production,Production Operations,1958-02-11,MA,Male,US-MA-01,Asian,Divorced,Fully Meets,3
1923,Giana,Roach,2025-06-13,2025-12-20,Production Technician I,Rachael Buck,1186,giana.roach@bilearner.com,PL,Voluntarily Terminated,Part-Time,Zone C,Part-Time,Production,Production Operations,1966-11-05,MA,Female,US-MA-02,Other,Widowed,Fully Meets,4
1924,Teagan,Swanson,2020-06-25,2026-01-10,Production Technician I,Terrell Guerra,2395,teagan.swanson@bilearner.com,BPC,Terminated for Cause,Part-Time,Zone C,Part-Time,Production,Production Operations,1994-11-29,MA,Female,US-MA-03,Hispanic,Married,Fully Meets,4
1925,Jerome,Fischer,2025-05-29,2026-04-18,Production Technician I,Humberto Rocha,2438,jerome.fischer@bilearner.com,CCDR,Voluntarily Terminated,Full-Time,Zone C,Full-Time,Production,Production Operations,1980-02-13,MA,Male,US-MA-01,Other,Divorced,Fully Meets,3
1926,Grayson,Preston,2023-09-10,,Production Technician I,Cesar Hunter,2470,grayson.preston@bilearner.com,SVG,Active,Full-Time,Zone C,Full-Time,Production,Production Operations,2000-01-02,MA,Male,US-MA-02,Black,Single,Fully Meets,3
1927,Turner,Bradley,2016-06-05,2018-08-06,Production Technician I,Hallie Macias,2337,turner.bradley@bilearner.com,EW,Voluntarily Terminated,Full-Time,Zone C,Full-Time,Production,Production Operations,1976-04-06,MA,Male,US-MA-03,Hispanic,Married,Fully Meets,3
1928,Elvis,Daniels,2019-10-27,,Production Technician I,George Meyers,2457,elvis.daniels@bilearner.com,MSC,Active,Full-Time,Zone C,Full-Time,Production,Production Operations,1983-03-17,MA,Female,US-MA-01,Hispanic,Widowed,Fully Meets,3
1929,Rose,Travis,2013-06-28,,Production Technician I,Leticia Parks,2378,rose.travis@bilearner.com,TNS,Active,Full-Time,Zone B,Full-Time,Production,Production Operations,1988-03-03,MA,Female,US-MA-02,Asian,Widowed,Fully Meets,3
1930,Frank,Williams,2014-09-29,,Production Technician I,Webster L Butler,2285,frank.williams@bilearner.com,PYZ,Active,Full-Time,Zone B,Full-Time,Production,Production Operations,1986-08-26,MA,Female,US-MA-03,Asian,Single,Fully Meets,3
1931,Yurem,Donovan,2025-08-31,,Production Technician I,Jonathan Hogland,2292,yurem.donovan@bilearner.com,WBL,Active,Contract,Zone C,Temporary,Production,Production Operations,1999-12-22,MA,Female,US-MA-01,White,Single,Fully Meets,3
1932,John,Smith,2015-09-15,2016-06-30,Sales Manager,Mary Moore,2622,john.smith@bilearner.com,BPC,Voluntarily Terminated,Full-Time,Zone B,Full-Time,Sales,Sales & Marketing,1977-08-16,MA,Male,US-MA-02,Other,Widowed,Fully Meets,3
1933,Lynn,Daneault,2012-02-17,,Sales Manager,David Kirk,2729,lynn.daneault@bilearner.com,NEL,Active,Full-Time,Zone B,Full-Time,Sales,Sales & Marketing,1989-11-01,VT,Female,US-VT-01,Black,Widowed,Fully Meets,3
1934,Donysha,Kampew,2012-10-21,2015-10-28,Sales Manager,Jac McKinzie,3435,donysha.kampew@bilearner.com,WBL,Voluntarily Terminated,Full-Time,Zone B,Full-Time,Sales,Sales & Marketing,1991-09-29,PA,Female,US-PA-01,Other,Widowed,Fully Meets,3
1935,Jordin,Lozano,2016-12-07,,Production Technician II,Teagan Fletcher,2440,jordin.lozano@bilearner.com,TNS,Active,Full-Time,Zone C,Full-Time,Production,Production Operations,1974-12-01,MA,Male,US-MA-03,Hispanic,Divorced,Fully Meets,3
1936,Ronald,Gross,2023-01-28,,Production Technician II,Eli Owens,2342,ronald.gross@bilearner.com,BPC,Active,Contract,Zone C,Temporary,Production,Production Operations,1991-05-26,PA,Female,US-PA-02,Hispanic,Widowed,Fully Meets,3
1937,Maryjane,Choi,2003-08-15,2005-01-21,Production Technician II,Trey Johnston,2506,maryjane.choi@bilearner.com,CCDR,Voluntarily Terminated,Full-Time,Zone C,Full-Time,Production,Production Operations,1957-03-25,PA,Female,US-PA-03,Asian,Single,Fully Meets,3
1938,Madalynn,Yates,2021-06-04,,Production Technician II,Sawyer Little,2385,madalynn.yates@bilearner.com,TNS,Active,Part-Time,Zone C,Part-Time,Production,Production Operations,1962-08-08,MA,Female,US-MA-01,Other,Single,Fully Meets,4
1939,Angelina,Peck,2004-11-15,,Production Technician II,Trey Johnston,2506,angelina.peck@bilearner.com,PYZ,Active,Contract,Zone A,Temporary,Production,Production Operations,1970-11-17,PA,Female,US-PA-01,Asian,Married,Fully Meets,3
1940,Dario,Shaw,2006-03-19,,Production Technician II,Terrell Guerra,2395,dario.shaw@bilearner.com,TNS,Active,Full-Time,Zone A,Full-Time,Production,Production Operations,1964-07-13,MA,Female,US-MA-02,Asian,Widowed,Fully Meets,3
1941,Deven,Frazier,2018-05-06,,Production Technician II,Webster L Butler,2285,deven.frazier@bilearner.com,PYZ,Active,Contract,Zone C,Temporary,Production,Production Operations,1961-01-03,PA,Female,US-PA-02,Hispanic,Widowed,Fully Meets,3
1942,Jett,Kent,2026-03-08,2026-06-08,Production Technician II,Charles Bozzi,2282,jett.kent@bilearner.com,TNS,Voluntarily Terminated,Full-Time,Zone C,Full-Time,Production,Production Operations,1964-02-11,MA,Female,US-MA-03,Other,Widowed,Fully Meets,3
1943,Zander,Aguilar,2020-07-16,2021-03-19,Production Technician II,Cordell Vazquez,2439,zander.aguilar@bilearner.com,PYZ,Retired,Full-Time,Zone C,Full-Time,Production,Production Operations,1956-03-23,PA,Female,US-PA-03,White,Widowed,Fully Meets,4
1944,Alessandro,Chavez,2020-02-29,,Production Technician II,Webster L Butler,2285,alessandro.chavez@bilearner.com,TNS,Active,Full-Time,Zone C,Full-Time,Production,Production Operations,1963-08-20,PA,Female,US-PA-01,Asian,Married,Fully Meets,3
1945,Jaxson,Brady,2008-07-03,2011-01-03,Sales Manager,Jabari Frank,2589,jaxson.brady@bilearner.com,TNS,Voluntarily Terminated,Full-Time,Zone B,Full-Time,Sales,Sales & Marketing,1977-02-17,MA,Female,US-MA-01,White,Married,Fully Meets,4
1946,Giovanni,Whitaker,2011-06-14,,Production Technician II,Brycen York,2421,giovanni.whitaker@bilearner.com,WBL,Active,Part-Time,Zone A,Part-Time,Production,Production Operations,1969-08-29,PA,Female,US-PA-02,Other,Widowed,Fully Meets,3
1947,Karen,Goodman,2025-09-19,,Sales Manager,Edward Buck,3429,karen.goodman@bilearner.com,MSC,Active,Contract,Zone B,Temporary,Sales,Sales & Marketing,1982-07-21,PA,Female,US-PA-03,White,Single,Fully Meets,4
1948,Skyla,Lambert,2022-06-27,2024-09-04,Production Technician II,Colby Wolfe,1144,skyla.lambert@bilearner.com,TNS,Voluntarily Terminated,Contract,Zone C,Temporary,Production,Production Operations,1963-12-08,PA,Female,US-PA-01,Black,Married,Fully Meets,3
1949,Ashlynn,Duffy,2012-12-18,,Sales Manager,Dean Little,2725,ashlynn.duffy@bilearner.com,MSC,Active,Full-Time,Zone B,Full-Time,Sales,Sales & Marketing,1970-06-11,PA,Female,US-PA-02,Hispanic,Divorced,Fully Meets,3
1950,Lilliana,Walker,2023-06-04,2025-04-03,Production Technician II,Keenan Jensen,2325,lilliana.walker@bilearner.com,TNS,Retired,Full-Time,Zone C,Full-Time,Production,Production Operations,1958-03-24,PA,Female,US-PA-03,Asian,Married,Fully Meets,3
1951,Lindsay,Copeland,2009-09-06,2011-06-20,Sales Manager,Harley Greer,2745,lindsay.copeland@bilearner.com,SVG,Voluntarily Terminated,Full-Time,Zone B,Full-Time,Sales,Sales & Marketing,1960-10-09,MA,Female,US-MA-02,Asian,Married,Fully Meets,3
1952,Kristin,Mccarty,2021-05-20,,Sales Manager,Kaia Hernandez,2637,kristin.mccarty@bilearner.com,TNS,Active,Full-Time,Zone B,Full-Time,Sales,Sales & Marketing,1989-07-31,PA,Female,US-PA-01,Other,Divorced,Fully Meets,4
1953,Barbara,Sutwell,2009-09-26,2010-12-02,Production Technician I,Ibrahim Wolfe,1142,barbara.sutwell@bilearner.com,PL,Voluntarily Terminated,Contract,Zone C,Temporary,Production,Production Operations,1976-02-20,MA,Female,US-MA-03,Asian,Divorced,Fully Meets,3
1954,Lenora,Tejeda,2022-06-09,2023-12-13,Production Technician II,Ally Brennan,2516,lenora.tejeda@bilearner.com,SVG,Voluntarily Terminated,Full-Time,Zone C,Full-Time,Production,Production Operations,1968-07-22,MA,Female,US-MA-01,Other,Divorced,Fully Meets,4
1955,Ludwick,Harrell,2019-11-27,,Production Technician I,Milagros Foley,1185,ludwick.harrell@bilearner.com,MSC,Active,Full-Time,Zone C,Full-Time,Production,Production Operations,1998-04-04,MA,Male,US-MA-02,White,Married,Fully Meets,3
1956,Courtney,Beatrice,2014-10-10,,Production Technician I,Sawyer Little,2385,courtney.beatrice@bilearner.com,PL,Active,Full-Time,Zone B,Full-Time,Production,Production Operations,1958-12-18,MA,Female,US-MA-03,Black,Married,Fully Meets,4
1957,Melisa,Gerke,2016-05-01,2021-05-23,Production Technician I,Braden Nicholson,2478,melisa.gerke@bilearner.com,TNS,Voluntarily Terminated,Full-Time,Zone C,Full-Time,Production,Production Operations,1975-02-15,MA,Female,US-MA-01,Asian,Widowed,Fully Meets,3
1958,Lin,Chan,2011-01-19,,Production Technician I,Uriel Brennan,2386,lin.chan@bilearner.com,PYZ,Active,Full-Time,Zone A,Full-Time,Production,Production Operations,1990-10-18,MA,Female,US-MA-02,Other,Married,Fully Meets,3
1959,Kamrin,Sander,2010-06-15,2013-11-17,Production Technician I,Faith Golden,2318,kamrin.sander@bilearner.com,CCDR,Terminated for Cause,Full-Time,Zone C,Full-Time,Production,Production Operations,1989-08-02,MA,Female,US-MA-03,Asian,Married,Fully Meets,3
1960,Thomas,Rhoads,2022-03-19,,Production Technician I,Terry Gay,2298,thomas.rhoads@bilearner.com,PYZ,Active,Contract,Zone C,Temporary,Production,Production Operations,1974-12-27,MA,Male,US-MA-01,White,Divorced,Fully Meets,3
1961,Nina,Panjwani,2020-03-22,2021-05-01,Production Technician I,Leland Chang,2416,nina.panjwani@bilearner.com,TNS,Voluntarily Terminated,Full-Time,Zone C,Full-Time,Production,Production Operations,1974-12-21,MA,Female,US-MA-02,Black,Married,Fully Meets,3
1962,Megan,Faller,2007-03-02,2008-03-15,Production Technician II,Courtney E Wallace,2276,megan.faller@bilearner.com,CCDR,Voluntarily Terminated,Full-Time,Zone C,Full-Time,Production,Production Operations,1951-02-18,MA,Female,US-MA-03,Other,Divorced,Fully Meets,4
1963,Judy,Jung,2017-08-24,2018-09-16,Production Technician I,Elisa Bramante,2291,judy.jung@bilearner.com,CCDR,Voluntarily Terminated,Contract,Zone C,Temporary,Production,Production Operations,1972-05-08,MA,Female,US-MA-01,Other,Married,Fully Meets,3
1964,April,Evensen,2022-10-12,2024-06-02,Production Technician I,Terrell Guerra,2395,april.evensen@bilearner.com,EW,Terminated for Cause,Full-Time,Zone C,Full-Time,Production,Production Operations,1969-03-27,MA,Female,US-MA-02,Other,Married,Fully Meets,3
1965,Julissa,Hunts,2012-03-12,,Production Technician II,Ibrahim Wolfe,1142,julissa.hunts@bilearner.com,CCDR,Active,Full-Time,Zone B,Full-Time,Production,Production Operations,1982-06-23,MA,Female,US-MA-03,White,Widowed,Fully Meets,3
1966,Kristie,Nowlan,2025-11-17,,Production Technician II,Colby Wolfe,1144,kristie.nowlan@bilearner.com,TNS,Active,Full-Time,Zone C,Full-Time,Production,Production Operations,1971-03-04,MA,Female,US-MA-01,Other,Widowed,Fully Meets,3
1967,Dawn,Motlagh,2012-11-10,,Production Technician I,George Meyers,2457,dawn.motlagh@bilearner.com,PL,Active,Full-Time,Zone B,Full-Time,Production,Production Operations,1962-03-15,MA,Female,US-MA-02,Other,Single,Fully Meets,3
1968,Theresa,Wallace,2016-10-09,,Production Technician I,Abbigail Cameron,1232,theresa.wallace@bilearner.com,NEL,Active,Full-Time,Zone C,Full-Time,Production,Production Operations,1992-12-21,MA,Female,US-MA-03,Asian,Widowed,Fully Meets,3
1969,Allison,Lydon,2020-12-05,,Production Technician I,Milagros Foley,1185,allison.lydon@bilearner.com,MSC,Leave of Absence,Full-Time,Zone C,Full-Time,Production,Production Operations,1975-02-10,MA,Female,US-MA-01,White,Single,Fully Meets,3
1970,Trina,Alagbe,2023-12-22,2024-06-24,Production Technician I,Rosa Rosales,2451,trina.alagbe@bilearner.com,PYZ,Voluntarily Terminated,Contract,Zone C,Temporary,Production,Production Operations,1964-08-01,MA,Female,US-MA-02,Other,Single,Fully Meets,3
1971,Betsy,Bondwell,2002-08-15,2004-11-10,Production Technician II,Axel Howe,3456,betsy.bondwell@bilearner.com,MSC,Voluntarily Terminated,Contract,Zone C,Temporary,Production,Production Operations,1957-09-19,MA,Female,US-MA-03,Other,Divorced,Fully Meets,3
1972,Joe,Smith,2004-11-24,2006-12-07,Production Technician II,Terrell Guerra,2395,joe.smith@bilearner.com,EW,Voluntarily Terminated,Contract,Zone C,Temporary,Production,Production Operations,1954-05-29,MA,Male,US-MA-01,Asian,Single,Fully Meets,4
1973,Lisa,Lunquist,2015-11-16,,Production Technician II,Uriel Brennan,2386,lisa.lunquist@bilearner.com,BPC,Active,Contract,Zone B,Temporary,Production,Production Operations,1991-10-10,MA,Female,US-MA-02,Black,Married,Fully Meets,3
1974,Jene'ya,Darson,2013-03-23,,Production Technician I,Amy Dunn,2277,jene'ya.darson@bilearner.com,NEL,Active,Part-Time,Zone B,Part-Time,Production,Production Operations,1968-12-29,MA,Female,US-MA-03,White,Widowed,Fully Meets,4
1975,Hunter,Cannon,2014-03-19,,Production Technician I,Teagan Fletcher,2440,hunter.cannon@bilearner.com,SVG,Active,Full-Time,Zone B,Full-Time,Production,Production Operations,1965-11-04,MA,Female,US-MA-01,Other,Divorced,Fully Meets,4
1976,Jon,Lynn,2022-02-07,,Production Technician I,Emelia Mcintyre,2343,jon.lynn@bilearner.com,EW,Active,Full-Time,Zone C,Full-Time,Production,Production Operations,1977-07-14,MA,Female,US-MA-02,White,Single,Fully Meets,3
1977,Paxton,Clarke,2025-05-15,2026-02-13,Production Technician I,Walter Dominguez,2336,paxton.clarke@bilearner.com,MSC,Voluntarily Terminated,Full-Time,Zone C,Full-Time,Production,Production Operations,1977-01-04,MA,Female,US-MA-03,White,Single,Fully Meets,3
1978,Lillian,Hines,2021-03-20,2022-01-09,Production Technician I,Jonathan Hogland,2292,lillian.hines@bilearner.com,TNS,Voluntarily Terminated,Full-Time,Zone C,Full-Time,Production,Production Operations,1976-12-22,MA,Female,US-MA-01,Other,Divorced,Fully Meets,3
1979,Liam,Snow,2005-03-31,2007-09-06,Production Technician I,Uriel Brennan,2386,liam.snow@bilearner.com,PYZ,Terminated for Cause,Full-Time,Zone C,Full-Time,Production,Production Operations,1972-03-25,MA,Female,US-MA-02,Asian,Single,Fully Meets,3
1980,Arianna,Horton,2015-01-02,,Production Technician I,Webster L Butler,2285,arianna.horton@bilearner.com,WBL,Active,Full-Time,Zone B,Full-Time,Production,Production Operations,1990-06-16,MA,Female,US-MA-03,Hispanic,Married,Fully Meets,3
1981,Ayanna,Short,2003-04-11,2013-07-03,Production Technician I,Trey Johnston,2506,ayanna.short@bilearner.com,NEL,Terminated for Cause,Full-Time,Zone B,Full-Time,Production,Production Operations,1960-05-03,MA,Male,US-MA-01,Black,Divorced,Fully Meets,4
1982,Steve,Charles,2022-02-26,,Production Technician I,Humberto Rocha,2438,steve.charles@bilearner.com,PL,Active,Part-Time,Zone C,Part-Time,Production,Production Operations,1980-05-24,MA,Female,US-MA-02,Hispanic,Married,Fully Meets,4
1983,Ricardo,Bruce,2001-10-06,2006-12-10,Production Technician I,Axel Howe,3456,ricardo.bruce@bilearner.com,BPC,Voluntarily Terminated,Full-Time,Zone C,Full-Time,Production,Production Operations,1956-11-26,MA,Female,US-MA-03,Asian,Widowed,Fully Meets,3
1984,Laura,Gutierrez,2022-07-18,,Production Technician I,Danny Thomas,2383,laura.gutierrez@bilearner.com,CCDR,Active,Contract,Zone C,Temporary,Production,Production Operations,1973-06-30,MA,Female,US-MA-01,Black,Single,Fully Meets,3
1985,Braxton,Rojas,2026-06-22,2026-06-25,Production Technician I,Leticia Parks,2378,braxton.rojas@bilearner.com,SVG,Retired,Full-Time,Zone C,Full-Time,Production,Production Operations,1963-11-09,MA,Female,US-MA-02,White,Widowed,Fully Meets,4
1986,Sage,Mercer,2014-01-03,,Production Technician I,Amy Dunn,2277,sage.mercer@bilearner.com,EW,Active,Full-Time,Zone B,Full-Time,Production,Production Operations,1960-07-21,MA,Female,US-MA-03,Black,Divorced,Fully Meets,4
1987,Chase,Horn,2004-03-05,,Production Technician I,Trey Johnston,2506,chase.horn@bilearner.com,MSC,Active,Part-Time,Zone A,Part-Time,Production,Production Operations,1967-05-27,MA,Female,US-MA-01,White,Single,Fully Meets,3
1988,Juliana,Dyer,2011-12-17,2017-02-06,Production Technician I,Courtney E Wallace,2276,juliana.dyer@bilearner.com,TNS,Voluntarily Terminated,Full-Time,Zone C,Full-Time,Production,Production Operations,1989-10-26,MA,Female,US-MA-02,Black,Single,Fully Meets,3
1989,Alec,Stephens,2007-07-01,,Production Technician II,Ariel Cervantes,2322,alec.stephens@bilearner.com,PL,Active,Full-Time,Zone A,Full-Time,Production,Production Operations,1986-07-04,MA,Female,US-MA-03,Other,Married,Fully Meets,3
1990,Adriana,Weber,2014-04-07,2020-02-23,Production Technician II,Webster L Butler,2285,adriana.weber@bilearner.com,BPC,Terminated for Cause,Full-Time,Zone C,Full-Time,Production,Production Operations,1968-07-27,MA,Female,US-MA-01,Black,Divorced,Fully Meets,3
1991,Lola,Hensley,2006-03-10,2007-10-26,Production Technician II,Ariel Cervantes,2322,lola.hensley@bilearner.com,CCDR,Voluntarily Terminated,Full-Time,Zone C,Full-Time,Production,Production Operations,1949-01-01,MA,Female,US-MA-02,Other,Married,Fully Meets,3
1992,Shamar,Delgado,2015-07-25,2018-01-01,Production Technician II,Abbigail Cameron,1232,shamar.delgado@bilearner.com,SVG,Retired,Contract,Zone C,Temporary,Production,Production Operations,1950-02-25,MA,Female,US-MA-03,White,Divorced,Fully Meets,4
1993,Emmanuel,Huang,2008-11-03,2012-01-10,Production Technician II,Kyle Ali,2490,emmanuel.huang@bilearner.com,EW,Terminated for Cause,Part-Time,Zone C,Part-Time,Production,Production Operations,1972-07-21,MA,Female,US-MA-01,Hispanic,Divorced,Fully Meets,3
1994,Brenna,Decker,2026-04-24,2026-06-28,Production Technician II,Sawyer Little,2385,brenna.decker@bilearner.com,MSC,Voluntarily Terminated,Full-Time,Zone C,Full-Time,Production,Production Operations,1988-12-29,MA,Female,US-MA-02,Other,Single,Fully Meets,3
1995,Averie,Wolfe,2023-10-31,,Production Technician II,Lillie Leblanc,1274,averie.wolfe@bilearner.com,TNS,Active,Contract,Zone C,Temporary,Production,Production Operations,1978-08-06,MA,Female,US-MA-03,Other,Married,Fully Meets,4
1996,Gaige,Marsh,2022-07-30,2023-12-08,Production Technician II,Isiah Decker,1165,gaige.marsh@bilearner.com,PYZ,Voluntarily Terminated,Full-Time,Zone C,Full-Time,Production,Production Operations,1992-07-10,MA,Female,US-MA-01,White,Single,Fully Meets,3
1997,Karli,Ross,2019-03-25,2020-11-09,Production Technician II,Ava Chan,2463,karli.ross@bilearner.com,WBL,Voluntarily Terminated,Part-Time,Zone C,Part-Time,Production,Production Operations,1990-06-09,MA,Female,US-MA-02,Asian,Divorced,Fully Meets,3
1998,Amiyah,Beasley,2019-08-01,,Production Technician II,Ariel Cervantes,2322,amiyah.beasley@bilearner.com,NEL,Active,Full-Time,Zone C,Full-Time,Production,Production Operations,1999-02-21,MA,Female,US-MA-03,Black,Widowed,Fully Meets,3
1999,Kayla,Gibbs,2011-04-13,2012-09-24,Production Technician II,Terrell Guerra,2395,kayla.gibbs@bilearner.com,PL,Voluntarily Terminated,Full-Time,Zone C,Full-Time,Production,Production Operations,1982-06-01,MA,Female,US-MA-01,Other,Widowed,Fully Meets,3
2000,Jocelyn,Jackson,2014-03-24,2014-06-02,Production Technician I,Terry Gay,2298,jocelyn.jackson@bilearner.com,PYZ,Voluntarily Terminated,Full-Time,Zone C,Full-Time,Production,Production Operations,1963-07-07,MA,Female,US-MA-02,Black,Widowed,Fully Meets,3
2001,Gilbert,Newman,2014-03-15,2015-11-10,Production Technician I,Jesus Hendricks,2341,gilbert.newman@bilearner.com,SVG,Voluntarily Terminated,Full-Time,Zone C,Full-Time,Production,Production Operations,1977-08-17,MA,Female,US-MA-03,White,Widowed,Fully Meets,4
2002,Roberto,Rosales,2016-08-28,2023-04-07,Production Technician I,Ally Brennan,2516,roberto.rosales@bilearner.com,TNS,Voluntarily Terminated,Full-Time,Zone C,Full-Time,Production,Production Operations,1990-05-25,MA,Female,US-MA-01,White,Married,Fully Meets,3
2003,Justice,Rhodes,2017-11-18,2021-06-22,Production Technician I,Kailyn Torres,2468,justice.rhodes@bilearner.com,WBL,Voluntarily Terminated,Full-Time,Zone C,Full-Time,Production,Production Operations,1985-07-01,MA,Female,US-MA-02,Other,Married,Fully Meets,3
2004,Adyson,Esparza,2015-07-14,,Production Technician I,Terrell Guerra,2395,adyson.esparza@bilearner.com,PYZ,Active,Contract,Zone B,Temporary,Production,Production Operations,1971-09-30,MA,Female,US-MA-03,Other,Divorced,Fully Meets,3
2005,Laci,Baird,2015-08-01,2016-04-09,Production Technician I,Uriel Brennan,2386,laci.baird@bilearner.com,WBL,Retired,Full-Time,Zone C,Full-Time,Production,Production Operations,1950-05-22,MA,Female,US-MA-01,Asian,Widowed,Fully Meets,3
2006,Samson,Meza,2019-06-17,,Production Technician I,Heath Romero,2381,samson.meza@bilearner.com,NEL,Active,Full-Time,Zone C,Full-Time,Production,Production Operations,1973-10-23,MA,Male,US-MA-02,Other,Married,Fully Meets,3
2007,Deacon,Bass,2021-11-13,,Production Technician I,Isiah Decker,1165,deacon.bass@bilearner.com,PL,Active,Full-Time,Zone C,Full-Time,Production,Production Operations,1979-05-05,MA,Female,US-MA-03,Black,Widowed,Fully Meets,4
2008,Kaila,Johnston,2015-03-14,2023-09-04,Production Technician I,Faith Golden,2318,kaila.johnston@bilearner.com,BPC,Terminated for Cause,Part-Time,Zone C,Part-Time,Production,Production Operations,1994-06-12,MA,Female,US-MA-01,Asian,Widowed,Fully Meets,3
2009,Cayden,Maynard,2012-01-13,,Production Technician I,Walter Immediato,2279,cayden.maynard@bilearner.com,CCDR,Active,Full-Time,Zone B,Full-Time,Production,Production Operations,1965-05-12,MA,Female,US-MA-02,White,Widowed,Fully Meets,3
2010,Araceli,Mcguire,2018-01-14,2023-12-28,Production Technician I,Charles Bozzi,2282,araceli.mcguire@bilearner.com,SVG,Voluntarily Terminated,Full-Time,Zone C,Full-Time,Production,Production Operations,1961-05-26,MA,Female,US-MA-03,Hispanic,Married,Fully Meets,3
2011,Naomi,Hardin,2010-04-02,2011-05-17,Production Technician I,Ariana Strickland,2294,naomi.hardin@bilearner.com,EW,Voluntarily Terminated,Full-Time,Zone C,Full-Time,Production,Production Operations,1969-05-31,MA,Female,US-MA-01,Asian,Married,Fully Meets,3
2012,Darnell,Eaton,2006-07-26,2007-08-30,Production Technician I,Brycen York,2421,darnell.eaton@bilearner.com,MSC,Voluntarily Terminated,Full-Time,Zone C,Full-Time,Production,Production Operations,1984-06-06,MA,Female,US-MA-02,White,Single,Fully Meets,4
2013,Zariah,Ritter,2019-01-18,2023-05-29,Production Technician I,Hallie Macias,2337,zariah.ritter@bilearner.com,TNS,Voluntarily Terminated,Full-Time,Zone C,Full-Time,Production,Production Operations,1969-01-24,MA,Female,US-MA-03,Black,Widowed,Fully Meets,3
2014,Malaki,Richards,2017-07-25,,Production Technician II,Eli Owens,2342,malaki.richards@bilearner.com,EW,Active,Part-Time,Zone C,Part-Time,Production,Production Operations,1984-11-11,MA,Female,US-MA-01,Asian,Divorced,Fully Meets,3
2015,Markus,Robles,2016-11-15,,Production Technician II,Kailyn Torres,2468,markus.robles@bilearner.com,MSC,Active,Part-Time,Zone C,Part-Time,Production,Production Operations,1992-03-05,MA,Female,US-MA-02,White,Widowed,Fully Meets,3
2016,Angela,Kaufman,2013-10-14,,Production Technician II,Trey Johnston,2506,angela.kaufman@bilearner.com,NEL,Active,Contract,Zone B,Temporary,Production,Production Operations,1958-10-01,MA,Female,US-MA-03,White,Widowed,Fully Meets,4
2017,Shaniya,Wolfe,2010-12-07,,Production Technician II,Trey Johnston,2506,shaniya.wolfe@bilearner.com,PL,Active,Full-Time,Zone A,Full-Time,Production,Production Operations,1971-04-17,MA,Female,US-MA-01,Black,Single,Fully Meets,3
2018,Anya,Morton,2014-07-06,2014-11-08,Production Technician II,Amy Dunn,2277,anya.morton@bilearner.com,PYZ,Terminated for Cause,Full-Time,Zone C,Full-Time,Production,Production Operations,1986-01-27,MA,Female,US-MA-02,Asian,Divorced,Fully Meets,4
2019,Emery,Peck,2024-08-08,,Production Technician II,Ava Chan,2463,emery.peck@bilearner.com,SVG,Active,Full-Time,Zone C,Full-Time,Production,Production Operations,1977-01-08,MA,Female,US-MA-03,White,Widowed,Fully Meets,4
2020,Angelique,Mathis,2008-03-20,2009-09-07,Production Technician II,Uriel Brennan,2386,angelique.mathis@bilearner.com,TNS,Retired,Contract,Zone C,Temporary,Production,Production Operations,1946-02-14,MA,Female,US-MA-01,Black,Widowed,Fully Meets,3
2021,Marlee,Woods,2026-05-25,,Production Technician II,Heath Romero,2381,marlee.woods@bilearner.com,WBL,Active,Full-Time,Zone C,Full-Time,Production,Production Operations,1981-06-23,MA,Female,US-MA-02,Asian,Widowed,Fully Meets,3
2022,Jocelyn,Valentine,2008-10-17,,Production Technician II,Courtney E Wallace,2276,jocelyn.valentine@bilearner.com,BPC,Active,Full-Time,Zone A,Full-Time,Production,Production Operations,1988-04-07,MA,Female,US-MA-03,White,Divorced,Fully Meets,3
2023,Sophie,Moran,2013-03-07,2020-06-02,Production Technician II,Ally Brennan,2516,sophie.moran@bilearner.com,CCDR,Voluntarily Terminated,Full-Time,Zone C,Full-Time,Production,Production Operations,1962-08-04,MA,Female,US-MA-01,Hispanic,Divorced,Fully Meets,4
2024,Yair,Snyder,2002-06-26,2004-12-23,Production Technician II,Marlon Stanton,2304,yair.snyder@bilearner.com,EW,Retired,Full-Time,Zone C,Full-Time,Production,Production Operations,1941-08-25,MA,Female,US-MA-02,Asian,Single,Fully Meets,3
2025,Shamar,Herman,2015-09-07,2020-11-25,Production Technician II,Colby Wolfe,1144,shamar.herman@bilearner.com,MSC,Voluntarily Terminated,Full-Time,Zone C,Full-Time,Production,Production Operations,1975-04-11,MA,Female,US-MA-03,Asian,Single,Fully Meets,3
2026,Ishaan,Schaefer,2016-05-06,2022-08-03,Production Technician I,Brycen York,2421,ishaan.schaefer@bilearner.com,SVG,Voluntarily Terminated,Full-Time,Zone C,Full-Time,Production,Production Operations,1970-02-26,MA,Female,US-MA-01,Hispanic,Married,Fully Meets,3
2027,Liam,Figueroa,2023-06-28,,Production Technician I,Mila Poole,2453,liam.figueroa@bilearner.com,EW,Active,Full-Time,Zone C,Full-Time,Production,Production Operations,1974-08-04,MA,Female,US-MA-02,Black,Single,Fully Meets,3
2028,Linda,Combs,2005-08-16,2009-03-20,Production Technician I,Uriel Brennan,2386,linda.combs@bilearner.com,MSC,Voluntarily Terminated,Full-Time,Zone C,Full-Time,Production,Production Operations,1981-05-02,MA,Female,US-MA-03,Hispanic,Widowed,Fully Meets,3
2029,Marilyn,Moss,2013-03-13,,Production Technician I,Terry Gay,2298,marilyn.moss@bilearner.com,TNS,Active,Full-Time,Zone B,Full-Time,Production,Production Operations,1966-02-05,MA,Female,US-MA-01,Black,Single,Fully Meets,3
2030,Yuliana,Nelson,2017-11-22,2019-06-12,Production Technician I,Kaylyn Joyce,2419,yuliana.nelson@bilearner.com,PYZ,Voluntarily Terminated,Full-Time,Zone C,Full-Time,Production,Production Operations,1982-08-13,MA,Female,US-MA-02,Asian,Married,Fully Meets,3
2031,August,Wiley,2009-11-13,2011-03-09,Production Technician I,Milagros Foley,1185,august.wiley@bilearner.com,WBL,Terminated for Cause,Full-Time,Zone C,Full-Time,Production,Production Operations,1977-06-16,MA,Male,US-MA-03,Asian,Married,Fully Meets,3
2032,Lindsay,Pennington,2018-02-14,2023-10-25,Production Technician I,Colby Wolfe,1144,lindsay.pennington@bilearner.com,NEL,Terminated for Cause,Full-Time,Zone C,Full-Time,Production,Production Operations,1996-11-05,MA,Male,US-MA-01,Asian,Divorced,Fully Meets,3
2033,Nico,Villarreal,2017-10-16,,Production Technician I,Milagros Foley,1185,nico.villarreal@bilearner.com,PL,Active,Full-Time,Zone C,Full-Time,Production,Production Operations,1991-01-28,MA,Female,US-MA-02,White,Divorced,Fully Meets,3
2034,Jaliyah,Conway,2023-04-29,2025-10-24,Production Technician I,Terrell Guerra,2395,jaliyah.conway@bilearner.com,BPC,Voluntarily Terminated,Part-Time,Zone C,Part-Time,Production,Production Operations,1997-09-12,MA,Female,US-MA-03,Asian,Married,Fully Meets,3
2035,Raymond,Gillespie,2015-01-17,2019-05-23,Production Technician I,Walter Immediato,2279,raymond.gillespie@bilearner.com,CCDR,Voluntarily Terminated,Part-Time,Zone C,Part-Time,Production,Production Operations,1970-03-23,MA,Female,US-MA-01,Asian,Married,Fully Meets,3
2036,Joey,Montes,2020-08-22,,Production Technician I,Cordell Vazquez,2439,joey.montes@bilearner.com,SVG,Active,Part-Time,Zone C,Part-Time,Production,Production Operations,1978-05-22,MA,Female,US-MA-02,Asian,Single,Fully Meets,4
2037,Ian,Hester,2006-07-20,2009-08-11,Production Technician I,Leticia Parks,2378,ian.hester@bilearner.com,EW,Retired,Full-Time,Zone C,Full-Time,Production,Production Operations,1945-08-27,MA,Female,US-MA-03,White,Married,Fully Meets,3
2038,Weston,Rios,2019-11-27,,Production Technician I,Elisa Bramante,2291,weston.rios@bilearner.com,MSC,Active,Full-Time,Zone C,Full-Time,Production,Production Operations,2001-05-04,MA,Female,US-MA-01,Black,Married,Fully Meets,3
2039,Carson,Pennington,2012-05-16,,Production Technician I,Kaylyn Joyce,2419,carson.pennington@bilearner.com,TNS,Active,Full-Time,Zone B,Full-Time,Production,Production Operations,1957-10-04,MA,Female,US-MA-02,White,Single,Fully Meets,4
2040,Brynlee,Crawford,2006-09-18,2007-05-23,Production Technician II,Courtney E Wallace,2276,brynlee.crawford@bilearner.com,NEL,Voluntarily Terminated,Full-Time,Zone C,Full-Time,Production,Production Operations,1949-12-04,MA,Female,US-MA-03,Other,Divorced,Fully Meets,4
2041,Sanai,Rose,2011-09-15,,Production Technician II,Colby Wolfe,1144,sanai.rose@bilearner.com,PL,Active,Full-Time,Zone B,Full-Time,Production,Production Operations,1982-07-08,MA,Female,US-MA-01,Black,Single,Fully Meets,4
2042,Luna,Arroyo,2012-06-07,,Production Technician II,Milagros Foley,1185,luna.arroyo@bilearner.com,BPC,Active,Contract,Zone B,Temporary,Production,Production Operations,1992-02-29,MA,Female,US-MA-02,White,Married,Fully Meets,3
2043,Lorelai,Hale,2014-07-05,,Production Technician II,Walter Dominguez,2336,lorelai.hale@bilearner.com,CCDR,Active,Full-Time,Zone B,Full-Time,Production,Production Operations,1967-09-21,MA,Female,US-MA-03,White,Married,Fully Meets,4
2044,Darrell,Horne,2023-04-08,,Production Technician II,Kaylyn Joyce,2419,darrell.horne@bilearner.com,SVG,Active,Full-Time,Zone C,Full-Time,Production,Production Operations,1992-02-20,MA,Female,US-MA-01,Black,Married,Fully Meets,3
2045,Itzel,Nunez,2011-01-16,,Production Technician II,Julianne Shaw,2414,itzel.nunez@bilearner.com,EW,Active,Full-Time,Zone A,Full-Time,Production,Production Operations,1976-11-19,MA,Female,US-MA-02,Other,Divorced,Fully Meets,3
2046,Serena,Lutz,2002-04-21,,Production Technician II,Marlon Stanton,2304,serena.lutz@bilearner.com,MSC,Active,Contract,Zone A,Temporary,Production,Production Operations,1973-11-13,MA,Female,US-MA-03,Asian,Widowed,Fully Meets,3
2047,Gwendolyn,Gray,2020-08-04,,Production Technician II,Walter Immediato,2279,gwendolyn.gray@bilearner.com,TNS,Active,Full-Time,Zone C,Full-Time,Production,Production Operations,1966-08-23,MA,Female,US-MA-01,White,Single,Fully Meets,3
2048,Khalil,Lee,2004-03-24,,Production Technician II,Amy Dunn,2277,khalil.lee@bilearner.com,PYZ,Active,Contract,Zone A,Temporary,Production,Production Operations,1960-01-17,MA,Female,US-MA-02,Asian,Married,Fully Meets,4
2049,Corinne,Navarro,2004-12-17,,Production Technician II,Teagan Fletcher,2440,corinne.navarro@bilearner.com,WBL,Active,Full-Time,Zone A,Full-Time,Production,Production Operations,1983-07-25,MA,Female,US-MA-03,Asian,Widowed,Fully Meets,4
2050,Meadow,Atkins,2006-06-10,2007-07-02,Production Technician II,Leticia Parks,2378,meadow.atkins@bilearner.com,NEL,Voluntarily Terminated,Full-Time,Zone C,Full-Time,Production,Production Operations,1953-02-03,MA,Female,US-MA-01,White,Widowed,Fully Meets,3
2051,Jaden,Charles,2018-11-01,,Production Technician I,Cordell Vazquez,2439,jaden.charles@bilearner.com,CCDR,Active,Full-Time,Zone C,Full-Time,Production,Production Operations,1999-04-13,MA,Female,US-MA-02,Black,Single,Fully Meets,3
2052,Blaine,Contreras,2006-08-20,2007-06-07,Production Technician I,Ariana Strickland,2294,blaine.contreras@bilearner.com,SVG,Voluntarily Terminated,Full-Time,Zone C,Full-Time,Production,Production Operations,1956-05-12,MA,Female,US-MA-03,Hispanic,Married,Fully Meets,4
2053,Kolten,Kim,2006-01-05,,Production Technician I,Amy Dunn,2277,kolten.kim@bilearner.com,EW,Active,Contract,Zone A,Temporary,Production,Production Operations,1962-06-26,MA,Female,US-MA-01,White,Divorced,Fully Meets,3
2054,Erika,Mata,2011-11-16,2015-04-03,Production Technician I,Ariel Cervantes,2322,erika.mata@bilearner.com,MSC,Voluntarily Terminated,Full-Time,Zone C,Full-Time,Production,Production Operations,1957-06-09,MA,Female,US-MA-02,Black,Married,Fully Meets,3
2055,Beau,Olsen,2023-10-02,,Production Technician I,Mila Poole,2453,beau.olsen@bilearner.com,TNS,Active,Full-Time,Zone C,Full-Time,Production,Production Operations,1989-07-19,MA,Female,US-MA-03,White,Divorced,Fully Meets,4
2056,Kelly,Ellis,2010-09-22,2014-09-17,Production Technician I,Faith Golden,2318,kelly.ellis@bilearner.com,PYZ,Voluntarily Terminated,Full-Time,Zone C,Full-Time,Production,Production Operations,1957-07-25,MA,Female,US-MA-01,White,Divorced,Fully Meets,3
2057,Nikhil,Rivas,2026-05-29,,Production Technician I,Uriel Brennan,2386,nikhil.rivas@bilearner.com,WBL,Active,Full-Time,Zone C,Full-Time,Production,Production Operations,1964-12-14,MA,Male,US-MA-02,Hispanic,Married,Fully Meets,3
2058,Brady,Boyd,2024-08-21,2026-01-20,Production Technician I,Keenan Jensen,2325,brady.boyd@bilearner.com,NEL,Voluntarily Terminated,Full-Time,Zone C,Full-Time,Production,Production Operations,1984-01-13,MA,Male,US-MA-03,White,Divorced,Fully Meets,3
2059,Alfred,Manning,2019-09-10,2022-04-08,Production Technician I,George Meyers,2457,alfred.manning@bilearner.com,PL,Voluntarily Terminated,Full-Time,Zone C,Full-Time,Production,Production Operations,1987-07-27,MA,Female,US-MA-01,White,Married,Fully Meets,3
2060,Angelina,Russell,2013-12-14,,Production Technician I,Courtney E Wallace,2276,angelina.russell@bilearner.com,BPC,Active,Full-Time,Zone B,Full-Time,Production,Production Operations,1987-06-14,MA,Female,US-MA-02,Asian,Divorced,Fully Meets,3
2061,King,Garrison,2026-06-28,,Production Technician I,Leticia Parks,2378,king.garrison@bilearner.com,CCDR,Active,Contract,Zone C,Temporary,Production,Production Operations,1982-10-02,MA,Female,US-MA-03,Other,Married,Fully Meets,3
2062,Kale,Middleton,2004-12-27,,Production Technician I,Terrell Guerra,2395,kale.middleton@bilearner.com,SVG,Active,Full-Time,Zone A,Full-Time,Production,Production Operations,1975-07-02,MA,Female,US-MA-01,Hispanic,Single,Fully Meets,3
2063,Kailyn,Montgomery,2011-06-30,,Production Technician I,Colby Wolfe,1144,kailyn.montgomery@bilearner.com,EW,Active,Full-Time,Zone A,Full-Time,Production,Production Operations,1972-02-18,MA,Female,US-MA-02,Hispanic,Married,Fully Meets,3
2064,Philip,Cobb,2019-04-02,2022-06-02,Production Technician I,Elijiah Gray,2281,philip.cobb@bilearner.com,MSC,Voluntarily Terminated,Contract,Zone C,Temporary,Production,Production Operations,1964-05-10,MA,Female,US-MA-03,White,Single,Fully Meets,3
2065,Bria,Spence,2022-06-08,,Production Technician II,Isiah Decker,1165,bria.spence@bilearner.com,EW,Active,Full-Time,Zone C,Full-Time,Production,Production Operations,1972-02-29,MA,Female,US-MA-01,Other,Single,Fully Meets,3
2066,Ellie,Holder,2006-10-23,2007-12-22,Production Technician II,Courtney E Wallace,2276,ellie.holder@bilearner.com,MSC,Voluntarily Terminated,Full-Time,Zone C,Full-Time,Production,Production Operations,1954-05-13,MA,Female,US-MA-02,Asian,Single,Fully Meets,3
2067,Denzel,Clark,2020-06-30,,Production Technician II,Walter Dominguez,2336,denzel.clark@bilearner.com,NEL,Active,Contract,Zone C,Temporary,Production,Production Operations,1966-03-27,MA,Female,US-MA-03,White,Divorced,Fully Meets,3
2068,Sidney,Lewis,2017-04-03,,Production Technician II,Ariel Cervantes,2322,sidney.lewis@bilearner.com,PL,Active,Part-Time,Zone C,Part-Time,Production,Production Operations,1962-09-07,MA,Female,US-MA-01,White,Divorced,Fully Meets,3
2069,Simon,Rivers,2015-11-20,,Production Technician II,Faith Golden,2318,simon.rivers@bilearner.com,PYZ,Active,Full-Time,Zone B,Full-Time,Production,Production Operations,1991-12-25,MA,Female,US-MA-02,Other,Widowed,Fully Meets,4
2070,Branson,Schneider,2015-07-09,,Production Technician II,Webster L Butler,2285,branson.schneider@bilearner.com,SVG,Active,Contract,Zone B,Temporary,Production,Production Operations,1969-02-20,MA,Female,US-MA-03,White,Divorced,Fully Meets,3
2071,Maren,Whitehead,2006-03-29,,Production Technician II,Teagan Fletcher,2440,maren.whitehead@bilearner.com,TNS,Active,Full-Time,Zone A,Full-Time,Production,Production Operations,1977-05-14,MA,Female,US-MA-01,White,Widowed,Fully Meets,4
2072,Gilbert,Hensley,2014-09-16,,Production Technician II,Ariel Cervantes,2322,gilbert.hensley@bilearner.com,WBL,Active,Contract,Zone B,Temporary,Production,Production Operations,1980-09-07,MA,Female,US-MA-02,White,Single,Fully Meets,3
2073,Armani,Barker,2016-05-01,2019-07-06,Production Technician II,Ibrahim Wolfe,1142,armani.barker@bilearner.com,PYZ,Retired,Full-Time,Zone C,Full-Time,Production,Production Operations,1956-07-18,MA,Female,US-MA-03,Hispanic,Single,Fully Meets,3
2074,Tamia,Byrd,2005-12-07,,Production Technician II,Amy Dunn,2277,tamia.byrd@bilearner.com,WBL,Active,Full-Time,Zone A,Full-Time,Production,Production Operations,1967-11-25,MA,Female,US-MA-01,Hispanic,Widowed,Fully Meets,3
2075,Oliver,Richardson,2019-04-20,,Production Technician I,Leland Chang,2416,oliver.richardson@bilearner.com,NEL,Active,Full-Time,Zone C,Full-Time,Production,Production Operations,1976-10-13,MA,Female,US-MA-02,Other,Married,Fully Meets,3
2076,Nathalia,Larson,2019-05-13,2021-04-19,Production Technician I,Rachael Buck,1186,nathalia.larson@bilearner.com,PL,Voluntarily Terminated,Contract,Zone C,Temporary,Production,Production Operations,1986-02-08,MA,Female,US-MA-03,Black,Divorced,Fully Meets,3
2077,Laurel,Chan,2011-05-24,2012-08-17,Production Technician I,Leticia Parks,2378,laurel.chan@bilearner.com,PYZ,Retired,Full-Time,Zone C,Full-Time,Production,Production Operations,1943-12-25,MA,Female,US-MA-01,Asian,Married,Fully Meets,3
2078,Alejandra,Barnes,2024-04-18,2024-10-13,Production Technician I,Rigoberto Townsend,1187,alejandra.barnes@bilearner.com,SVG,Voluntarily Terminated,Full-Time,Zone C,Full-Time,Production,Production Operations,1986-10-26,MA,Female,US-MA-02,White,Single,Fully Meets,3
2079,Emilio,Daniel,2015-01-03,,Production Technician I,Courtney E Wallace,2276,emilio.daniel@bilearner.com,TNS,Active,Full-Time,Zone B,Full-Time,Production,Production Operations,1982-11-15,MA,Female,US-MA-03,White,Married,Fully Meets,3
2080,Ellie,Robbins,2014-05-26,2016-10-29,Production Technician I,Terry Gay,2298,ellie.robbins@bilearner.com,WBL,Voluntarily Terminated,Full-Time,Zone C,Full-Time,Production,Production Operations,1960-11-03,MA,Female,US-MA-01,Other,Married,Fully Meets,3
2081,Vicente,Hansen,2010-12-12,,Production Technician I,Amy Dunn,2277,vicente.hansen@bilearner.com,BPC,Active,Full-Time,Zone A,Full-Time,Production,Production Operations,1988-06-08,MA,Female,US-MA-02,Asian,Married,Fully Meets,3
2082,Jordan,Kemp,2025-01-11,,Production Technician I,Jaydan Hoffman,2317,jordan.kemp@bilearner.com,CCDR,Active,Full-Time,Zone C,Full-Time,Production,Production Operations,1961-01-08,MA,Male,US-MA-03,Black,Single,Fully Meets,3
2083,Edith,Richard,2011-01-31,,Production Technician I,Terrell Guerra,2395,edith.richard@bilearner.com,EW,Active,Part-Time,Zone A,Part-Time,Production,Production Operations,1981-05-16,MA,Female,US-MA-01,Hispanic,Divorced,Fully Meets,4
2084,Dustin,Snow,2021-08-15,,Production Technician I,Walter Immediato,2279,dustin.snow@bilearner.com,MSC,Active,Full-Time,Zone C,Full-Time,Production,Production Operations,1971-02-06,MA,Female,US-MA-02,Hispanic,Divorced,Fully Meets,3
2085,Layton,Goodwin,2017-03-01,2021-04-29,Production Technician I,Milagros Foley,1185,layton.goodwin@bilearner.com,NEL,Voluntarily Terminated,Full-Time,Zone C,Full-Time,Production,Production Operations,1972-03-31,MA,Female,US-MA-03,Asian,Married,Fully Meets,4
2086,Eliza,Munoz,2019-07-26,2021-05-29,Production Technician I,Rigoberto Townsend,1187,eliza.munoz@bilearner.com,PL,Voluntarily Terminated,Contract,Zone C,Temporary,Production,Production Operations,1978-11-14,MA,Female,US-MA-01,Asian,Divorced,Fully Meets,3
2087,Arianna,Durham,2020-03-08,2021-02-14,Production Technician I,Jaydan Hoffman,2317,arianna.durham@bilearner.com,PYZ,Retired,Full-Time,Zone C,Full-Time,Production,Production Operations,1959-12-19,MA,Female,US-MA-02,Black,Widowed,Fully Meets,3
2088,Lia,Orr,2025-07-12,,Production Technician I,Odin Sampson,2456,lia.orr@bilearner.com,SVG,Active,Full-Time,Zone C,Full-Time,Production,Production Operations,1960-05-27,MA,Female,US-MA-03,White,Divorced,Fully Meets,3
2089,Ethan,Rhodes,2007-02-18,2008-01-20,Production Technician I,Leticia Parks,2378,ethan.rhodes@bilearner.com,TNS,Voluntarily Terminated,Full-Time,Zone C,Full-Time,Production,Production Operations,1966-06-04,MA,Female,US-MA-01,White,Married,Fully Meets,3
2090,Alexis,Nielsen,2020-08-26,,Production Technician II,Colby Wolfe,1144,alexis.nielsen@bilearner.com,EW,Active,Full-Time,Zone C,Full-Time,Production,Production Operations,1988-11-12,MA,Female,US-MA-02,Asian,Divorced,Fully Meets,3
2091,Adalyn,Bass,2013-03-21,,Production Technician II,Teagan Fletcher,2440,adalyn.bass@bilearner.com,MSC,Active,Full-Time,Zone B,Full-Time,Production,Production Operations,1969-02-15,MA,Female,US-MA-03,Black,Single,Fully Meets,3
2092,Hadley,Benson,2022-05-03,,Production Technician II,Ally Brennan,2516,hadley.benson@bilearner.com,NEL,Active,Contract,Zone C,Temporary,Production,Production Operations,1987-09-09,MA,Female,US-MA-01,Asian,Widowed,Fully Meets,3
2093,Carlee,Lang,2005-08-18,2008-10-17,Production Technician II,Ariel Cervantes,2322,carlee.lang@bilearner.com,PL,Retired,Full-Time,Zone C,Full-Time,Production,Production Operations,1948-05-06,MA,Female,US-MA-02,Hispanic,Married,Fully Meets,3
2094,Eli,Flores,2022-09-26,2025-01-20,Production Technician II,Isiah Decker,1165,eli.flores@bilearner.com,PYZ,Retired,Full-Time,Zone C,Full-Time,Production,Production Operations,1964-01-12,MA,Female,US-MA-03,Black,Married,Fully Meets,4
2095,Lyric,Solomon,2006-11-08,2009-05-23,Production Technician II,Amy Dunn,2277,lyric.solomon@bilearner.com,SVG,Voluntarily Terminated,Full-Time,Zone C,Full-Time,Production,Production Operations,1957-12-16,MA,Female,US-MA-01,Other,Divorced,Fully Meets,3
2096,Jerome,Howard,2018-04-26,,Production Technician II,Nathaly Stuart,2411,jerome.howard@bilearner.com,TNS,Active,Full-Time,Zone C,Full-Time,Production,Production Operations,1985-07-17,MA,Female,US-MA-02,Black,Single,Fully Meets,3
2097,Parker,Fritz,2009-04-22,2015-01-09,Production Technician II,Courtney E Wallace,2276,parker.fritz@bilearner.com,WBL,Voluntarily Terminated,Full-Time,Zone C,Full-Time,Production,Production Operations,1964-02-25,MA,Female,US-MA-03,Black,Widowed,PIP,1
2098,Phillip,Fuentes,2012-01-22,,Production Technician II,Sawyer Little,2385,phillip.fuentes@bilearner.com,BPC,Active,Contract,Zone B,Temporary,Production,Production Operations,1978-12-04,MA,Female,US-MA-01,Other,Divorced,PIP,1
2099,Drake,Wiggins,2022-03-12,,Production Technician I,Jesus Hendricks,2341,drake.wiggins@bilearner.com,BPC,Active,Full-Time,Zone C,Full-Time,Production,Production Operations,1969-03-29,MA,Female,US-MA-02,Hispanic,Widowed,PIP,1
2100,Lucy,Santos,2012-10-08,,Production Technician I,Ariel Cervantes,2322,lucy.santos@bilearner.com,CCDR,Active,Full-Time,Zone B,Full-Time,Production,Production Operations,1975-11-20,MA,Female,US-MA-03,Other,Divorced,Exceeds,5
2101,Justice,Curry,2015-10-05,2022-06-28,Production Technician I,Brycen York,2421,justice.curry@bilearner.com,SVG,Voluntarily Terminated,Contract,Zone C,Temporary,Production,Production Operations,1964-12-13,MA,Female,US-MA-01,Hispanic,Married,PIP,1
2102,Valeria,Zavala,2016-10-09,,Production Technician I,Rigoberto Townsend,1187,valeria.zavala@bilearner.com,EW,Active,Full-Time,Zone C,Full-Time,Production,Production Operations,1966-01-23,MA,Female,US-MA-02,Asian,Single,Exceeds,5
2103,Nola,Sellers,2005-03-26,,Production Technician I,Teagan Fletcher,2440,nola.sellers@bilearner.com,MSC,Active,Full-Time,Zone A,Full-Time,Production,Production Operations,1986-12-25,MA,Female,US-MA-03,Asian,Widowed,Exceeds,4
2104,Andre,Fields,2016-07-14,,Production Technician I,Elijiah Gray,2281,andre.fields@bilearner.com,TNS,Active,Full-Time,Zone C,Full-Time,Production,Production Operations,1974-01-14,MA,Female,US-MA-01,Hispanic,Widowed,Exceeds,5
2105,Joel,Hanson,2025-01-30,,Production Technician I,Uriel Brennan,2386,joel.hanson@bilearner.com,PYZ,Active,Full-Time,Zone C,Full-Time,Production,Production Operations,1960-01-27,MA,Female,US-MA-02,Hispanic,Single,Needs Improvement,2
2106,Tony,Mendoza,2009-09-28,2010-06-06,Production Technician I,Colby Wolfe,1144,tony.mendoza@bilearner.com,WBL,Voluntarily Terminated,Full-Time,Zone C,Full-Time,Production,Production Operations,1962-11-14,MA,Male,US-MA-03,White,Widowed,Exceeds,4
2107,Jacqueline,Black,2023-05-06,2024-05-30,Production Technician I,Walter Immediato,2279,jacqueline.black@bilearner.com,NEL,Voluntarily Terminated,Full-Time,Zone C,Full-Time,Production,Production Operations,1985-11-13,MA,Female,US-MA-01,Hispanic,Widowed,Exceeds,5
2108,Denise,Mccullough,2007-04-12,2008-04-02,Production Technician I,Amy Dunn,2277,denise.mccullough@bilearner.com,PL,Voluntarily Terminated,Contract,Zone C,Temporary,Production,Production Operations,1978-09-19,MA,Female,US-MA-02,White,Widowed,Needs Improvement,1
2109,Zain,Tanner,2008-07-09,,Production Technician I,Leticia Parks,2378,zain.tanner@bilearner.com,BPC,Active,Full-Time,Zone A,Full-Time,Production,Production Operations,1988-11-22,MA,Female,US-MA-03,Other,Divorced,Exceeds,5
2110,Richard,Deleon,2017-10-13,,Production Technician I,Eli Owens,2342,richard.deleon@bilearner.com,CCDR,Active,Full-Time,Zone C,Full-Time,Production,Production Operations,1993-01-30,MA,Female,US-MA-01,Black,Single,Exceeds,4
2111,Carmelo,Hayden,2012-01-13,2016-03-16,Production Technician I,Uriel Brennan,2386,carmelo.hayden@bilearner.com,SVG,Voluntarily Terminated,Contract,Zone C,Temporary,Production,Production Operations,1957-05-17,MA,Female,US-MA-02,Asian,Single,Needs Improvement,1
2112,Emilio,Pierce,2015-04-27,2018-10-04,Production Technician I,Michael Albert,2275,emilio.pierce@bilearner.com,EW,Voluntarily Terminated,Full-Time,Zone C,Full-Time,Production,Production Operations,1967-12-30,MA,Female,US-MA-03,Other,Widowed,Exceeds,5
2113,Emerson,Wood,2003-12-25,2006-10-07,Production Technician I,Trey Johnston,2506,emerson.wood@bilearner.com,MSC,Retired,Full-Time,Zone C,Full-Time,Production,Production Operations,1944-10-20,MA,Female,US-MA-01,White,Widowed,Exceeds,4
2114,Abagail,Moran,2006-08-10,,Production Technician II,Julianne Shaw,2414,abagail.moran@bilearner.com,NEL,Active,Full-Time,Zone A,Full-Time,Production,Production Operations,1982-10-03,MA,Female,US-MA-02,White,Single,Exceeds,5
2115,Nikhil,Cummings,2023-09-20,2024-11-23,Production Technician II,Walter Dominguez,2336,nikhil.cummings@bilearner.com,PL,Voluntarily Terminated,Full-Time,Zone C,Full-Time,Production,Production Operations,1978-03-30,MA,Female,US-MA-03,Asian,Married,Exceeds,5
2116,Stanley,Bowen,2023-02-10,,Production Technician II,Colby Wolfe,1144,stanley.bowen@bilearner.com,BPC,Active,Full-Time,Zone C,Full-Time,Production,Production Operations,1963-08-25,MA,Female,US-MA-01,Black,Divorced,Needs Improvement,2
2117,Terrell,Hanna,2002-06-04,,Production Technician II,Axel Howe,3456,terrell.hanna@bilearner.com,CCDR,Active,Full-Time,Zone A,Full-Time,Production,Production Operations,1977-01-17,MA,Female,US-MA-02,Hispanic,Divorced,Exceeds,4
2118,Dale,Mendoza,2009-03-14,,Production Technician II,Teagan Fletcher,2440,dale.mendoza@bilearner.com,SVG,Active,Full-Time,Zone A,Full-Time,Production,Production Operations,1960-07-01,MA,Female,US-MA-03,White,Widowed,Exceeds,5
2119,Marcos,Carey,2013-08-27,,Production Technician II,Faith Golden,2318,marcos.carey@bilearner.com,EW,Active,Full-Time,Zone B,Full-Time,Production,Production Operations,1960-12-08,MA,Female,US-MA-01,White,Married,Exceeds,5
2120,Simeon,Pittman,2014-05-08,,Production Technician II,Abbigail Cameron,1232,simeon.pittman@bilearner.com,MSC,Active,Contract,Zone B,Temporary,Production,Production Operations,1967-01-17,MA,Female,US-MA-02,Asian,Divorced,Needs Improvement,2
2121,Jenna,Cochran,2004-05-18,,Production Technician II,Ariel Cervantes,2322,jenna.cochran@bilearner.com,TNS,Active,Part-Time,Zone A,Part-Time,Production,Production Operations,1970-04-10,MA,Female,US-MA-03,Asian,Married,Exceeds,4
2122,Tia,Kent,2019-09-30,2021-08-28,Production Technician I,Abbigail Cameron,1232,tia.kent@bilearner.com,BPC,Terminated for Cause,Full-Time,Zone C,Full-Time,Production,Production Operations,1975-10-21,MA,Female,US-MA-01,Asian,Married,Needs Improvement,2
2123,Chace,Farley,2019-12-10,,Production Technician I,Kaylyn Joyce,2419,chace.farley@bilearner.com,CCDR,Active,Full-Time,Zone C,Full-Time,Production,Production Operations,1979-02-12,MA,Female,US-MA-02,White,Widowed,Exceeds,4
2124,Spencer,Hicks,2003-03-17,2004-10-11,Production Technician I,Ariel Cervantes,2322,spencer.hicks@bilearner.com,SVG,Voluntarily Terminated,Contract,Zone C,Temporary,Production,Production Operations,1950-08-09,MA,Female,US-MA-03,White,Single,Exceeds,5
2125,Leslie,Zamora,2010-04-20,,Production Technician I,Uriel Brennan,2386,leslie.zamora@bilearner.com,EW,Active,Full-Time,Zone A,Full-Time,Production,Production Operations,1979-02-13,MA,Female,US-MA-01,White,Divorced,Exceeds,5
2126,Chasity,Kennedy,2024-07-25,2025-08-15,Production Technician I,Cesar Hunter,2470,chasity.kennedy@bilearner.com,MSC,Terminated for Cause,Full-Time,Zone C,Full-Time,Production,Production Operations,1969-06-20,MA,Female,US-MA-02,Black,Married,PIP,1
2127,Makena,Benitez,2006-05-25,,Production Technician I,Teagan Fletcher,2440,makena.benitez@bilearner.com,TNS,Active,Full-Time,Zone A,Full-Time,Production,Production Operations,1977-04-06,MA,Female,US-MA-03,Black,Single,Needs Improvement,2
2128,Remington,Walton,2017-05-27,,Production Technician I,Colby Wolfe,1144,remington.walton@bilearner.com,PYZ,Active,Full-Time,Zone C,Full-Time,Production,Production Operations,1982-07-12,MA,Female,US-MA-01,Black,Widowed,Needs Improvement,1
2129,Raina,Best,2013-10-25,,Production Technician I,Ava Chan,2463,raina.best@bilearner.com,WBL,Active,Full-Time,Zone B,Full-Time,Production,Production Operations,1988-02-02,MA,Male,US-MA-02,Other,Divorced,Needs Improvement,1
2130,Paulina,Henderson,2012-07-21,,Production Technician I,George Meyers,2457,paulina.henderson@bilearner.com,NEL,Active,Full-Time,Zone B,Full-Time,Production,Production Operations,1973-02-24,MA,Female,US-MA-03,Other,Married,Needs Improvement,2
2131,Kaiya,Marsh,2005-02-17,2015-04-06,Production Technician I,Trey Johnston,2506,kaiya.marsh@bilearner.com,PL,Retired,Full-Time,Zone B,Full-Time,Production,Production Operations,1951-03-12,MA,Female,US-MA-01,Black,Widowed,Needs Improvement,2
2132,Scarlett,Brooks,2016-06-16,,Production Technician I,Abbigail Cameron,1232,scarlett.brooks@bilearner.com,BPC,Active,Full-Time,Zone B,Full-Time,Production,Production Operations,1964-06-18,MA,Female,US-MA-02,Other,Widowed,Needs Improvement,2
2133,Makhi,Kramer,2011-07-08,,Production Technician I,Milagros Foley,1185,makhi.kramer@bilearner.com,CCDR,Active,Full-Time,Zone B,Full-Time,Production,Production Operations,1974-08-20,MA,Female,US-MA-03,Black,Single,PIP,1
2134,Beatrice,Faulkner,2005-10-17,2007-09-01,Production Technician I,Michael Albert,2275,beatrice.faulkner@bilearner.com,SVG,Terminated for Cause,Full-Time,Zone C,Full-Time,Production,Production Operations,1974-03-04,MA,Female,US-MA-01,Hispanic,Widowed,Exceeds,4
2135,Valeria,Mayo,2023-09-24,2024-09-20,Production Technician I,Leland Chang,2416,valeria.mayo@bilearner.com,EW,Voluntarily Terminated,Full-Time,Zone C,Full-Time,Production,Production Operations,1987-03-03,MA,Female,US-MA-02,Asian,Married,Exceeds,4
2136,Darrell,Vaughan,2024-01-07,2025-12-05,Production Technician I,Rachael Buck,1186,darrell.vaughan@bilearner.com,MSC,Voluntarily Terminated,Full-Time,Zone C,Full-Time,Production,Production Operations,1991-10-08,MA,Female,US-MA-03,Other,Divorced,Exceeds,5
2137,Carlos,Murphy,2006-06-25,2011-11-03,Production Technician II,Uriel Brennan,2386,carlos.murphy@bilearner.com,CCDR,Voluntarily Terminated,Full-Time,Zone C,Full-Time,Production,Production Operations,1962-02-21,MA,Female,US-MA-01,Black,Married,Exceeds,4
2138,Wilson,Sloan,2024-08-19,2025-06-26,Production Technician II,Giuliana Farmer,1123,wilson.sloan@bilearner.com,EW,Terminated for Cause,Full-Time,Zone C,Full-Time,Production,Production Operations,1966-08-11,MA,Female,US-MA-02,Hispanic,Divorced,Exceeds,4
2139,Kaleb,Elliott,2016-08-08,,Production Technician II,Walter Dominguez,2336,kaleb.elliott@bilearner.com,MSC,Active,Contract,Zone C,Temporary,Production,Production Operations,1968-03-30,MA,Female,US-MA-03,White,Widowed,Exceeds,4
2140,Harley,Jones,2019-05-29,,Production Technician II,Brianna Hurley,2471,harley.jones@bilearner.com,NEL,Active,Full-Time,Zone C,Full-Time,Production,Production Operations,1969-08-22,MA,Female,US-MA-01,Black,Widowed,Exceeds,5
2141,Casey,Dixon,2008-04-12,2008-07-16,Production Technician II,Leticia Parks,2378,casey.dixon@bilearner.com,PL,Voluntarily Terminated,Full-Time,Zone C,Full-Time,Production,Production Operations,1946-07-25,MA,Female,US-MA-02,Hispanic,Married,Exceeds,5
2142,Josue,Gentry,2006-03-23,2007-04-24,Production Technician II,Julianne Shaw,2414,josue.gentry@bilearner.com,PYZ,Voluntarily Terminated,Full-Time,Zone C,Full-Time,Production,Production Operations,1965-01-25,MA,Female,US-MA-03,Other,Widowed,Exceeds,4
2143,Adelaide,Meyer,2020-10-26,2024-09-10,Production Technician II,Julianne Shaw,2414,adelaide.meyer@bilearner.com,SVG,Voluntarily Terminated,Full-Time,Zone C,Full-Time,Production,Production Operations,1994-01-25,MA,Female,US-MA-01,Asian,Divorced,Exceeds,4
2144,Pierre,Craig,2004-03-04,,Production Technician II,Amy Dunn,2277,pierre.craig@bilearner.com,TNS,Active,Full-Time,Zone A,Full-Time,Production,Production Operations,1983-03-09,MA,Female,US-MA-02,Hispanic,Divorced,Exceeds,4
2145,Leo,Hickman,2013-07-22,,Production Technician II,Ibrahim Wolfe,1142,leo.hickman@bilearner.com,WBL,Active,Part-Time,Zone B,Part-Time,Production,Production Operations,1989-10-04,MA,Female,US-MA-03,Other,Divorced,Exceeds,4
2146,Frankie,Franklin,2014-08-25,2017-05-27,Production Technician I,Ally Brennan,2516,frankie.franklin@bilearner.com,MSC,Retired,Contract,Zone C,Temporary,Production,Production Operations,1951-09-19,MA,Female,US-MA-01,Other,Divorced,Exceeds,4
2147,Vance,Cain,2018-05-02,2020-02-10,Production Technician I,Justice Pineda,1164,vance.cain@bilearner.com,NEL,Voluntarily Terminated,Full-Time,Zone C,Full-Time,Production,Production Operations,1981-11-06,MA,Female,US-MA-02,Hispanic,Divorced,Exceeds,5
2148,Joel,Koch,2017-07-05,,Production Technician I,Elijiah Gray,2281,joel.koch@bilearner.com,PL,Active,Full-Time,Zone C,Full-Time,Production,Production Operations,1994-02-01,MA,Female,US-MA-03,Black,Widowed,Exceeds,4
2149,Cheyanne,Hess,2020-02-02,2021-02-05,Production Technician I,Teagan Fletcher,2440,cheyanne.hess@bilearner.com,PYZ,Voluntarily Terminated,Part-Time,Zone C,Part-Time,Production,Production Operations,1997-03-26,MA,Female,US-MA-01,White,Single,Exceeds,5
2150,Ishaan,Sheppard,2020-05-11,2021-06-01,Production Technician I,Rosa Rosales,2451,ishaan.sheppard@bilearner.com,SVG,Voluntarily Terminated,Full-Time,Zone C,Full-Time,Production,Production Operations,1971-10-06,MA,Female,US-MA-02,Asian,Widowed,Exceeds,4
2151,Areli,Mitchell,2016-02-16,2018-03-14,Production Technician I,Faith Golden,2318,areli.mitchell@bilearner.com,TNS,Retired,Full-Time,Zone C,Full-Time,Production,Production Operations,1950-12-05,MA,Female,US-MA-03,Hispanic,Married,Exceeds,4
2152,Alexis,Kirby,2006-10-01,,Production Technician I,Walter Immediato,2279,alexis.kirby@bilearner.com,WBL,Active,Full-Time,Zone A,Full-Time,Production,Production Operations,1984-06-05,MA,Female,US-MA-01,White,Widowed,Exceeds,4
2153,Alfred,Caldwell,2009-12-01,,Production Technician I,Michael Albert,2275,alfred.caldwell@bilearner.com,BPC,Active,Full-Time,Zone A,Full-Time,Production,Production Operations,1978-03-08,MA,Female,US-MA-02,Other,Married,Exceeds,4
2154,Julianna,Vang,2022-08-08,,Production Technician I,Ibrahim Wolfe,1142,julianna.vang@bilearner.com,CCDR,Active,Full-Time,Zone C,Full-Time,Production,Production Operations,1975-09-08,MA,Male,US-MA-03,Other,Married,Exceeds,5
2155,Arthur,Wilson,2012-02-16,2014-01-18,Production Technician I,Cordell Vazquez,2439,arthur.wilson@bilearner.com,EW,Voluntarily Terminated,Full-Time,Zone C,Full-Time,Production,Production Operations,1976-09-13,MA,Female,US-MA-01,Other,Single,Exceeds,4
2156,Ariel,Osborn,2025-05-19,2026-04-29,Production Technician I,Jonathan Hogland,2292,ariel.osborn@bilearner.com,MSC,Voluntarily Terminated,Full-Time,Zone C,Full-Time,Production,Production Operations,1989-01-29,MA,Female,US-MA-02,Black,Widowed,Exceeds,5
2157,Ansley,Arias,2020-09-20,2021-10-07,Production Technician I,Ally Brennan,2516,ansley.arias@bilearner.com,NEL,Terminated for Cause,Full-Time,Zone C,Full-Time,Production,Production Operations,1980-06-13,MA,Female,US-MA-03,Asian,Married,Exceeds,5
2158,Melany,Stafford,2015-03-27,,Production Technician I,Kyle Ali,2490,melany.stafford@bilearner.com,PL,Active,Full-Time,Zone B,Full-Time,Production,Production Operations,1962-07-07,MA,Female,US-MA-01,White,Married,Exceeds,5
2159,Matias,Burns,2008-12-30,2010-11-05,Production Technician I,Kaylyn Joyce,2419,matias.burns@bilearner.com,PYZ,Voluntarily Terminated,Full-Time,Zone C,Full-Time,Production,Production Operations,1983-05-31,MA,Female,US-MA-02,White,Widowed,Exceeds,4
2160,Aden,George,2023-11-01,2026-06-05,Production Technician I,Ariel Cervantes,2322,aden.george@bilearner.com,SVG,Voluntarily Terminated,Full-Time,Zone C,Full-Time,Production,Production Operations,1988-05-22,MA,Female,US-MA-03,Other,Married,Exceeds,5
2161,Rodolfo,Franklin,2012-04-12,,Production Technician I,Trey Johnston,2506,rodolfo.franklin@bilearner.com,TNS,Active,Contract,Zone B,Temporary,Production,Production Operations,1982-12-30,MA,Female,US-MA-01,Asian,Single,Exceeds,4
2162,Juliet,Wall,2023-08-11,,Production Technician II,Amy Dunn,2277,juliet.wall@bilearner.com,WBL,Active,Full-Time,Zone C,Full-Time,Production,Production Operations,1970-04-05,MA,Female,US-MA-02,Asian,Married,Exceeds,4
2163,London,Contreras,2018-06-04,,Production Technician II,Walter Immediato,2279,london.contreras@bilearner.com,NEL,Active,Full-Time,Zone C,Full-Time,Production,Production Operations,1966-11-19,MA,Female,US-MA-03,White,Married,Exceeds,4
2164,Kyler,Burton,2004-06-22,,Production Technician II,Trey Johnston,2506,kyler.burton@bilearner.com,PL,Active,Full-Time,Zone A,Full-Time,Production,Production Operations,1961-04-12,MA,Female,US-MA-01,Black,Divorced,Exceeds,5
2165,Yasmine,Hughes,2014-11-17,2017-04-18,Production Technician II,Hallie Macias,2337,yasmine.hughes@bilearner.com,BPC,Terminated for Cause,Contract,Zone C,Temporary,Production,Production Operations,1989-04-11,MA,Female,US-MA-02,Asian,Divorced,Exceeds,4
2166,Dillon,Sullivan,2001-07-27,,Production Technician II,Marlon Stanton,2304,dillon.sullivan@bilearner.com,CCDR,Active,Full-Time,Zone A,Full-Time,Production,Production Operations,1978-10-10,MA,Female,US-MA-03,Asian,Widowed,Exceeds,5
2167,Kendrick,Ashley,2010-12-26,2011-12-12,Production Technician II,Terrell Guerra,2395,kendrick.ashley@bilearner.com,SVG,Terminated for Cause,Contract,Zone C,Temporary,Production,Production Operations,1991-11-27,MA,Female,US-MA-01,Hispanic,Divorced,Exceeds,4
2168,Rashad,Mayo,2024-05-12,,Production Technician II,Lillie Leblanc,1274,rashad.mayo@bilearner.com,EW,Active,Full-Time,Zone C,Full-Time,Production,Production Operations,1995-01-16,MA,Female,US-MA-02,Black,Divorced,Exceeds,5
2169,Larissa,Warner,2008-03-24,2008-12-05,Production Technician II,Ariana Strickland,2294,larissa.warner.2169@bilearner.com,MSC,Terminated for Cause,Contract,Zone C,Temporary,Production,Production Operations,1954-09-08,MA,Female,US-MA-03,Black,Widowed,Exceeds,4
2170,Delilah,Cooke,2004-09-17,,Production Technician I,Terrell Guerra,2395,delilah.cooke@bilearner.com,PL,Active,Full-Time,Zone A,Full-Time,Production,Production Operations,1959-12-01,MA,Female,US-MA-01,Black,Widowed,Exceeds,4
2171,Simone,Sharp,2009-11-21,2010-08-26,Production Technician I,Uriel Brennan,2386,simone.sharp@bilearner.com,BPC,Terminated for Cause,Full-Time,Zone C,Full-Time,Production,Production Operations,1973-10-08,MA,Female,US-MA-02,Hispanic,Married,Exceeds,5
2172,Cristofer,Mcbride,2017-10-28,2018-12-06,Production Technician I,Courtney E Wallace,2276,cristofer.mcbride@bilearner.com,CCDR,Voluntarily Terminated,Contract,Zone C,Temporary,Production,Production Operations,1994-06-01,MA,Female,US-MA-03,Other,Single,Exceeds,5
2173,Charlize,Wong,2008-05-20,2021-06-23,Production Technician I,Amy Dunn,2277,charlize.wong@bilearner.com,SVG,Voluntarily Terminated,Part-Time,Zone B,Part-Time,Production,Production Operations,1987-10-04,MA,Female,US-MA-01,Asian,Divorced,Exceeds,5
2174,Adelaide,Herman,2024-04-13,,Production Technician I,Jaydan Hoffman,2317,adelaide.herman@bilearner.com,EW,Active,Part-Time,Zone C,Part-Time,Production,Production Operations,1970-12-29,MA,Female,US-MA-02,Black,Married,Exceeds,4
2175,Kason,Ellison,2020-03-31,2021-05-07,Production Technician I,Jesus Hendricks,2341,kason.ellison@bilearner.com,MSC,Terminated for Cause,Part-Time,Zone C,Part-Time,Production,Production Operations,1987-10-02,MA,Female,US-MA-03,Hispanic,Widowed,Exceeds,4
2176,Tyree,Weaver,2011-04-08,,Production Technician I,Kyle Ali,2490,tyree.weaver@bilearner.com,TNS,Active,Full-Time,Zone A,Full-Time,Production,Production Operations,1988-12-22,MA,Female,US-MA-01,Asian,Married,Exceeds,5
2177,Landen,Figueroa,2011-02-04,,Production Technician I,Kaylyn Joyce,2419,landen.figueroa@bilearner.com,PYZ,Active,Contract,Zone A,Temporary,Production,Production Operations,1963-02-01,MA,Male,US-MA-02,Asian,Single,PIP,1
2178,Francis,Robbins,2012-02-29,,Production Technician I,Brianna Hurley,2471,francis.robbins@bilearner.com,WBL,Active,Full-Time,Zone B,Full-Time,Production,Production Operations,1990-08-30,MA,Female,US-MA-03,Hispanic,Married,PIP,1
2179,Raphael,Solomon,2018-04-16,2018-10-23,Production Technician I,Cordell Vazquez,2439,raphael.solomon@bilearner.com,NEL,Voluntarily Terminated,Full-Time,Zone C,Full-Time,Production,Production Operations,1996-01-04,MA,Female,US-MA-01,Black,Widowed,PIP,1
2180,Zariah,Castaneda,2020-09-12,2024-08-24,Production Technician I,Heath Romero,2381,zariah.castaneda@bilearner.com,PL,Voluntarily Terminated,Contract,Zone C,Temporary,Production,Production Operations,1980-08-10,MA,Female,US-MA-02,Hispanic,Widowed,PIP,1
2181,Trevin,Lambert,2015-09-13,2021-10-10,Production Technician I,Julianne Shaw,2414,trevin.lambert@bilearner.com,BPC,Voluntarily Terminated,Contract,Zone C,Temporary,Production,Production Operations,1991-08-13,MA,Female,US-MA-03,Black,Single,PIP,1
2182,Nathalie,Hays,2015-01-12,,Production Technician I,Hallie Macias,2337,nathalie.hays@bilearner.com,CCDR,Active,Full-Time,Zone B,Full-Time,Production,Production Operations,1992-01-20,MA,Female,US-MA-01,Black,Widowed,Exceeds,5
2183,Bria,Bush,2013-10-22,,Production Technician I,Kyle Ali,2490,bria.bush@bilearner.com,SVG,Active,Contract,Zone B,Temporary,Production,Production Operations,1973-02-27,MA,Female,US-MA-02,White,Divorced,Exceeds,4
2184,Mason,Brewer,2016-01-11,2021-12-01,Production Technician I,Ariana Strickland,2294,mason.brewer@bilearner.com,EW,Terminated for Cause,Contract,Zone C,Temporary,Production,Production Operations,1984-02-20,MA,Female,US-MA-03,Other,Divorced,Exceeds,5
2185,Salvatore,Snyder,2020-12-30,2022-07-12,Production Technician II,Ibrahim Wolfe,1142,salvatore.snyder@bilearner.com,WBL,Retired,Part-Time,Zone C,Part-Time,Production,Production Operations,1959-04-21,MA,Female,US-MA-01,Asian,Single,Exceeds,4
2186,Vivian,Hickman,2012-06-19,2013-12-12,Production Technician II,Rosa Rosales,2451,vivian.hickman@bilearner.com,NEL,Terminated for Cause,Full-Time,Zone C,Full-Time,Production,Production Operations,1974-12-13,MA,Male,US-MA-02,Hispanic,Married,Exceeds,5
2187,Amaris,Kirk,2013-02-04,,Production Technician II,Courtney E Wallace,2276,amaris.kirk@bilearner.com,PL,Active,Full-Time,Zone B,Full-Time,Production,Production Operations,1979-06-25,MA,Female,US-MA-03,Hispanic,Married,Exceeds,4
2188,Grant,York,2021-11-17,2022-07-12,Production Technician II,Emelia Mcintyre,2343,grant.york@bilearner.com,BPC,Terminated for Cause,Contract,Zone C,Temporary,Production,Production Operations,1965-02-21,MA,Female,US-MA-01,Black,Married,Exceeds,5
2189,Tyree,Mahoney,2017-10-06,,Production Technician II,Jesus Hendricks,2341,tyree.mahoney@bilearner.com,CCDR,Active,Contract,Zone C,Temporary,Production,Production Operations,1960-07-23,MA,Female,US-MA-02,White,Divorced,Needs Improvement,2
2190,Kimberly,Horn,2011-03-10,2012-07-10,Production Technician II,Michael Albert,2275,kimberly.horn@bilearner.com,SVG,Voluntarily Terminated,Full-Time,Zone C,Full-Time,Production,Production Operations,1985-01-20,MA,Female,US-MA-03,Asian,Single,Needs Improvement,2
2191,Paul,Moreno,2015-11-07,2017-09-28,Production Technician II,Sawyer Little,2385,paul.moreno@bilearner.com,EW,Terminated for Cause,Full-Time,Zone C,Full-Time,Production,Production Operations,1971-11-19,MA,Female,US-MA-01,Asian,Married,Needs Improvement,2
2192,Macey,Christian,2016-04-23,2017-03-27,Production Technician II,Julianne Shaw,2414,macey.christian@bilearner.com,MSC,Voluntarily Terminated,Full-Time,Zone C,Full-Time,Production,Production Operations,1992-01-07,MA,Female,US-MA-02,Black,Divorced,Needs Improvement,1
2193,Joel,Bowen,2016-04-05,2018-01-13,Production Technician I,Brianna Hurley,2471,joel.bowen@bilearner.com,NEL,Voluntarily Terminated,Full-Time,Zone C,Full-Time,Production,Production Operations,1963-08-01,MA,Male,US-MA-03,White,Married,Needs Improvement,2
2194,Isis,Vega,2020-01-26,,Production Technician I,Rachael Buck,1186,isis.vega@bilearner.com,PL,Active,Full-Time,Zone C,Full-Time,Production,Production Operations,1992-02-18,MA,Female,US-MA-01,Other,Widowed,Needs Improvement,2
2195,Josie,Mercer,2025-05-28,2025-10-13,Production Technician I,Brianna Hurley,2471,josie.mercer@bilearner.com,BPC,Voluntarily Terminated,Full-Time,Zone C,Full-Time,Production,Production Operations,1995-01-25,MA,Female,US-MA-02,Black,Single,Needs Improvement,1
2196,Ellie,Ortega,2021-09-22,2022-08-08,Production Technician I,Danny Thomas,2383,ellie.ortega@bilearner.com,CCDR,Voluntarily Terminated,Full-Time,Zone C,Full-Time,Production,Production Operations,1983-06-25,MA,Male,US-MA-03,White,Single,Needs Improvement,2
2197,Adrien,Maddox,2014-06-27,2015-05-23,Production Technician I,Trey Johnston,2506,adrien.maddox@bilearner.com,SVG,Voluntarily Terminated,Full-Time,Zone C,Full-Time,Production,Production Operations,1983-04-12,MA,Female,US-MA-01,Asian,Divorced,Needs Improvement,1
2198,Landyn,Velez,2017-10-29,2020-03-18,Production Technician I,Nathaly Stuart,2411,landyn.velez@bilearner.com,EW,Voluntarily Terminated,Contract,Zone C,Temporary,Production,Production Operations,1963-07-01,MA,Female,US-MA-02,White,Single,Exceeds,4
2199,Lilly,Haynes,2020-02-21,,Production Technician I,Dane Kelly,1209,lilly.haynes@bilearner.com,MSC,Active,Contract,Zone C,Temporary,Production,Production Operations,1977-07-10,MA,Female,US-MA-03,White,Divorced,Exceeds,4
2200,Bianca,Cardenas,2018-12-08,,Production Technician I,Colby Wolfe,1144,bianca.cardenas@bilearner.com,TNS,Active,Full-Time,Zone C,Full-Time,Production,Production Operations,1963-03-21,MA,Female,US-MA-01,Asian,Single,Exceeds,5
2201,Cayden,Bartlett,2006-08-02,,Production Technician I,Terrell Guerra,2395,cayden.bartlett@bilearner.com,PYZ,Active,Contract,Zone A,Temporary,Production,Production Operations,1986-11-03,MA,Male,US-MA-02,Other,Married,Exceeds,5
2202,Desiree,Walker,2012-05-25,,Production Technician I,Ibrahim Wolfe,1142,desiree.walker@bilearner.com,WBL,Active,Contract,Zone B,Temporary,Production,Production Operations,1969-01-01,MA,Female,US-MA-03,Asian,Married,Exceeds,4
2203,Colton,Le,2024-10-19,2025-03-18,Production Technician I,Jaydan Hoffman,2317,colton.le@bilearner.com,NEL,Voluntarily Terminated,Full-Time,Zone C,Full-Time,Production,Production Operations,1986-04-05,MA,Female,US-MA-01,Asian,Married,Exceeds,5
2204,Leonidas,Bridges,2012-01-04,2012-07-06,Production Technician I,Brianna Hurley,2471,leonidas.bridges@bilearner.com,PL,Voluntarily Terminated,Full-Time,Zone C,Full-Time,Production,Production Operations,1984-10-23,MA,Female,US-MA-02,Other,Divorced,Needs Improvement,2
2205,Gia,Franco,2017-10-28,2019-09-24,Production Technician I,Heath Romero,2381,gia.franco@bilearner.com,BPC,Terminated for Cause,Full-Time,Zone C,Full-Time,Production,Production Operations,1972-03-29,MA,Female,US-MA-03,Black,Divorced,Needs Improvement,2
2206,Audrina,Williams,2021-08-16,,Production Technician I,Callum Mccormick,2454,audrina.williams@bilearner.com,CCDR,Active,Contract,Zone C,Temporary,Production,Production Operations,1990-02-07,MA,Female,US-MA-01,Other,Widowed,Needs Improvement,2
2207,Sam,Knight,2014-09-06,,Production Technician I,Ariana Strickland,2294,sam.knight@bilearner.com,SVG,Active,Full-Time,Zone B,Full-Time,Production,Production Operations,1987-11-21,MA,Female,US-MA-02,Black,Divorced,Needs Improvement,2
2208,Lisa,Galia,2012-04-01,,IT Support,Hadley Nash,2224,lisa.galia@bilearner.com,WBL,Active,Full-Time,Zone B,Full-Time,IT/IS,IT Operations,1981-10-23,CT,Female,US-CT-01,Other,Married,Needs Improvement,1
2209,Rick,Clayton,2014-04-11,,IT Support,Odin Key,2545,rick.clayton@bilearner.com,PYZ,Active,Full-Time,Zone B,Full-Time,IT/IS,IT Operations,1966-03-04,MA,Male,US-MA-03,Black,Widowed,Needs Improvement,2
2210,Julia,Soto,2017-05-13,2018-05-08,IT Support,Kane Mcfarland,2230,julia.soto@bilearner.com,PL,Voluntarily Terminated,Full-Time,Zone C,Full-Time,IT/IS,IT Operations,1965-02-12,MA,Female,US-MA-01,Black,Single,Exceeds,4
2211,Leonara,Lindsay,2021-02-14,,IT Support,Chandler Reynolds,2533,leonara.lindsay@bilearner.com,WBL,Active,Full-Time,Zone C,Full-Time,IT/IS,IT Operations,1971-08-24,CT,Female,US-CT-02,White,Married,Exceeds,4
2212,Savanna,Mayo,2015-12-23,2018-01-15,IT Support,Isla Hawkins,2223,savanna.mayo@bilearner.com,MSC,Voluntarily Terminated,Contract,Zone C,Temporary,IT/IS,IT Operations,1991-05-11,MA,Female,US-MA-02,White,Widowed,Exceeds,5
2213,Branden,Khan,2011-01-17,2013-11-11,IT Support,Peter Monroe,2483,branden.khan@bilearner.com,EW,Terminated for Cause,Full-Time,Zone C,Full-Time,IT/IS,IT Operations,1965-09-03,MA,Female,US-MA-03,Asian,Married,Exceeds,5
2214,Aiden,Wade,2015-12-08,2018-10-21,IT Support,Carla Willis,2251,aiden.wade@bilearner.com,CCDR,Retired,Contract,Zone C,Temporary,IT/IS,IT Operations,1951-10-22,MA,Female,US-MA-01,Black,Married,Exceeds,4
2215,Conrad,Ochoa,2013-01-20,2018-08-20,IT Support,Kenna Porter,1661,conrad.ochoa@bilearner.com,BPC,Terminated for Cause,Full-Time,Zone C,Full-Time,IT/IS,IT Operations,1962-12-17,MA,Female,US-MA-02,Asian,Divorced,Exceeds,4
2216,Jaylyn,Bruce,2020-12-08,,IT Manager - Support,Hadley Nash,2224,jaylyn.bruce@bilearner.com,WBL,Active,Full-Time,Zone B,Full-Time,IT/IS,IT Operations,1972-02-10,MA,Female,US-MA-03,Hispanic,Single,Exceeds,4
2217,Kaylie,Ayers,2020-08-17,2022-01-02,IT Manager - Infra,Titus Lowe,1673,kaylie.ayers@bilearner.com,TNS,Voluntarily Terminated,Full-Time,Zone B,Full-Time,IT/IS,IT Infrastructure,1995-07-21,CT,Female,US-CT-03,Hispanic,Divorced,Exceeds,5
2218,Abdullah,Arellano,2017-03-24,2021-06-01,IT Manager - DB,Kali Yates,2263,abdullah.arellano@bilearner.com,SVG,Voluntarily Terminated,Contract,Zone B,Temporary,IT/IS,Database & Data Platform,1967-11-08,MA,Female,US-MA-01,Asian,Widowed,Exceeds,5
2219,Hazel,Lane,2014-05-10,2015-09-08,IT Support,Kali Yates,2263,hazel.lane@bilearner.com,SVG,Voluntarily Terminated,Full-Time,Zone C,Full-Time,IT/IS,IT Operations,1966-10-25,MA,Female,US-MA-02,Hispanic,Widowed,Exceeds,4
2220,Lilah,Harrison,2022-05-29,,IT Support,Hadley Nash,2224,lilah.harrison@bilearner.com,EW,Active,Full-Time,Zone C,Full-Time,IT/IS,IT Operations,1961-09-03,MA,Female,US-MA-03,Asian,Married,Exceeds,4
2221,Cedric,Sawyer,2011-04-09,,IT Support,Eden Choi,2568,cedric.sawyer@bilearner.com,MSC,Active,Contract,Zone A,Temporary,IT/IS,IT Operations,1990-10-08,MA,Female,US-MA-01,Hispanic,Single,Exceeds,5
2222,Caiden,Lam,2013-07-14,2015-11-21,IT Support,Eden Choi,2568,caiden.lam@bilearner.com,TNS,Terminated for Cause,Full-Time,Zone C,Full-Time,IT/IS,IT Operations,1971-04-04,MA,Female,US-MA-02,Hispanic,Widowed,Exceeds,4
2223,Isla,Hawkins,2015-06-16,,IT Manager - Support,Milo Jensen,2225,isla.hawkins@bilearner.com,BPC,Active,Full-Time,Zone B,Full-Time,IT/IS,IT Operations,1961-12-12,MA,Female,US-MA-03,Asian,Widowed,Exceeds,5
2224,Hadley,Nash,2012-02-14,,IT Manager - Infra,Carla Willis,2251,hadley.nash@bilearner.com,CCDR,Active,Full-Time,Zone B,Full-Time,IT/IS,IT Infrastructure,1964-07-16,CT,Female,US-CT-01,Asian,Divorced,Exceeds,4
2225,Milo,Jensen,2014-09-11,,IT Manager - DB,Kenna Porter,1661,milo.jensen@bilearner.com,EW,Active,Part-Time,Zone B,Part-Time,IT/IS,Database & Data Platform,1971-12-03,MA,Male,US-MA-01,Black,Divorced,Exceeds,4
2226,Zechariah,Strong,2015-04-25,2016-08-22,IT Support,Eden Choi,2568,zechariah.strong@bilearner.com,SVG,Terminated for Cause,Full-Time,Zone C,Full-Time,IT/IS,IT Operations,1960-09-07,MA,Female,US-MA-02,White,Married,Exceeds,4
2227,Raymond,Maldonado,2018-05-15,,IT Support,Leo Cooper,2487,raymond.maldonado@bilearner.com,EW,Active,Full-Time,Zone C,Full-Time,IT/IS,IT Operations,1995-06-05,MA,Female,US-MA-03,Black,Widowed,Needs Improvement,2
2228,Kayley,Romero,2014-02-24,2015-11-09,IT Support,Hadley Nash,2224,kayley.romero@bilearner.com,MSC,Voluntarily Terminated,Full-Time,Zone C,Full-Time,IT/IS,IT Operations,1968-05-25,MA,Female,US-MA-01,White,Divorced,PIP,1
2229,Antonio,Gray,2025-03-13,,IT Support,Jovan Giles,2232,antonio.gray@bilearner.com,TNS,Active,Full-Time,Zone C,Full-Time,IT/IS,IT Operations,1977-10-01,MA,Female,US-MA-02,Asian,Divorced,PIP,1
2230,Kane,Mcfarland,2009-04-22,,IT Manager - Support,Odin Key,2545,kane.mcfarland@bilearner.com,PYZ,Active,Full-Time,Zone A,Full-Time,IT/IS,IT Operations,1972-08-20,CT,Female,US-CT-02,Hispanic,Married,Fully Meets,3
2231,Kylie,Ellis,2023-07-09,,IT Manager - Infra,Deven Huff,2546,kylie.ellis@bilearner.com,WBL,Active,Full-Time,Zone B,Full-Time,IT/IS,IT Infrastructure,1990-04-24,CT,Female,US-CT-03,Other,Single,Fully Meets,3
2232,Jovan,Giles,2016-07-18,,IT Manager - DB,Carla Willis,2251,jovan.giles@bilearner.com,NEL,Active,Full-Time,Zone B,Full-Time,IT/IS,Database & Data Platform,1984-02-13,MA,Male,US-MA-03,Hispanic,Single,Fully Meets,3
2233,Sheldon,Castillo,2012-07-11,,IT Support,Maximilian Williamson,2523,sheldon.castillo@bilearner.com,MSC,Active,Part-Time,Zone B,Part-Time,IT/IS,IT Operations,1977-04-22,MA,Female,US-MA-01,Asian,Single,Fully Meets,4
2234,Ariel,Barnes,2021-10-11,2022-05-14,IT Support,Amina Bush,2514,ariel.barnes@bilearner.com,EW,Terminated for Cause,Contract,Zone C,Temporary,IT/IS,IT Operations,1975-02-26,MA,Female,US-MA-02,Black,Married,Fully Meets,4
2235,Kyson,Grimes,2013-03-10,,IT Support,Eden Choi,2568,kyson.grimes@bilearner.com,CCDR,Active,Full-Time,Zone B,Full-Time,IT/IS,IT Operations,1969-12-25,MA,Female,US-MA-03,Other,Single,Fully Meets,3
2236,Princess,Long,2019-10-15,2021-09-01,IT Support,Vanessa Zuniga,2504,princess.long@bilearner.com,BPC,Voluntarily Terminated,Full-Time,Zone C,Full-Time,IT/IS,IT Operations,1991-06-15,CT,Female,US-CT-01,Hispanic,Widowed,Fully Meets,3
2237,Lyla,Wong,2003-04-27,2005-05-23,IT Manager - Support,Carla Willis,2251,lyla.wong@bilearner.com,WBL,Voluntarily Terminated,Full-Time,Zone B,Full-Time,IT/IS,IT Operations,1975-04-22,CT,Female,US-CT-02,Other,Single,Fully Meets,3
2238,Shyanne,Livingston,2001-10-26,2007-06-28,IT Manager - Infra,Marlon Stanton,2304,shyanne.livingston@bilearner.com,TNS,Voluntarily Terminated,Full-Time,Zone B,Full-Time,IT/IS,IT Infrastructure,1972-01-17,CT,Male,US-CT-03,Hispanic,Widowed,Fully Meets,4
2239,Dario,Whitney,2007-11-10,2009-01-08,IT Manager - DB,Peter Monroe,2483,dario.whitney@bilearner.com,SVG,Voluntarily Terminated,Full-Time,Zone B,Full-Time,IT/IS,Database & Data Platform,1962-12-11,MA,Male,US-MA-01,Asian,Divorced,Fully Meets,3
2240,Pedro,Nelson,2005-12-08,,IT Support,Eden Choi,2568,pedro.nelson@bilearner.com,SVG,Active,Full-Time,Zone A,Full-Time,IT/IS,IT Operations,1983-03-13,MA,Female,US-MA-02,Hispanic,Married,Fully Meets,4
2241,Carlo,Carr,2005-03-09,,IT Support,Peter Monroe,2483,carlo.carr@bilearner.com,EW,Active,Full-Time,Zone A,Full-Time,IT/IS,IT Operations,1981-06-01,MA,Female,US-MA-03,Hispanic,Married,Fully Meets,3
2242,Aileen,Pacheco,2023-10-21,2025-08-11,IT Support,Vanessa Zuniga,2504,aileen.pacheco@bilearner.com,MSC,Voluntarily Terminated,Full-Time,Zone C,Full-Time,IT/IS,IT Operations,1994-03-29,MA,Female,US-MA-01,Hispanic,Married,Fully Meets,3
2243,Dorian,Wu,2021-12-27,2024-07-21,IT Support,Maximilian Williamson,2523,dorian.wu@bilearner.com,TNS,Voluntarily Terminated,Full-Time,Zone C,Full-Time,IT/IS,IT Operations,2000-11-03,CT,Female,US-CT-01,Other,Married,Fully Meets,3
2244,Monica,Pham,2024-10-11,,IT Manager - Support,Odin Key,2545,monica.pham@bilearner.com,PYZ,Active,Full-Time,Zone B,Full-Time,IT/IS,IT Operations,1963-08-01,CT,Female,US-CT-02,Other,Married,Fully Meets,4
2245,Londyn,Underwood,2008-11-24,2011-10-13,IT Manager - Infra,Carla Willis,2251,londyn.underwood@bilearner.com,WBL,Retired,Full-Time,Zone B,Full-Time,IT/IS,IT Infrastructure,1946-09-15,MA,Male,US-MA-02,Black,Divorced,Fully Meets,3
2246,Britney,Logan,2013-09-22,2015-06-02,IT Manager - DB,Kane Mcfarland,2230,britney.logan@bilearner.com,NEL,Voluntarily Terminated,Full-Time,Zone B,Full-Time,IT/IS,Database & Data Platform,1973-11-22,MA,Male,US-MA-03,White,Divorced,Fully Meets,4
2247,Alessandra,Novak,2015-01-20,2015-09-07,IT Support,Leo Cooper,2487,alessandra.novak@bilearner.com,SVG,Voluntarily Terminated,Full-Time,Zone C,Full-Time,IT/IS,IT Operations,1983-04-10,MA,Female,US-MA-01,Hispanic,Widowed,Fully Meets,3
2248,Ariel,Powers,2013-01-21,2014-01-03,IT Support,Hadley Nash,2224,ariel.powers@bilearner.com,EW,Voluntarily Terminated,Part-Time,Zone C,Part-Time,IT/IS,IT Operations,1978-06-21,MA,Female,US-MA-02,Hispanic,Widowed,Fully Meets,4
2249,Jewel,Bryant,2014-01-19,2015-12-09,IT Support,Kali Yates,2263,jewel.bryant@bilearner.com,MSC,Voluntarily Terminated,Contract,Zone C,Temporary,IT/IS,IT Operations,1994-11-07,MA,Female,US-MA-03,Black,Divorced,Fully Meets,3
2250,Irene,Kim,2011-11-24,2013-01-15,IT Support,Maximilian Williamson,2523,irene.kim@bilearner.com,TNS,Voluntarily Terminated,Full-Time,Zone C,Full-Time,IT/IS,IT Operations,1962-09-02,CT,Female,US-CT-03,Asian,Married,Fully Meets,4
2251,Carla,Willis,2002-09-12,,IT Manager - Support,Axel Howe,3456,carla.willis@bilearner.com,PYZ,Active,Full-Time,Zone A,Full-Time,IT/IS,IT Operations,1978-10-03,MA,Female,US-MA-01,Hispanic,Divorced,Fully Meets,3
2252,Ricardo,Fitzgerald,2023-09-27,,IT Manager - Infra,Eden Choi,2568,ricardo.fitzgerald@bilearner.com,WBL,Active,Full-Time,Zone B,Full-Time,IT/IS,IT Infrastructure,1973-11-12,MA,Male,US-MA-02,White,Widowed,Fully Meets,3
2253,Steven,Jarvis,2015-12-10,,IT Support,Maximilian Williamson,2523,steven.jarvis@bilearner.com,PYZ,Active,Full-Time,Zone B,Full-Time,IT/IS,IT Operations,1982-02-05,MA,Female,US-MA-03,Other,Single,Fully Meets,3
2254,Benjamin,Marquez,2016-11-30,,IT Support,Carlos Mccoy,2274,benjamin.marquez@bilearner.com,SVG,Active,Full-Time,Zone C,Full-Time,IT/IS,IT Operations,1957-10-27,MA,Female,US-MA-01,Hispanic,Single,Fully Meets,3
2255,Gabrielle,Mercer,2009-10-24,2014-03-19,IT Support,Peter Monroe,2483,gabrielle.mercer@bilearner.com,TNS,Voluntarily Terminated,Full-Time,Zone C,Full-Time,IT/IS,IT Operations,1990-07-16,MA,Female,US-MA-02,Hispanic,Single,Fully Meets,3
2256,Kaylyn,Pham,2010-02-05,,IT Support,Eden Choi,2568,kaylyn.pham@bilearner.com,WBL,Active,Full-Time,Zone A,Full-Time,IT/IS,IT Operations,1981-12-29,CT,Female,US-CT-01,Asian,Widowed,Fully Meets,3
2257,Ingrid,Lucero,2014-07-26,2019-07-03,IT Manager - Support,Leo Cooper,2487,ingrid.lucero@bilearner.com,WBL,Voluntarily Terminated,Full-Time,Zone B,Full-Time,IT/IS,IT Operations,1988-10-22,MA,Male,US-MA-03,White,Married,Fully Meets,3
2258,Keshawn,Gilmore,2023-03-29,,IT Manager - Infra,Jovan Giles,2232,keshawn.gilmore@bilearner.com,TNS,Active,Full-Time,Zone B,Full-Time,IT/IS,IT Infrastructure,1999-02-20,MA,Male,US-MA-01,White,Widowed,Fully Meets,3
2259,Connor,Wang,2016-06-24,,IT Support,Ashly Mullen,2561,connor.wang@bilearner.com,SVG,Active,Contract,Zone B,Temporary,IT/IS,IT Operations,1961-03-24,MA,Female,US-MA-02,Hispanic,Divorced,Fully Meets,3
2260,Rocco,Vaughan,2008-04-26,2012-07-31,IT Support,Carla Willis,2251,rocco.vaughan@bilearner.com,EW,Voluntarily Terminated,Full-Time,Zone C,Full-Time,IT/IS,IT Operations,1978-02-19,MA,Female,US-MA-03,Hispanic,Widowed,Fully Meets,3
2261,Samuel,Jennings,2002-11-09,,IT Support,Carla Willis,2251,samuel.jennings@bilearner.com,MSC,Active,Full-Time,Zone A,Full-Time,IT/IS,IT Operations,1958-06-01,CT,Female,US-CT-02,Black,Divorced,Fully Meets,3
2262,Shane,Harper,2023-02-19,,IT Support,Brian Champaigne,2484,shane.harper@bilearner.com,TNS,Active,Full-Time,Zone C,Full-Time,IT/IS,IT Operations,1983-11-19,CT,Female,US-CT-03,Other,Divorced,Fully Meets,3
2263,Kali,Yates,2013-12-01,,IT Manager - Support,Ashly Mullen,2561,kali.yates@bilearner.com,PYZ,Active,Contract,Zone B,Temporary,IT/IS,IT Operations,1965-10-09,MA,Male,US-MA-01,Hispanic,Single,Fully Meets,3
2264,Piper,Guzman,2011-05-03,2014-05-22,IT Manager - Infra,Maximilian Williamson,2523,piper.guzman@bilearner.com,WBL,Voluntarily Terminated,Full-Time,Zone B,Full-Time,IT/IS,IT Infrastructure,1979-03-05,MA,Male,US-MA-02,White,Single,Fully Meets,3
2265,Halle,Pena,2012-03-19,,IT Support,Kenna Porter,1661,halle.pena@bilearner.com,SVG,Active,Part-Time,Zone B,Part-Time,IT/IS,IT Operations,1990-01-31,MA,Female,US-MA-03,Hispanic,Single,Fully Meets,3
2266,Jameson,Eaton,2016-10-10,2018-10-03,IT Support,Kenna Porter,1661,jameson.eaton@bilearner.com,EW,Voluntarily Terminated,Part-Time,Zone C,Part-Time,IT/IS,IT Operations,1975-02-10,MA,Female,US-MA-01,Other,Single,Fully Meets,3
2267,Antony,Brandt,2019-04-14,,IT Support,Amina Bush,2514,antony.brandt@bilearner.com,MSC,Active,Full-Time,Zone C,Full-Time,IT/IS,IT Operations,1971-06-18,CT,Female,US-CT-01,Hispanic,Divorced,Fully Meets,3
2268,Armani,Rogers,2007-02-13,2008-12-15,IT Support,Carla Willis,2251,armani.rogers@bilearner.com,TNS,Voluntarily Terminated,Full-Time,Zone C,Full-Time,IT/IS,IT Operations,1963-08-06,CT,Male,US-CT-02,White,Single,Fully Meets,3
2269,Jacoby,Lyons,2010-09-07,2014-05-07,IT Manager - Support,Peter Monroe,2483,jacoby.lyons@bilearner.com,PYZ,Voluntarily Terminated,Full-Time,Zone B,Full-Time,IT/IS,IT Operations,1974-01-15,MA,Male,US-MA-02,Hispanic,Divorced,Fully Meets,3
2270,Dylan,Livingston,2021-08-04,2025-12-16,IT Support,Eden Choi,2568,dylan.livingston@bilearner.com,PYZ,Voluntarily Terminated,Full-Time,Zone C,Full-Time,IT/IS,IT Operations,1986-04-15,MA,Female,US-MA-03,Asian,Single,Fully Meets,3
2271,Raelynn,Compton,2004-04-24,,IT Support,Carla Willis,2251,raelynn.compton@bilearner.com,SVG,Active,Full-Time,Zone A,Full-Time,IT/IS,IT Operations,1964-11-27,MA,Female,US-MA-01,Hispanic,Single,Fully Meets,3
2272,Darryl,Richmond,2019-09-09,2021-03-19,IT Support,Odin Key,2545,darryl.richmond@bilearner.com,TNS,Voluntarily Terminated,Contract,Zone C,Temporary,IT/IS,IT Operations,1987-04-04,CT,Female,US-CT-03,Black,Divorced,Fully Meets,4
2273,Ana,Stafford,2025-05-22,2025-08-15,IT Support,Kylie Ellis,2231,ana.stafford@bilearner.com,WBL,Voluntarily Terminated,Full-Time,Zone C,Full-Time,IT/IS,IT Operations,1973-12-04,CT,Male,US-CT-01,Other,Divorced,Fully Meets,3
2274,Carlos,Mccoy,2013-07-29,,IT Manager - Support,Kane Mcfarland,2230,carlos.mccoy@bilearner.com,BPC,Active,Full-Time,Zone B,Full-Time,IT/IS,IT Operations,1992-11-29,MA,Male,US-MA-02,Other,Widowed,Fully Meets,4
2275,Michael,Albert,2005-05-07,,Production Manager,Trey Johnston,2506,michael.albert@bilearner.com,EW,Active,Full-Time,Zone A,Full-Time,Production,Production Operations,1962-08-06,MA,Male,US-MA-03,Asian,Married,Fully Meets,3
2276,Courtney E,Wallace,2006-05-29,,Production Manager,Julianne Shaw,2414,courtney e.wallace@bilearner.com,TNS,Active,Full-Time,Zone A,Full-Time,Production,Production Operations,1982-11-21,MA,Female,US-MA-01,White,Divorced,Fully Meets,3
2277,Amy,Dunn,2003-09-23,,Production Manager,Trey Johnston,2506,amy.dunn@bilearner.com,CCDR,Active,Full-Time,Zone A,Full-Time,Production,Production Operations,1963-09-29,MA,Female,US-MA-02,Hispanic,Widowed,Fully Meets,3
2278,Kissy,Sullivan,2019-10-14,,Production Manager,Cordell Vazquez,2439,kissy.sullivan@bilearner.com,CCDR,Active,Full-Time,Zone B,Full-Time,Production,Production Operations,1963-05-27,MA,Female,US-MA-03,White,Widowed,Fully Meets,3
2279,Walter,Immediato,2006-01-12,,Production Manager,Terrell Guerra,2395,walter.immediato@bilearner.com,EW,Active,Full-Time,Zone A,Full-Time,Production,Production Operations,1977-02-12,MA,Male,US-MA-01,Other,Divorced,Fully Meets,3
2280,Ebonee,Peterson,2006-12-11,2008-03-30,Production Manager,Uriel Brennan,2386,ebonee.peterson@bilearner.com,PYZ,Voluntarily Terminated,Full-Time,Zone B,Full-Time,Production,Production Operations,1985-03-06,MA,Female,US-MA-02,White,Married,Fully Meets,3
2281,Elijiah,Gray,2014-09-10,,Production Manager,Kyle Ali,2490,elijiah.gray@bilearner.com,PL,Active,Full-Time,Zone B,Full-Time,Production,Production Operations,1978-06-02,MA,Male,US-MA-03,Hispanic,Single,Fully Meets,3
2282,Charles,Bozzi,2016-06-28,,Production Manager,Kaylyn Joyce,2419,charles.bozzi@bilearner.com,PL,Active,Full-Time,Zone B,Full-Time,Production,Production Operations,1967-07-28,MA,Male,US-MA-01,Asian,Single,Fully Meets,4
2283,Sean,Quinn,2012-03-31,2013-04-27,Shared Services Manager,Shyanne Stark,1044,sean.quinn@bilearner.com,WBL,Voluntarily Terminated,Full-Time,Zone B,Full-Time,Admin Offices,Corporate Services,1961-12-17,MA,Male,US-MA-02,White,Single,Fully Meets,3
2284,Jennifer,Zamora,2020-10-27,,CIO,Karley Novak,2347,jennifer.zamora@bilearner.com,EW,Active,Full-Time,Zone A,Full-Time,Executive Office,Technology Leadership,1960-09-23,MA,Female,US-MA-03,Other,Widowed,Fully Meets,3
2285,Webster L,Butler,2013-09-26,,Production Manager,Uriel Brennan,2386,webster l.butler@bilearner.com,BPC,Active,Full-Time,Zone B,Full-Time,Production,Production Operations,1971-05-28,MA,Male,US-MA-01,Other,Single,Fully Meets,3
2286,Brannon,Miller,2021-02-13,2023-08-31,Production Manager,Cesar Hunter,2470,brannon.miller@bilearner.com,NEL,Voluntarily Terminated,Full-Time,Zone B,Full-Time,Production,Production Operations,1981-10-10,MA,Male,US-MA-02,Black,Divorced,Fully Meets,3
2287,Ketsia,Liebig,2011-07-13,2013-10-20,Production Manager,Brycen York,2421,ketsia.liebig@bilearner.com,PYZ,Voluntarily Terminated,Part-Time,Zone B,Part-Time,Production,Production Operations,1961-03-20,MA,Female,US-MA-03,White,Single,Fully Meets,3
2288,Kelley,Spirea,2016-06-21,2017-07-29,Production Manager,Brianna Hurley,2471,kelley.spirea@bilearner.com,NEL,Terminated for Cause,Full-Time,Zone B,Full-Time,Production,Production Operations,1984-09-09,MA,Female,US-MA-01,Black,Divorced,Fully Meets,4
2289,Brandon R,LeBlanc,2019-04-27,,Shared Services Manager,Blaine Brooks,1033,brandon r.leblanc@bilearner.com,BPC,Active,Full-Time,Zone B,Full-Time,Admin Offices,Corporate Services,1962-03-05,MA,Male,US-MA-02,White,Single,Fully Meets,4
2290,Debra,Houlihan,2007-01-08,2009-04-22,Director of Sales,Charlize Ballard,2683,debra.houlihan@bilearner.com,EW,Retired,Full-Time,Zone A,Full-Time,Sales,Sales & Marketing,1942-04-16,RI,Female,US-RI-01,Hispanic,Widowed,Fully Meets,3
2291,Elisa,Bramante,2016-07-03,,Director of Operations,Courtney E Wallace,2276,elisa.bramante@bilearner.com,NEL,Active,Full-Time,Zone A,Full-Time,Production,Production Operations,1985-02-17,MA,Female,US-MA-03,Black,Married,Fully Meets,4
2292,Jonathan,Hogland,2019-11-24,,Production Manager,Danny Thomas,2383,jonathan.hogland@bilearner.com,TNS,Active,Full-Time,Zone B,Full-Time,Production,Production Operations,1963-04-07,MA,Male,US-MA-01,White,Widowed,Fully Meets,3
2293,David,Stanley,2018-11-05,2019-08-17,Production Manager,Uriel Brennan,2386,david.stanley@bilearner.com,CCDR,Voluntarily Terminated,Full-Time,Zone B,Full-Time,Production,Production Operations,1998-04-01,MA,Male,US-MA-02,Other,Single,Fully Meets,4
2294,Ariana,Strickland,2006-04-17,,Production Manager,Michael Albert,2275,ariana.strickland@bilearner.com,PYZ,Active,Full-Time,Zone A,Full-Time,Production,Production Operations,1975-12-03,MA,Male,US-MA-03,Black,Single,Fully Meets,3
2295,Everett,Jordan,2020-09-20,2021-07-02,Production Manager,Nathaly Stuart,2411,everett.jordan@bilearner.com,SVG,Voluntarily Terminated,Full-Time,Zone B,Full-Time,Production,Production Operations,1999-01-25,MA,Female,US-MA-01,Asian,Divorced,Fully Meets,4
2296,Ronnie,Middleton,2022-08-31,,Production Manager,Faith Golden,2318,ronnie.middleton@bilearner.com,TNS,Active,Full-Time,Zone B,Full-Time,Production,Production Operations,1973-04-18,MA,Female,US-MA-02,Hispanic,Divorced,Fully Meets,4
2297,Deandre,Richard,2019-11-06,2021-05-29,Production Manager,Trey Johnston,2506,deandre.richard@bilearner.com,WBL,Retired,Full-Time,Zone B,Full-Time,Production,Production Operations,1958-09-23,MA,Female,US-MA-03,Black,Single,Fully Meets,3
2298,Terry,Gay,2012-10-23,,Production Manager,Amy Dunn,2277,terry.gay@bilearner.com,WBL,Active,Full-Time,Zone B,Full-Time,Production,Production Operations,1958-04-27,MA,Female,US-MA-01,Other,Married,Fully Meets,3
2299,Emiliano,Rich,2013-10-16,2018-01-02,Production Manager,Uriel Brennan,2386,emiliano.rich@bilearner.com,TNS,Terminated for Cause,Full-Time,Zone B,Full-Time,Production,Production Operations,1983-02-03,MA,Female,US-MA-02,Asian,Married,Fully Meets,4
2300,Wesley,Nguyen,2023-07-04,,Production Manager,Terry Gay,2298,wesley.nguyen@bilearner.com,SVG,Active,Full-Time,Zone B,Full-Time,Production,Production Operations,1961-09-05,MA,Female,US-MA-03,Black,Single,Fully Meets,3
2301,Lauren,Keith,2021-11-16,2023-04-14,Production Manager,Cordell Vazquez,2439,lauren.keith@bilearner.com,PYZ,Terminated for Cause,Full-Time,Zone B,Full-Time,Production,Production Operations,1972-07-01,MA,Female,US-MA-01,Asian,Single,Fully Meets,3
2302,Marlene,Rhodes,2014-12-19,2020-04-09,Production Manager,Ally Brennan,2516,marlene.rhodes@bilearner.com,PL,Terminated for Cause,Full-Time,Zone B,Full-Time,Production,Production Operations,1988-11-28,MA,Female,US-MA-02,Hispanic,Married,Fully Meets,4
2303,Penelope,Jordan,2010-04-10,2013-09-15,Production Manager,Teagan Fletcher,2440,penelope.jordan@bilearner.com,NEL,Terminated for Cause,Full-Time,Zone B,Full-Time,Production,Production Operations,1957-12-27,MA,Female,US-MA-03,Black,Divorced,Fully Meets,3
2304,Marlon,Stanton,2001-01-01,,President & CEO,,,marlon.stanton@bilearner.com,MSC,Active,Full-Time,Zone A,Full-Time,Executive Office,Executive Leadership,1960-09-15,MA,Female,US-MA-01,White,Divorced,Fully Meets,3
2305,Rosemary,Thornton,2012-03-24,2016-01-26,Network Engineer,Kenna Porter,1661,rosemary.thornton@bilearner.com,EW,Voluntarily Terminated,Contract,Zone B,Temporary,IT/IS,IT Infrastructure,1970-10-03,MA,Female,US-MA-02,White,Divorced,Fully Meets,3
2306,Ayanna,Lutz,2017-06-09,2017-12-17,Network Engineer,Leo Cooper,2487,ayanna.lutz@bilearner.com,CCDR,Voluntarily Terminated,Full-Time,Zone B,Full-Time,IT/IS,IT Infrastructure,1990-09-05,MA,Male,US-MA-03,Hispanic,Married,Fully Meets,3
2307,Case,Hahn,2023-01-04,,Network Engineer,Chandler Reynolds,2533,case.hahn@bilearner.com,BPC,Active,Full-Time,Zone B,Full-Time,IT/IS,IT Infrastructure,1988-05-05,MA,Male,US-MA-01,Asian,Single,Fully Meets,3
2308,Asia,Rivers,2015-09-06,2017-04-14,Data Analyst,Simon Roup,2481,asia.rivers@bilearner.com,EW,Voluntarily Terminated,Contract,Zone B,Temporary,IT/IS,Data & Analytics,1982-11-25,MA,Male,US-MA-02,Other,Divorced,Fully Meets,3
2309,Alexa,Mercer,2002-10-10,,Data Analyst,Carla Willis,2251,alexa.mercer@bilearner.com,CCDR,Active,Full-Time,Zone A,Full-Time,IT/IS,Data & Analytics,1966-05-25,MA,Male,US-MA-03,Hispanic,Widowed,Fully Meets,3
2310,Jade,Sloan,2025-07-13,,Data Analyst,Carla Willis,2251,jade.sloan@bilearner.com,BPC,Active,Contract,Zone B,Temporary,IT/IS,Data & Analytics,1983-11-21,MA,Male,US-MA-01,Hispanic,Single,Fully Meets,4
2311,Araceli,Castillo,2024-09-01,2025-10-05,Data Analyst,Leo Cooper,2487,araceli.castillo@bilearner.com,PYZ,Voluntarily Terminated,Full-Time,Zone B,Full-Time,IT/IS,Data & Analytics,1971-03-25,MA,Female,US-MA-02,Black,Divorced,Fully Meets,3
2312,Maximilian,Carney,2008-07-20,,Data Analyst,Eden Choi,2568,maximilian.carney@bilearner.com,WBL,Active,Full-Time,Zone A,Full-Time,IT/IS,Data & Analytics,1979-03-15,MA,Male,US-MA-03,Asian,Widowed,Fully Meets,3
2313,Ayanna,Bowman,2025-05-08,,Data Analyst,Maximilian Williamson,2523,ayanna.bowman@bilearner.com,NEL,Active,Contract,Zone B,Temporary,IT/IS,Data & Analytics,2000-10-30,MA,Male,US-MA-01,Asian,Divorced,Fully Meets,4
2314,Lia,Blair,2015-02-24,,Data Analyst,Vanessa Zuniga,2504,lia.blair@bilearner.com,PL,Active,Full-Time,Zone B,Full-Time,IT/IS,Data & Analytics,1961-10-18,MA,Female,US-MA-02,Asian,Married,Fully Meets,3
2315,Marcelo,Flowers,2012-04-06,2014-03-21,Production Manager,Trey Johnston,2506,marcelo.flowers@bilearner.com,CCDR,Voluntarily Terminated,Full-Time,Zone B,Full-Time,Production,Production Operations,1986-02-19,MA,Female,US-MA-03,Other,Married,Fully Meets,3
2316,Antwan,Gay,2024-02-09,,Production Manager,Courtney E Wallace,2276,antwan.gay@bilearner.com,SVG,Active,Full-Time,Zone B,Full-Time,Production,Production Operations,1973-09-29,MA,Male,US-MA-01,Asian,Divorced,Fully Meets,3
2317,Jaydan,Hoffman,2020-01-16,,Production Manager,Hallie Macias,2337,jaydan.hoffman@bilearner.com,EW,Active,Full-Time,Zone B,Full-Time,Production,Production Operations,1987-08-04,MA,Female,US-MA-02,Black,Single,Fully Meets,3
2318,Faith,Golden,2010-03-10,,Production Manager,Ariel Cervantes,2322,faith.golden@bilearner.com,MSC,Active,Part-Time,Zone A,Part-Time,Production,Production Operations,1962-01-27,MA,Female,US-MA-03,White,Widowed,Fully Meets,3
2319,Kaylee,Harvey,2011-01-31,2012-12-30,Production Manager,Leticia Parks,2378,kaylee.harvey@bilearner.com,TNS,Voluntarily Terminated,Full-Time,Zone B,Full-Time,Production,Production Operations,1983-02-18,MA,Female,US-MA-01,White,Widowed,Fully Meets,4
2320,Kristen,Peters,2021-04-04,2025-11-26,Production Manager,Danny Thomas,2383,kristen.peters@bilearner.com,PYZ,Voluntarily Terminated,Full-Time,Zone B,Full-Time,Production,Production Operations,1964-09-09,MA,Female,US-MA-02,White,Single,Fully Meets,3
2321,Hadassah,Gallegos,2026-06-06,2026-06-21,Production Manager,Milagros Jimenez,2364,hadassah.gallegos@bilearner.com,WBL,Voluntarily Terminated,Full-Time,Zone B,Full-Time,Production,Production Operations,2000-07-08,MA,Female,US-MA-03,Black,Divorced,Fully Meets,3
2322,Ariel,Cervantes,2002-10-27,,Production Manager,David Kirk,2729,ariel.cervantes@bilearner.com,NEL,Active,Contract,Zone A,Temporary,Production,Production Operations,1963-04-27,MA,Female,US-MA-01,Asian,Divorced,Fully Meets,3
2323,Aubree,Villanueva,2024-12-14,2025-07-09,Production Manager,Jesus Hendricks,2341,aubree.villanueva@bilearner.com,PL,Retired,Full-Time,Zone B,Full-Time,Production,Production Operations,1959-07-05,MA,Female,US-MA-02,Asian,Divorced,Fully Meets,3
2324,Aspen,Dixon,2016-03-28,2018-02-14,Production Manager,Terry Gay,2298,aspen.dixon@bilearner.com,BPC,Terminated for Cause,Full-Time,Zone B,Full-Time,Production,Production Operations,1996-07-17,MA,Female,US-MA-03,Black,Widowed,Fully Meets,3
2325,Keenan,Jensen,2020-08-12,,Production Manager,Heath Romero,2381,keenan.jensen@bilearner.com,CCDR,Active,Full-Time,Zone B,Full-Time,Production,Production Operations,1999-10-20,MA,Female,US-MA-01,Asian,Divorced,Fully Meets,3
2326,Malakai,Whitehead,2014-03-12,,President & CEO,Camden Mcclure,2441,malakai.whitehead@bilearner.com,SVG,Active,Full-Time,Zone A,Full-Time,Executive Office,Executive Leadership,1970-07-23,MA,Female,US-MA-02,Black,Single,Fully Meets,3
2327,Parker,Cunningham,2012-04-02,,Network Engineer,Leo Cooper,2487,parker.cunningham@bilearner.com,EW,Active,Full-Time,Zone B,Full-Time,IT/IS,IT Infrastructure,1971-11-27,MA,Male,US-MA-03,Black,Married,Fully Meets,3
2328,Kadyn,Herring,2015-01-21,,Network Engineer,Hadley Nash,2224,kadyn.herring@bilearner.com,MSC,Active,Full-Time,Zone B,Full-Time,IT/IS,IT Infrastructure,1980-05-26,MA,Male,US-MA-01,Asian,Divorced,Fully Meets,3
2329,Aubree,Anderson,2008-04-07,2010-06-06,Network Engineer,Peter Monroe,2483,aubree.anderson@bilearner.com,TNS,Terminated for Cause,Contract,Zone B,Temporary,IT/IS,IT Infrastructure,1962-10-26,MA,Male,US-MA-02,Asian,Single,Fully Meets,3
2330,John,Forbes,2018-01-14,,Data Analyst,Carlos Mccoy,2274,john.forbes@bilearner.com,SVG,Active,Contract,Zone B,Temporary,IT/IS,Data & Analytics,1957-12-13,MA,Male,US-MA-03,Other,Married,Fully Meets,3
2331,Violet,Willis,2011-08-10,2015-11-19,Data Analyst,Carla Willis,2251,violet.willis@bilearner.com,TNS,Retired,Full-Time,Zone B,Full-Time,IT/IS,Data & Analytics,1952-02-14,MA,Male,US-MA-01,Black,Divorced,Fully Meets,3
2332,Jaime,Austin,2019-01-04,2020-05-16,Data Analyst,Carlos Mccoy,2274,jaime.austin@bilearner.com,WBL,Voluntarily Terminated,Full-Time,Zone B,Full-Time,IT/IS,Data & Analytics,1971-08-21,MA,Male,US-MA-02,White,Widowed,Fully Meets,3
2333,Natalee,Lane,2022-09-27,,Data Analyst,Ashly Mullen,2561,natalee.lane@bilearner.com,BPC,Active,Full-Time,Zone B,Full-Time,IT/IS,Data & Analytics,1963-03-31,MA,Female,US-MA-03,Asian,Divorced,Fully Meets,3
2334,Iris,Preston,2009-08-16,2019-12-12,Data Analyst,Maximilian Williamson,2523,iris.preston@bilearner.com,CCDR,Voluntarily Terminated,Full-Time,Zone B,Full-Time,IT/IS,Data & Analytics,1983-02-19,MA,Male,US-MA-01,Asian,Single,Fully Meets,3
2335,Magdalena,Fischer,2003-04-09,,Data Analyst,Carla Willis,2251,magdalena.fischer@bilearner.com,EW,Active,Full-Time,Zone A,Full-Time,IT/IS,Data & Analytics,1978-03-12,MA,Male,US-MA-02,White,Divorced,Fully Meets,3
2336,Walter,Dominguez,2012-08-11,,Production Manager,Kaylyn Joyce,2419,walter.dominguez@bilearner.com,CCDR,Active,Full-Time,Zone B,Full-Time,Production,Production Operations,1984-05-06,MA,Female,US-MA-03,Other,Single,Fully Meets,3
2337,Hallie,Macias,2014-09-18,,Production Manager,Michael Albert,2275,hallie.macias@bilearner.com,SVG,Active,Full-Time,Zone B,Full-Time,Production,Production Operations,1989-01-25,MA,Male,US-MA-01,Other,Single,Fully Meets,3
2338,Ivan,Hull,2021-07-04,2022-06-12,Production Manager,Rigoberto Townsend,1187,ivan.hull@bilearner.com,EW,Voluntarily Terminated,Full-Time,Zone B,Full-Time,Production,Production Operations,1971-08-06,MA,Female,US-MA-02,Other,Married,Fully Meets,3
2339,India,Kemp,2020-07-13,2021-11-23,Production Manager,Colt Archer,1231,india.kemp@bilearner.com,MSC,Voluntarily Terminated,Full-Time,Zone B,Full-Time,Production,Production Operations,1972-08-06,MA,Female,US-MA-03,Black,Married,Fully Meets,3
2340,Alice,Dudley,2010-02-26,2014-08-20,Production Manager,Teagan Fletcher,2440,alice.dudley@bilearner.com,TNS,Voluntarily Terminated,Full-Time,Zone B,Full-Time,Production,Production Operations,1963-05-11,MA,Female,US-MA-01,White,Single,Fully Meets,3
2341,Jesus,Hendricks,2013-03-28,,Production Manager,Ava Chan,2463,jesus.hendricks@bilearner.com,PYZ,Active,Full-Time,Zone B,Full-Time,Production,Production Operations,1984-11-02,MA,Female,US-MA-02,Hispanic,Divorced,Fully Meets,3
2342,Eli,Owens,2017-01-13,,Production Manager,Charles Bozzi,2282,eli.owens@bilearner.com,WBL,Active,Full-Time,Zone B,Full-Time,Production,Production Operations,1967-05-14,MA,Female,US-MA-03,Other,Single,Fully Meets,4
2343,Emelia,Mcintyre,2016-10-19,,Production Manager,Ariana Strickland,2294,emelia.mcintyre@bilearner.com,NEL,Active,Full-Time,Zone B,Full-Time,Production,Production Operations,1998-10-17,MA,Female,US-MA-01,Hispanic,Single,Fully Meets,3
2344,Jaden,Bates,2021-02-21,2022-08-22,Production Manager,Humberto Rocha,2438,jaden.bates@bilearner.com,PL,Voluntarily Terminated,Full-Time,Zone B,Full-Time,Production,Production Operations,1991-08-23,MA,Female,US-MA-02,Other,Divorced,Fully Meets,3
2345,Nyla,Schwartz,2017-06-25,2021-01-10,Production Manager,Milagros Jimenez,2364,nyla.schwartz@bilearner.com,BPC,Terminated for Cause,Full-Time,Zone B,Full-Time,Production,Production Operations,1971-01-10,MA,Female,US-MA-03,Hispanic,Married,Fully Meets,3
2346,Taryn,Black,2025-01-09,,Production Manager,Danny Thomas,2383,taryn.black@bilearner.com,CCDR,Active,Full-Time,Zone B,Full-Time,Production,Production Operations,1984-02-28,MA,Female,US-MA-01,Hispanic,Widowed,Fully Meets,3
2347,Karley,Novak,2018-02-03,,President & CEO,Malakai Whitehead,2326,karley.novak@bilearner.com,SVG,Active,Full-Time,Zone A,Full-Time,Executive Office,Executive Leadership,1977-11-07,MA,Female,US-MA-02,White,Single,Fully Meets,3
2348,Payten,Harvey,2021-12-03,,Network Engineer,Jaylyn Bruce,2216,payten.harvey@bilearner.com,EW,Active,Full-Time,Zone B,Full-Time,IT/IS,IT Infrastructure,1976-02-21,MA,Male,US-MA-03,Asian,Single,Fully Meets,3
2349,Reagan,Atkinson,2021-11-29,2025-08-28,Network Engineer,Carla Willis,2251,reagan.atkinson@bilearner.com,MSC,Voluntarily Terminated,Full-Time,Zone B,Full-Time,IT/IS,IT Infrastructure,1981-04-17,MA,Male,US-MA-01,Black,Widowed,Fully Meets,3
2350,Rey,Werner,2012-12-09,,Network Engineer,Carla Willis,2251,rey.werner@bilearner.com,TNS,Active,Full-Time,Zone B,Full-Time,IT/IS,IT Infrastructure,1973-04-24,MA,Male,US-MA-02,Black,Divorced,Fully Meets,3
2351,Kendall,Mcintyre,2002-12-05,2006-03-11,Data Analyst,Carla Willis,2251,kendall.mcintyre@bilearner.com,EW,Retired,Full-Time,Zone B,Full-Time,IT/IS,Data & Analytics,1943-02-27,MA,Male,US-MA-03,Hispanic,Widowed,Fully Meets,3
2352,Anahi,Frye,2020-12-04,2023-09-18,Data Analyst,Carla Willis,2251,anahi.frye@bilearner.com,MSC,Terminated for Cause,Full-Time,Zone B,Full-Time,IT/IS,Data & Analytics,1993-12-31,MA,Male,US-MA-01,White,Widowed,Fully Meets,3
2353,Dalia,Booth,2012-01-23,,Data Analyst,Peter Monroe,2483,dalia.booth@bilearner.com,TNS,Active,Full-Time,Zone B,Full-Time,IT/IS,Data & Analytics,1965-02-03,MA,Female,US-MA-02,Hispanic,Married,Fully Meets,4
2354,Charlee,Navarro,2016-01-25,2016-12-10,Data Analyst,Kali Yates,2263,charlee.navarro@bilearner.com,PYZ,Terminated for Cause,Full-Time,Zone B,Full-Time,IT/IS,Data & Analytics,1971-09-02,MA,Female,US-MA-03,White,Divorced,Fully Meets,3
2355,Karter,Perry,2017-04-28,2018-07-14,Data Analyst,Jovan Giles,2232,karter.perry@bilearner.com,WBL,Voluntarily Terminated,Full-Time,Zone B,Full-Time,IT/IS,Data & Analytics,1966-06-08,MA,Male,US-MA-01,Asian,Single,Fully Meets,3
2356,Sariah,Little,2013-09-09,2015-11-11,Data Analyst,Odin Key,2545,sariah.little@bilearner.com,NEL,Retired,Full-Time,Zone B,Full-Time,IT/IS,Data & Analytics,1955-07-14,MA,Male,US-MA-02,Black,Single,Fully Meets,3
2357,Antoine,Murray,2023-03-10,2026-01-28,Production Manager,Leland Chang,2416,antoine.murray@bilearner.com,PL,Terminated for Cause,Full-Time,Zone B,Full-Time,Production,Production Operations,1968-01-10,MA,Female,US-MA-03,Black,Married,Fully Meets,4
2358,Summer,Huang,2010-06-28,2017-06-26,Production Manager,Sawyer Little,2385,summer.huang@bilearner.com,PYZ,Voluntarily Terminated,Full-Time,Zone B,Full-Time,Production,Production Operations,1987-10-15,MA,Male,US-MA-01,Black,Married,Fully Meets,3
2359,Jaylyn,Contreras,2018-07-09,2024-04-14,Production Manager,Walter Immediato,2279,jaylyn.contreras@bilearner.com,SVG,Voluntarily Terminated,Full-Time,Zone B,Full-Time,Production,Production Operations,1996-07-01,MA,Female,US-MA-02,Other,Married,Fully Meets,3
2360,Brenna,York,2022-11-14,2025-05-29,Production Manager,Humberto Rocha,2438,brenna.york@bilearner.com,TNS,Voluntarily Terminated,Full-Time,Zone B,Full-Time,Production,Production Operations,1990-10-06,MA,Female,US-MA-03,Asian,Widowed,Fully Meets,3
2361,Braden,Wiggins,2019-05-08,2021-06-18,Production Manager,Ava Chan,2463,braden.wiggins@bilearner.com,WBL,Voluntarily Terminated,Full-Time,Zone B,Full-Time,Production,Production Operations,1996-12-05,MA,Female,US-MA-01,Asian,Divorced,Fully Meets,3
2362,Nola,Bullock,2013-07-24,2016-12-26,Production Manager,Ally Brennan,2516,nola.bullock@bilearner.com,BPC,Voluntarily Terminated,Full-Time,Zone B,Full-Time,Production,Production Operations,1974-05-06,MA,Female,US-MA-02,Asian,Married,Fully Meets,3
2363,Kaleigh,Keller,2019-01-28,2020-08-22,Production Manager,Cordell Vazquez,2439,kaleigh.keller@bilearner.com,CCDR,Voluntarily Terminated,Full-Time,Zone B,Full-Time,Production,Production Operations,1983-02-17,MA,Female,US-MA-03,Hispanic,Widowed,Fully Meets,4
2364,Milagros,Jimenez,2016-04-13,,Production Manager,Walter Dominguez,2336,milagros.jimenez@bilearner.com,EW,Active,Full-Time,Zone B,Full-Time,Production,Production Operations,1960-08-24,MA,Male,US-MA-01,Black,Widowed,Fully Meets,3
2365,Timothy,Goodwin,2021-06-15,2022-06-03,Production Manager,Jakob Luna,2455,timothy.goodwin@bilearner.com,MSC,Retired,Full-Time,Zone B,Full-Time,Production,Production Operations,1953-08-25,MA,Female,US-MA-02,Black,Married,Fully Meets,3
2366,Reese,Kennedy,2018-01-26,2021-01-11,Production Manager,Kaylyn Joyce,2419,reese.kennedy@bilearner.com,NEL,Retired,Full-Time,Zone B,Full-Time,Production,Production Operations,1954-03-26,MA,Female,US-MA-03,Asian,Divorced,Fully Meets,3
2367,Mariam,Doyle,2009-03-20,2009-11-29,Production Manager,Courtney E Wallace,2276,mariam.doyle@bilearner.com,PL,Voluntarily Terminated,Full-Time,Zone B,Full-Time,Production,Production Operations,1959-07-29,MA,Female,US-MA-01,Hispanic,Widowed,Fully Meets,3
2368,Clinton,Brennan,2015-04-25,2018-04-29,President & CEO,Marlon Stanton,2304,clinton.brennan@bilearner.com,PYZ,Retired,Full-Time,Zone A,Full-Time,Executive Office,Executive Leadership,1950-03-31,MA,Female,US-MA-02,White,Single,Fully Meets,3
2369,Maximilian,Moyer,2013-05-10,2015-09-06,Network Engineer,Kenna Porter,1661,maximilian.moyer@bilearner.com,SVG,Voluntarily Terminated,Full-Time,Zone B,Full-Time,IT/IS,IT Infrastructure,1987-09-16,MA,Male,US-MA-03,Other,Divorced,Fully Meets,4
2370,Salvador,Robinson,2005-09-21,2007-08-13,Network Engineer,Carla Willis,2251,salvador.robinson@bilearner.com,TNS,Voluntarily Terminated,Full-Time,Zone B,Full-Time,IT/IS,IT Infrastructure,1952-01-31,MA,Male,US-MA-01,Other,Widowed,Fully Meets,3
2371,Ahmed,Mcmahon,2020-11-16,,Data Analyst,Titus Lowe,1673,ahmed.mcmahon@bilearner.com,EW,Active,Contract,Zone B,Temporary,IT/IS,Data & Analytics,2000-05-30,MA,Male,US-MA-02,White,Married,Fully Meets,3
2372,Junior,York,2010-04-22,2011-02-25,Data Analyst,Kane Mcfarland,2230,junior.york@bilearner.com,CCDR,Voluntarily Terminated,Full-Time,Zone B,Full-Time,IT/IS,Data & Analytics,1992-03-10,MA,Female,US-MA-03,Hispanic,Single,Fully Meets,3
2373,Marilyn,Wiley,2010-09-18,2012-09-02,Data Analyst,Carla Willis,2251,marilyn.wiley@bilearner.com,BPC,Voluntarily Terminated,Full-Time,Zone B,Full-Time,IT/IS,Data & Analytics,1982-10-22,MA,Female,US-MA-01,Other,Divorced,Fully Meets,3
2374,Selena,Hebert,2007-07-14,2009-08-22,Data Analyst,Peter Monroe,2483,selena.hebert@bilearner.com,WBL,Voluntarily Terminated,Full-Time,Zone B,Full-Time,IT/IS,Data & Analytics,1962-08-09,MA,Female,US-MA-02,Asian,Divorced,Fully Meets,3
2375,Selena,Adkins,2023-11-11,,Data Analyst,Jason Foss,2480,selena.adkins@bilearner.com,TNS,Active,Full-Time,Zone B,Full-Time,IT/IS,Data & Analytics,1958-11-02,MA,Male,US-MA-03,Black,Single,Fully Meets,4
2376,Erica,Sloan,2025-06-08,2026-01-03,Production Manager,Lillie Leblanc,1274,erica.sloan@bilearner.com,CCDR,Voluntarily Terminated,Full-Time,Zone B,Full-Time,Production,Production Operations,1983-10-10,MA,Female,US-MA-01,Asian,Divorced,Fully Meets,3
2377,Payton,Nolan,2014-01-31,,Production Manager,Trey Johnston,2506,payton.nolan@bilearner.com,SVG,Active,Full-Time,Zone B,Full-Time,Production,Production Operations,1960-06-14,MA,Male,US-MA-02,White,Single,Fully Meets,3
2378,Leticia,Parks,2006-03-01,,Production Manager,Amy Dunn,2277,leticia.parks@bilearner.com,EW,Active,Full-Time,Zone A,Full-Time,Production,Production Operations,1959-07-24,MA,Female,US-MA-03,Other,Married,Fully Meets,3
2379,Carolyn,Sosa,2015-09-04,2019-02-06,Production Manager,Trey Johnston,2506,carolyn.sosa@bilearner.com,MSC,Voluntarily Terminated,Full-Time,Zone B,Full-Time,Production,Production Operations,1991-12-22,MA,Female,US-MA-01,Asian,Divorced,Fully Meets,3
2380,German,Higgins,2013-08-24,2019-03-31,Production Manager,Brycen York,2421,german.higgins@bilearner.com,TNS,Voluntarily Terminated,Full-Time,Zone B,Full-Time,Production,Production Operations,1956-12-19,MA,Female,US-MA-02,Other,Married,Fully Meets,3
2381,Heath,Romero,2016-11-19,,Production Manager,Milagros Jimenez,2364,heath.romero@bilearner.com,PYZ,Active,Full-Time,Zone B,Full-Time,Production,Production Operations,1988-04-08,MA,Female,US-MA-03,Other,Divorced,Fully Meets,3
2382,Davion,Friedman,2006-06-21,2008-05-28,Production Manager,Teagan Fletcher,2440,davion.friedman@bilearner.com,WBL,Retired,Contract,Zone B,Temporary,Production,Production Operations,1943-12-10,MA,Male,US-MA-01,Asian,Single,Fully Meets,3
2383,Danny,Thomas,2019-05-15,,Production Manager,Elisa Bramante,2291,danny.thomas@bilearner.com,NEL,Active,Full-Time,Zone B,Full-Time,Production,Production Operations,1973-04-08,MA,Male,US-MA-02,Asian,Widowed,Fully Meets,3
2384,Matthias,Dunlap,2017-06-20,2018-08-15,Production Manager,Abbigail Cameron,1232,matthias.dunlap@bilearner.com,PL,Terminated for Cause,Full-Time,Zone B,Full-Time,Production,Production Operations,1979-09-11,MA,Female,US-MA-03,Hispanic,Married,Fully Meets,3
2385,Sawyer,Little,2009-09-17,,Production Manager,Leticia Parks,2378,sawyer.little@bilearner.com,BPC,Active,Full-Time,Zone A,Full-Time,Production,Production Operations,1978-09-05,MA,Female,US-MA-01,Asian,Single,Fully Meets,3
2386,Uriel,Brennan,2004-09-01,,Production Manager,Trey Johnston,2506,uriel.brennan@bilearner.com,CCDR,Active,Full-Time,Zone A,Full-Time,Production,Production Operations,1975-12-25,MA,Female,US-MA-02,Black,Widowed,Fully Meets,3
2387,Gretchen,Richards,2012-09-15,2014-04-04,President & CEO,Yael Garcia,2423,gretchen.richards@bilearner.com,SVG,Voluntarily Terminated,Full-Time,Zone A,Full-Time,Executive Office,Executive Leadership,1994-05-28,MA,Male,US-MA-03,Hispanic,Widowed,Fully Meets,3
2388,Madden,Roman,2023-04-04,,Network Engineer,Vanessa Zuniga,2504,madden.roman@bilearner.com,EW,Active,Full-Time,Zone B,Full-Time,IT/IS,IT Infrastructure,1988-02-19,MA,Male,US-MA-01,Other,Single,Fully Meets,4
2389,Keshawn,Singh,2016-12-30,2025-08-09,Data Analyst,Kali Yates,2263,keshawn.singh@bilearner.com,EW,Voluntarily Terminated,Full-Time,Zone B,Full-Time,IT/IS,Data & Analytics,1976-05-22,MA,Male,US-MA-02,White,Widowed,Fully Meets,3
2390,Barrett,Obrien,2023-09-14,2025-12-07,Data Analyst,Amina Bush,2514,barrett.obrien@bilearner.com,MSC,Terminated for Cause,Part-Time,Zone B,Part-Time,IT/IS,Data & Analytics,1968-05-15,MA,Female,US-MA-03,Asian,Divorced,Fully Meets,4
2391,Gisselle,Villanueva,2010-10-09,2015-11-06,Data Analyst,Odin Key,2545,gisselle.villanueva@bilearner.com,TNS,Voluntarily Terminated,Contract,Zone B,Temporary,IT/IS,Data & Analytics,1964-02-11,MA,Female,US-MA-01,Asian,Widowed,Fully Meets,3
2392,Demetrius,Mendez,2026-06-08,,Data Analyst,Isla Hawkins,2223,demetrius.mendez@bilearner.com,BPC,Active,Contract,Zone B,Temporary,IT/IS,Data & Analytics,1996-02-06,MA,Male,US-MA-02,Black,Single,Fully Meets,3
2393,Rhett,Holmes,2022-05-03,2022-11-28,Production Manager,Leland Chang,2416,rhett.holmes@bilearner.com,NEL,Voluntarily Terminated,Full-Time,Zone B,Full-Time,Production,Production Operations,1993-09-04,MA,Female,US-MA-03,Other,Widowed,Fully Meets,3
2394,Harold,David,2004-01-24,2005-12-08,Production Manager,Ariel Cervantes,2322,harold.david@bilearner.com,PL,Voluntarily Terminated,Full-Time,Zone B,Full-Time,Production,Production Operations,1980-09-17,MA,Male,US-MA-01,White,Single,Fully Meets,3
2395,Terrell,Guerra,2004-08-16,,Production Manager,Teagan Fletcher,2440,terrell.guerra@bilearner.com,PYZ,Active,Full-Time,Zone A,Full-Time,Production,Production Operations,1983-06-24,MA,Male,US-MA-02,Black,Divorced,Fully Meets,3
2396,Reginald,Klein,2005-07-11,2007-09-05,Production Manager,Amy Dunn,2277,reginald.klein@bilearner.com,SVG,Voluntarily Terminated,Full-Time,Zone B,Full-Time,Production,Production Operations,1960-07-18,MA,Female,US-MA-03,Other,Single,Fully Meets,3
2397,Marcos,Sloan,2025-12-20,2026-03-11,Production Manager,Antwan Gay,2316,marcos.sloan@bilearner.com,TNS,Voluntarily Terminated,Full-Time,Zone B,Full-Time,Production,Production Operations,1990-08-22,MA,Female,US-MA-01,Other,Widowed,Fully Meets,3
2398,Davion,Hahn,2006-12-05,2007-11-05,Production Manager,Michael Albert,2275,davion.hahn@bilearner.com,WBL,Voluntarily Terminated,Full-Time,Zone B,Full-Time,Production,Production Operations,1959-06-11,MA,Female,US-MA-02,White,Widowed,Fully Meets,4
2399,Brice,Phillips,2026-06-15,2026-06-21,Production Manager,Elisa Bramante,2291,brice.phillips@bilearner.com,PYZ,Retired,Full-Time,Zone B,Full-Time,Production,Production Operations,1958-06-13,MA,Male,US-MA-03,White,Married,Fully Meets,3
2400,Alvaro,Le,2023-06-12,,Production Manager,Brianna Hurley,2471,alvaro.le@bilearner.com,WBL,Active,Full-Time,Zone B,Full-Time,Production,Production Operations,1961-06-12,MA,Male,US-MA-01,Black,Married,Fully Meets,3
2401,Darien,Young,2010-01-31,2014-09-24,Production Manager,Walter Immediato,2279,darien.young.2401@bilearner.com,NEL,Terminated for Cause,Full-Time,Zone B,Full-Time,Production,Production Operations,1976-06-27,MA,Female,US-MA-02,Asian,Divorced,Fully Meets,3
2402,Hayley,Chung,2025-02-12,2025-08-23,Production Manager,Amy Dunn,2277,hayley.chung@bilearner.com,PL,Terminated for Cause,Full-Time,Zone B,Full-Time,Production,Production Operations,1985-09-19,MA,Female,US-MA-03,Black,Widowed,Fully Meets,3
2403,Ellis,Maldonado,2016-01-04,2018-05-26,Production Manager,Braden Nicholson,2478,ellis.maldonado@bilearner.com,BPC,Voluntarily Terminated,Full-Time,Zone B,Full-Time,Production,Production Operations,1958-03-22,MA,Female,US-MA-01,Hispanic,Married,Fully Meets,4
2404,Alena,Ibarra,2026-04-03,2026-06-28,Production Manager,Rachael Buck,1186,alena.ibarra@bilearner.com,CCDR,Retired,Full-Time,Zone B,Full-Time,Production,Production Operations,1967-05-05,MA,Female,US-MA-02,White,Divorced,Fully Meets,3
2405,Emily,Davidson,2007-09-12,2013-03-18,President & CEO,Marlon Stanton,2304,emily.davidson@bilearner.com,SVG,Voluntarily Terminated,Contract,Zone A,Temporary,Executive Office,Executive Leadership,1950-04-06,MA,Male,US-MA-03,White,Divorced,Fully Meets,3
2406,Nickolas,Stephens,2003-12-27,,Network Engineer,Carla Willis,2251,nickolas.stephens@bilearner.com,EW,Active,Full-Time,Zone A,Full-Time,IT/IS,IT Infrastructure,1971-03-25,MA,Male,US-MA-01,Black,Widowed,Fully Meets,3
2407,Lamont,Prince,2025-03-27,2025-08-30,Data Analyst,Kenny Rojas,2563,lamont.prince@bilearner.com,EW,Voluntarily Terminated,Full-Time,Zone B,Full-Time,IT/IS,Data & Analytics,2001-11-17,MA,Male,US-MA-02,Other,Widowed,Fully Meets,3
2408,Gunner,Boone,2017-12-21,,Data Analyst,Kali Yates,2263,gunner.boone@bilearner.com,MSC,Active,Full-Time,Zone B,Full-Time,IT/IS,Data & Analytics,1962-01-10,MA,Female,US-MA-03,Black,Divorced,Fully Meets,4
2409,Kaitlin,Cooke,2018-04-04,,Data Analyst,Ashly Mullen,2561,kaitlin.cooke@bilearner.com,TNS,Active,Full-Time,Zone B,Full-Time,IT/IS,Data & Analytics,1996-10-30,MA,Female,US-MA-01,White,Single,Fully Meets,3
2410,Sam,Gross,2022-09-13,,Data Analyst,Eden Choi,2568,sam.gross@bilearner.com,PYZ,Active,Full-Time,Zone B,Full-Time,IT/IS,Data & Analytics,1957-11-19,MA,Male,US-MA-02,White,Divorced,Fully Meets,3
2411,Nathaly,Stuart,2014-12-25,,Production Manager,Milagros Foley,1185,nathaly.stuart@bilearner.com,NEL,Active,Full-Time,Zone B,Full-Time,Production,Production Operations,1994-07-16,MA,Female,US-MA-03,Black,Widowed,Fully Meets,3
2412,Frankie,Yang,2009-01-19,2009-09-15,Production Manager,Courtney E Wallace,2276,frankie.yang@bilearner.com,PL,Voluntarily Terminated,Full-Time,Zone B,Full-Time,Production,Production Operations,1971-08-16,MA,Male,US-MA-01,White,Widowed,Fully Meets,3
2413,Alexus,Greer,2013-05-21,2015-01-06,Production Manager,Kyle Ali,2490,alexus.greer@bilearner.com,PYZ,Voluntarily Terminated,Full-Time,Zone B,Full-Time,Production,Production Operations,1983-08-19,MA,Female,US-MA-02,White,Single,Fully Meets,4
2414,Julianne,Shaw,2006-02-19,,Production Manager,Michael Albert,2275,julianne.shaw@bilearner.com,SVG,Active,Full-Time,Zone A,Full-Time,Production,Production Operations,1958-08-14,MA,Female,US-MA-03,Asian,Single,Fully Meets,3
2415,Raelynn,Lara,2020-06-09,2022-05-02,Production Manager,Ibrahim Wolfe,1142,raelynn.lara@bilearner.com,TNS,Voluntarily Terminated,Full-Time,Zone B,Full-Time,Production,Production Operations,1973-06-10,MA,Female,US-MA-01,White,Married,Fully Meets,3
2416,Leland,Chang,2017-05-15,,Production Manager,Faith Golden,2318,leland.chang@bilearner.com,WBL,Active,Full-Time,Zone B,Full-Time,Production,Production Operations,1994-06-08,MA,Male,US-MA-02,Asian,Single,Fully Meets,4
2417,Hayley,Webb,2011-07-10,2012-10-28,Production Manager,Amy Dunn,2277,hayley.webb@bilearner.com,BPC,Voluntarily Terminated,Full-Time,Zone B,Full-Time,Production,Production Operations,1986-11-10,MA,Male,US-MA-03,White,Single,Fully Meets,3
2418,Teagan,Rodriguez,2016-07-31,2017-03-12,Production Manager,Charles Bozzi,2282,teagan.rodriguez@bilearner.com,CCDR,Terminated for Cause,Full-Time,Zone B,Full-Time,Production,Production Operations,1970-03-26,MA,Male,US-MA-01,Black,Married,Fully Meets,3
2419,Kaylyn,Joyce,2008-07-02,,Production Manager,Ariana Strickland,2294,kaylyn.joyce@bilearner.com,EW,Active,Full-Time,Zone A,Full-Time,Production,Production Operations,1977-03-25,MA,Female,US-MA-02,White,Married,Fully Meets,3
2420,Carleigh,Garrison,2022-01-02,,Production Manager,Julianne Shaw,2414,carleigh.garrison@bilearner.com,MSC,Active,Full-Time,Zone B,Full-Time,Production,Production Operations,1972-09-29,MA,Female,US-MA-03,White,Single,Fully Meets,3
2421,Brycen,York,2006-03-09,,Production Manager,Trey Johnston,2506,brycen.york@bilearner.com,NEL,Active,Full-Time,Zone A,Full-Time,Production,Production Operations,1986-09-03,MA,Female,US-MA-01,Asian,Married,Fully Meets,3
2422,Rigoberto,Gibson,2021-10-22,2023-10-24,Production Manager,Brycen York,2421,rigoberto.gibson@bilearner.com,PL,Voluntarily Terminated,Full-Time,Zone B,Full-Time,Production,Production Operations,1967-08-06,MA,Male,US-MA-02,Hispanic,Widowed,Fully Meets,3
2423,Yael,Garcia,2011-03-18,,President & CEO,Camden Mcclure,2441,yael.garcia@bilearner.com,PYZ,Active,Full-Time,Zone A,Full-Time,Executive Office,Executive Leadership,1977-11-10,MA,Male,US-MA-03,Asian,Divorced,Fully Meets,3
2424,Jonathon,Montes,2015-07-12,2016-10-28,Network Engineer,Vanessa Zuniga,2504,jonathon.montes@bilearner.com,SVG,Voluntarily Terminated,Full-Time,Zone B,Full-Time,IT/IS,IT Infrastructure,1974-08-18,MA,Male,US-MA-01,Hispanic,Divorced,Fully Meets,4
2425,Alexzander,Guzman,2008-12-17,2010-02-19,Director of Operations,Brycen York,2421,alexzander.guzman@bilearner.com,MSC,Voluntarily Terminated,Full-Time,Zone A,Full-Time,Production,Production Operations,1982-06-15,MA,Male,US-MA-02,Asian,Divorced,Fully Meets,4
2426,Gunnar,Gray,2016-07-20,2018-07-10,Data Analyst,Simon Roup,2481,gunnar.gray@bilearner.com,EW,Terminated for Cause,Full-Time,Zone B,Full-Time,IT/IS,Data & Analytics,1959-03-03,MA,Female,US-MA-03,White,Widowed,Fully Meets,3
2427,Emilee,Thompson,2009-03-04,2012-06-20,Data Analyst,Maximilian Williamson,2523,emilee.thompson@bilearner.com,CCDR,Voluntarily Terminated,Full-Time,Zone B,Full-Time,IT/IS,Data & Analytics,1956-11-22,MA,Female,US-MA-01,Asian,Divorced,Fully Meets,3
2428,Emmett,Chandler,2012-04-07,2014-09-20,Data Analyst,Hadley Nash,2224,emmett.chandler@bilearner.com,BPC,Voluntarily Terminated,Part-Time,Zone B,Part-Time,IT/IS,Data & Analytics,1963-01-22,MA,Female,US-MA-02,White,Divorced,Fully Meets,3
2429,Vincent,Ramsey,2006-01-22,2010-02-25,Production Manager,Uriel Brennan,2386,vincent.ramsey@bilearner.com,BPC,Voluntarily Terminated,Full-Time,Zone B,Full-Time,Production,Production Operations,1961-11-14,MA,Male,US-MA-03,Black,Widowed,Fully Meets,3
2430,Dallas,Ross,2011-07-14,2011-12-30,Production Manager,Ibrahim Wolfe,1142,dallas.ross@bilearner.com,CCDR,Retired,Part-Time,Zone B,Part-Time,Production,Production Operations,1948-04-25,MA,Male,US-MA-01,White,Single,Fully Meets,3
2431,Elvis,Kaufman,2022-02-22,2022-12-05,Production Manager,Colby Wolfe,1144,elvis.kaufman@bilearner.com,SVG,Voluntarily Terminated,Full-Time,Zone B,Full-Time,Production,Production Operations,1975-06-05,MA,Female,US-MA-02,Asian,Widowed,Fully Meets,3
2432,Rayna,Gates,2010-07-31,2011-11-13,Production Manager,Courtney E Wallace,2276,rayna.gates@bilearner.com,EW,Voluntarily Terminated,Full-Time,Zone B,Full-Time,Production,Production Operations,1963-04-18,MA,Female,US-MA-03,Asian,Married,Fully Meets,3
2433,Darryl,Wiley,2023-02-13,2025-04-24,Production Manager,Dane Kelly,1209,darryl.wiley@bilearner.com,MSC,Terminated for Cause,Full-Time,Zone B,Full-Time,Production,Production Operations,1976-08-30,MA,Male,US-MA-01,White,Widowed,Fully Meets,3
2434,Liam,Blevins,2007-02-27,2007-12-03,Production Manager,Teagan Fletcher,2440,liam.blevins@bilearner.com,TNS,Terminated for Cause,Full-Time,Zone B,Full-Time,Production,Production Operations,1957-01-07,MA,Male,US-MA-02,Asian,Single,Fully Meets,3
2435,Easton,Zavala,2005-11-24,2007-10-23,Production Manager,Michael Albert,2275,easton.zavala@bilearner.com,PYZ,Terminated for Cause,Full-Time,Zone B,Full-Time,Production,Production Operations,1982-06-05,MA,Male,US-MA-03,Other,Widowed,Fully Meets,3
2436,Susan,Wiggins,2017-12-16,2020-10-20,Production Manager,Elijiah Gray,2281,susan.wiggins@bilearner.com,WBL,Terminated for Cause,Full-Time,Zone B,Full-Time,Production,Production Operations,1958-04-23,MA,Male,US-MA-01,Asian,Widowed,Fully Meets,3
2437,Alison,Evans,2003-05-15,2005-09-14,Production Manager,Trey Johnston,2506,alison.evans@bilearner.com,NEL,Terminated for Cause,Contract,Zone B,Temporary,Production,Production Operations,1977-05-30,MA,Female,US-MA-02,Other,Single,Fully Meets,3
2438,Humberto,Rocha,2018-08-22,,Production Manager,Nathaly Stuart,2411,humberto.rocha@bilearner.com,PL,Active,Full-Time,Zone B,Full-Time,Production,Production Operations,1964-09-22,MA,Female,US-MA-03,Black,Divorced,Fully Meets,4
2439,Cordell,Vazquez,2011-08-01,,Production Manager,Trey Johnston,2506,cordell.vazquez@bilearner.com,BPC,Active,Full-Time,Zone B,Full-Time,Production,Production Operations,1965-02-18,MA,Female,US-MA-01,White,Single,Fully Meets,3
2440,Teagan,Fletcher,2004-07-29,,Production Manager,Trey Johnston,2506,teagan.fletcher@bilearner.com,CCDR,Active,Full-Time,Zone A,Full-Time,Production,Production Operations,1962-07-23,MA,Male,US-MA-02,Other,Divorced,Fully Meets,3
2441,Camden,Mcclure,2008-06-20,,President & CEO,Marlon Stanton,2304,camden.mcclure@bilearner.com,SVG,Active,Full-Time,Zone A,Full-Time,Executive Office,Executive Leadership,1973-12-19,MA,Male,US-MA-03,Hispanic,Married,Fully Meets,3
2442,Larissa,Garza,2018-03-01,2019-07-05,Director of Operations,Charles Bozzi,2282,larissa.garza@bilearner.com,SVG,Voluntarily Terminated,Full-Time,Zone A,Full-Time,Production,Production Operations,1973-04-16,MA,Female,US-MA-01,Black,Divorced,Fully Meets,4
2443,Camron,Jenkins,2021-05-04,,Data Analyst,Ricardo Ruiz,2486,camron.jenkins@bilearner.com,EW,Active,Full-Time,Zone B,Full-Time,IT/IS,Data & Analytics,1976-03-28,MA,Female,US-MA-02,White,Widowed,Fully Meets,3
2444,America,Buchanan,2024-06-29,,Data Analyst,Demetrius Cooley,2532,america.buchanan@bilearner.com,MSC,Active,Full-Time,Zone B,Full-Time,IT/IS,Data & Analytics,1957-09-07,MA,Female,US-MA-03,Black,Single,Fully Meets,3
2445,Avery,Koch,2026-01-13,,Production Manager,Heath Romero,2381,avery.koch@bilearner.com,MSC,Active,Full-Time,Zone B,Full-Time,Production,Production Operations,1969-12-31,MA,Female,US-MA-01,Asian,Widowed,Fully Meets,4
2446,Devan,Hall,2005-09-25,2007-01-06,Production Manager,Teagan Fletcher,2440,devan.hall@bilearner.com,NEL,Voluntarily Terminated,Full-Time,Zone B,Full-Time,Production,Production Operations,1948-10-20,MA,Male,US-MA-02,Black,Divorced,Fully Meets,3
2447,Jensen,Mccullough,2021-05-23,2022-05-31,Production Manager,Ibrahim Wolfe,1142,jensen.mccullough@bilearner.com,PL,Voluntarily Terminated,Full-Time,Zone B,Full-Time,Production,Production Operations,1992-04-13,MA,Female,US-MA-03,White,Widowed,Fully Meets,3
2448,Kristin,Hickman,2025-04-19,2025-08-05,Production Manager,Rachael Buck,1186,kristin.hickman@bilearner.com,PYZ,Voluntarily Terminated,Full-Time,Zone B,Full-Time,Production,Production Operations,1989-01-17,MA,Female,US-MA-01,Asian,Single,Fully Meets,3
2449,Chana,Fox,2019-11-02,2021-05-17,Production Manager,Milagros Jimenez,2364,chana.fox@bilearner.com,SVG,Voluntarily Terminated,Full-Time,Zone B,Full-Time,Production,Production Operations,1986-02-10,MA,Female,US-MA-02,Hispanic,Single,Fully Meets,3
2450,Vivian,Bright,2019-06-27,2019-12-30,Production Manager,Courtney E Wallace,2276,vivian.bright@bilearner.com,TNS,Voluntarily Terminated,Full-Time,Zone B,Full-Time,Production,Production Operations,1996-10-15,MA,Male,US-MA-03,Asian,Single,Fully Meets,4
2451,Rosa,Rosales,2012-04-08,,Production Manager,Walter Immediato,2279,rosa.rosales@bilearner.com,WBL,Active,Full-Time,Zone B,Full-Time,Production,Production Operations,1981-04-23,MA,Male,US-MA-01,Black,Married,Fully Meets,3
2452,Fabian,Mullins,2022-01-17,,Production Manager,Terrell Guerra,2395,fabian.mullins@bilearner.com,BPC,Active,Full-Time,Zone B,Full-Time,Production,Production Operations,1972-10-23,MA,Male,US-MA-02,Asian,Married,Fully Meets,3
2453,Mila,Poole,2015-05-01,,Production Manager,Kailyn Torres,2468,mila.poole@bilearner.com,CCDR,Active,Full-Time,Zone B,Full-Time,Production,Production Operations,1988-09-22,MA,Male,US-MA-03,Other,Widowed,Fully Meets,3
2454,Callum,Mccormick,2021-03-21,,Production Manager,Elijiah Gray,2281,callum.mccormick@bilearner.com,EW,Active,Full-Time,Zone B,Full-Time,Production,Production Operations,1989-03-12,MA,Female,US-MA-01,Asian,Married,Fully Meets,3
2455,Jakob,Luna,2020-12-20,,Production Manager,Ibrahim Wolfe,1142,jakob.luna@bilearner.com,MSC,Active,Full-Time,Zone B,Full-Time,Production,Production Operations,1991-12-06,MA,Female,US-MA-02,Hispanic,Single,Fully Meets,3
2456,Odin,Sampson,2021-04-26,,Production Manager,Callum Mccormick,2454,odin.sampson@bilearner.com,NEL,Active,Full-Time,Zone B,Full-Time,Production,Production Operations,1970-08-27,MA,Male,US-MA-03,Asian,Single,Fully Meets,3
2457,George,Meyers,2011-08-21,,Production Manager,Leticia Parks,2378,george.meyers@bilearner.com,PL,Active,Full-Time,Zone B,Full-Time,Production,Production Operations,1961-04-14,MA,Male,US-MA-01,Hispanic,Single,Fully Meets,4
2458,Angelica,Gamble,2016-03-27,2020-09-21,President & CEO,Yael Garcia,2423,angelica.gamble@bilearner.com,PYZ,Voluntarily Terminated,Full-Time,Zone A,Full-Time,Executive Office,Executive Leadership,1979-03-10,MA,Male,US-MA-02,Other,Widowed,Fully Meets,3
2459,Bradyn,Pham,2019-12-06,2021-08-20,Director of Operations,Julianne Shaw,2414,bradyn.pham@bilearner.com,SVG,Voluntarily Terminated,Full-Time,Zone A,Full-Time,Production,Production Operations,1995-07-10,RI,Female,US-RI-02,Asian,Married,Fully Meets,3
2460,Konner,Pierce,2022-02-21,2023-09-03,Data Analyst,Jaylyn Bruce,2216,konner.pierce@bilearner.com,EW,Retired,Full-Time,Zone B,Full-Time,IT/IS,Data & Analytics,1959-10-21,MA,Female,US-MA-03,White,Widowed,Fully Meets,3
2461,Tucker,Haas,2022-10-03,,Shared Services Manager,Shyanne Stark,1044,tucker.haas@bilearner.com,EW,Active,Full-Time,Zone B,Full-Time,Admin Offices,Corporate Services,1979-06-05,MA,Male,US-MA-01,Black,Divorced,Fully Meets,3
2462,Lainey,York,2026-03-25,2026-06-13,Production Manager,Webster L Butler,2285,lainey.york@bilearner.com,NEL,Voluntarily Terminated,Full-Time,Zone B,Full-Time,Production,Production Operations,1974-06-05,MA,Female,US-MA-02,White,Married,Fully Meets,3
2463,Ava,Chan,2011-05-14,,Production Manager,Michael Albert,2275,ava.chan@bilearner.com,PL,Active,Full-Time,Zone A,Full-Time,Production,Production Operations,1986-04-03,MA,Female,US-MA-03,Hispanic,Widowed,Fully Meets,3
2464,Marquise,Pacheco,2013-11-12,,Production Manager,Ibrahim Wolfe,1142,marquise.pacheco@bilearner.com,BPC,Active,Full-Time,Zone B,Full-Time,Production,Production Operations,1973-07-20,MA,Male,US-MA-01,White,Widowed,Fully Meets,3
2465,Callum,Miles,2020-02-19,2021-01-19,Production Manager,Jesus Hendricks,2341,callum.miles@bilearner.com,CCDR,Voluntarily Terminated,Contract,Zone B,Temporary,Production,Production Operations,1961-11-09,MA,Female,US-MA-02,White,Single,Fully Meets,3
2466,Natasha,Valdez,2008-09-21,2014-11-14,Production Manager,Michael Albert,2275,natasha.valdez@bilearner.com,SVG,Voluntarily Terminated,Full-Time,Zone B,Full-Time,Production,Production Operations,1967-09-13,MA,Female,US-MA-03,White,Widowed,Fully Meets,3
2467,Talia,Barrett,2014-11-04,2019-11-27,Production Manager,Kailyn Torres,2468,talia.barrett@bilearner.com,EW,Voluntarily Terminated,Full-Time,Zone B,Full-Time,Production,Production Operations,1979-01-02,MA,Female,US-MA-01,Other,Married,Fully Meets,3
2468,Kailyn,Torres,2014-04-21,,Production Manager,Sawyer Little,2385,kailyn.torres@bilearner.com,MSC,Active,Full-Time,Zone B,Full-Time,Production,Production Operations,1957-11-15,MA,Male,US-MA-02,Hispanic,Married,Fully Meets,3
2469,Uriah,Pennington,2010-06-23,2021-09-05,Production Manager,Leticia Parks,2378,uriah.pennington@bilearner.com,TNS,Terminated for Cause,Full-Time,Zone B,Full-Time,Production,Production Operations,1983-04-13,MA,Male,US-MA-03,Hispanic,Divorced,Fully Meets,4
2470,Cesar,Hunter,2019-08-07,,Production Manager,Justice Pineda,1164,cesar.hunter@bilearner.com,BPC,Active,Full-Time,Zone B,Full-Time,Production,Production Operations,1988-10-24,MA,Male,US-MA-01,Asian,Single,Fully Meets,3
2471,Brianna,Hurley,2010-09-17,,Production Manager,Ariana Strickland,2294,brianna.hurley@bilearner.com,CCDR,Active,Full-Time,Zone A,Full-Time,Production,Production Operations,1959-07-25,MA,Male,US-MA-02,Other,Divorced,Fully Meets,3
2472,Ariel,May,2020-05-10,,Production Manager,Elijiah Gray,2281,ariel.may@bilearner.com,EW,Active,Full-Time,Zone B,Full-Time,Production,Production Operations,1975-10-26,MA,Female,US-MA-03,Asian,Married,Fully Meets,4
2473,Anastasia,Hardy,2021-10-23,2025-10-11,Production Manager,Jakob Luna,2455,anastasia.hardy@bilearner.com,MSC,Voluntarily Terminated,Full-Time,Zone B,Full-Time,Production,Production Operations,1982-07-15,MA,Male,US-MA-01,Hispanic,Single,Fully Meets,3
2474,Aliana,Blake,2024-11-09,2025-08-18,Production Manager,Abbigail Cameron,1232,aliana.blake@bilearner.com,NEL,Retired,Full-Time,Zone B,Full-Time,Production,Production Operations,1959-01-13,MA,Male,US-MA-02,Black,Married,Fully Meets,3
2475,Houston,Burnett,2016-04-20,2025-01-13,Production Manager,Mila Poole,2453,houston.burnett@bilearner.com,PL,Voluntarily Terminated,Full-Time,Zone B,Full-Time,Production,Production Operations,1973-11-26,MA,Male,US-MA-03,White,Single,Fully Meets,3
2476,Case,Conley,2018-12-03,2019-11-15,President & CEO,Camden Mcclure,2441,case.conley@bilearner.com,PYZ,Terminated for Cause,Full-Time,Zone A,Full-Time,Executive Office,Executive Leadership,1967-07-11,MA,Male,US-MA-01,Other,Single,Fully Meets,3
2477,Trevin,Shannon,2014-07-03,,Director of Sales,Soren Downs,2691,trevin.shannon@bilearner.com,PL,Active,Full-Time,Zone A,Full-Time,Sales,Sales & Marketing,1982-09-14,RI,Female,US-RI-03,Asian,Divorced,Fully Meets,3
2478,Braden,Nicholson,2011-10-04,,Director of Operations,Teagan Fletcher,2440,braden.nicholson@bilearner.com,PYZ,Active,Full-Time,Zone A,Full-Time,Production,Production Operations,1974-04-12,RI,Female,US-RI-01,White,Single,Fully Meets,3
2479,Mireya,Sutton,2018-02-02,2020-07-09,Data Analyst,Ashly Mullen,2561,mireya.sutton@bilearner.com,SVG,Voluntarily Terminated,Full-Time,Zone B,Full-Time,IT/IS,Data & Analytics,1986-12-12,MA,Female,US-MA-02,Hispanic,Divorced,Fully Meets,3
2480,Jason,Foss,2018-02-05,,IT Director,Vanessa Zuniga,2504,jason.foss@bilearner.com,CCDR,Active,Full-Time,Zone A,Full-Time,IT/IS,IT Operations,1977-03-26,MA,Male,US-MA-03,White,Widowed,Fully Meets,3
2481,Simon,Roup,2013-09-04,,IT Manager - DB,Chandler Reynolds,2533,simon.roup@bilearner.com,PL,Active,Full-Time,Zone B,Full-Time,IT/IS,Database & Data Platform,1964-01-30,MA,Male,US-MA-01,Black,Divorced,Fully Meets,4
2482,Eric,Dougall,2011-10-05,2013-08-05,IT Manager - Support,Odin Key,2545,eric.dougall@bilearner.com,PYZ,Retired,Full-Time,Zone B,Full-Time,IT/IS,IT Operations,1950-04-17,MA,Male,US-MA-02,Black,Married,Fully Meets,3
2483,Peter,Monroe,2004-12-31,,IT Manager - Infra,Carla Willis,2251,peter.monroe@bilearner.com,WBL,Active,Full-Time,Zone A,Full-Time,IT/IS,IT Infrastructure,1977-09-10,MA,Male,US-MA-03,Black,Divorced,Fully Meets,4
2484,Brian,Champaigne,2020-11-20,,BI Director,Amina Bush,2514,brian.champaigne@bilearner.com,SVG,Active,Full-Time,Zone A,Full-Time,IT/IS,Data & Analytics,1997-04-03,MA,Male,US-MA-01,Black,Single,Fully Meets,3
2485,Alex,Sweetwater,2006-03-03,2012-04-21,Software Engineering Manager,Eden Choi,2568,alex.sweetwater@bilearner.com,NEL,Retired,Full-Time,Zone B,Full-Time,Software Engineering,Software Engineering,1945-10-25,MA,Male,US-MA-02,White,Widowed,Fully Meets,4
2486,Ricardo,Ruiz,2021-02-18,,IT Manager - DB,Chandler Reynolds,2533,ricardo.ruiz@bilearner.com,TNS,Active,Full-Time,Zone B,Full-Time,IT/IS,Database & Data Platform,1985-08-24,MA,Male,US-MA-03,Black,Married,Fully Meets,4
2487,Leo,Cooper,2011-12-27,,IT Manager - DB,Eden Choi,2568,leo.cooper@bilearner.com,PYZ,Active,Full-Time,Zone B,Full-Time,IT/IS,Database & Data Platform,1978-12-09,MA,Male,US-MA-01,White,Single,Fully Meets,3
2488,Braedon,Welch,2005-05-26,2008-02-05,IT Director,Carla Willis,2251,braedon.welch@bilearner.com,PL,Terminated for Cause,Full-Time,Zone A,Full-Time,IT/IS,IT Operations,1966-10-29,MA,Male,US-MA-02,Other,Married,Fully Meets,4
2489,Graham,Villa,2005-07-24,,Director of Sales,Chaz Bruce,3539,graham.villa@bilearner.com,NEL,Active,Full-Time,Zone A,Full-Time,Sales,Sales & Marketing,1961-12-10,MA,Male,US-MA-03,Hispanic,Single,Fully Meets,3
2490,Kyle,Ali,2008-06-17,,Director of Operations,Walter Immediato,2279,kyle.ali@bilearner.com,MSC,Active,Full-Time,Zone A,Full-Time,Production,Production Operations,1965-12-20,MA,Male,US-MA-01,Other,Widowed,Fully Meets,3
2491,Giovanna,Romero,2023-06-01,,Software Engineer,Precious Roth,3965,giovanna.romero@bilearner.com,BPC,Active,Contract,Zone B,Temporary,Software Engineering,Software Engineering,1962-07-18,MA,Male,US-MA-02,Black,Single,Fully Meets,3
2492,Natalya,Norman,2020-06-23,,Software Engineer,Amiyah Sims,1341,natalya.norman@bilearner.com,CCDR,Active,Full-Time,Zone B,Full-Time,Software Engineering,Software Engineering,1957-12-04,MA,Male,US-MA-03,White,Married,Fully Meets,4
2493,Connor,Carrillo,2024-03-25,2024-10-15,Software Engineer,Elisabeth Bradley,2566,connor.carrillo@bilearner.com,SVG,Voluntarily Terminated,Part-Time,Zone B,Part-Time,Software Engineering,Software Engineering,1981-05-16,MA,Male,US-MA-01,Black,Divorced,Fully Meets,3
2494,Owen,Burch,2021-06-11,2022-06-19,IT Manager - DB,Jaylyn Bruce,2216,owen.burch@bilearner.com,MSC,Voluntarily Terminated,Full-Time,Zone B,Full-Time,IT/IS,Database & Data Platform,1978-08-04,MA,Male,US-MA-02,Asian,Married,Fully Meets,3
2495,Abel,Bush,2006-03-24,2007-08-25,IT Director,Eden Choi,2568,abel.bush@bilearner.com,NEL,Voluntarily Terminated,Full-Time,Zone A,Full-Time,IT/IS,IT Operations,1970-01-26,MA,Male,US-MA-03,Black,Married,Fully Meets,3
2496,Selina,Mullins,2013-10-30,2014-05-25,Director of Sales,Milagros Francis,3517,selina.mullins@bilearner.com,PL,Voluntarily Terminated,Full-Time,Zone A,Full-Time,Sales,Sales & Marketing,1961-03-18,MA,Male,US-MA-01,Other,Single,Fully Meets,3
2497,Marilyn,Chaney,2014-11-08,2016-02-28,Director of Operations,Walter Dominguez,2336,marilyn.chaney@bilearner.com,PYZ,Voluntarily Terminated,Full-Time,Zone A,Full-Time,Production,Production Operations,1955-09-05,MA,Male,US-MA-02,White,Single,Fully Meets,3
2498,Camron,Keller,2004-07-15,2005-10-15,BI Developer,Carla Willis,2251,camron.keller@bilearner.com,PYZ,Terminated for Cause,Full-Time,Zone B,Full-Time,IT/IS,Data & Analytics,1973-04-17,MA,Female,US-MA-03,Asian,Divorced,Fully Meets,4
2499,Ali,Benjamin,2014-04-18,2015-08-25,Software Engineer,Precious Roth,3965,ali.benjamin@bilearner.com,PL,Voluntarily Terminated,Full-Time,Zone B,Full-Time,Software Engineering,Software Engineering,1989-09-04,MA,Male,US-MA-01,Asian,Married,Fully Meets,3
2500,Annabelle,Frederick,2022-02-02,,Software Engineer,Precious Roth,3965,annabelle.frederick@bilearner.com,BPC,Active,Part-Time,Zone B,Part-Time,Software Engineering,Software Engineering,1964-06-13,MA,Male,US-MA-02,Hispanic,Married,Fully Meets,3
2501,Joy,Sellers,2018-02-19,,Software Engineer,Amiyah Sims,1341,joy.sellers@bilearner.com,CCDR,Active,Full-Time,Zone B,Full-Time,Software Engineering,Software Engineering,1966-07-22,MA,Male,US-MA-03,Black,Divorced,Fully Meets,3
2502,Charlie,Brady,2019-06-13,,Software Engineer,Elisabeth Bradley,2566,charlie.brady@bilearner.com,SVG,Active,Full-Time,Zone B,Full-Time,Software Engineering,Software Engineering,1999-06-06,MA,Male,US-MA-01,White,Divorced,Fully Meets,3
2503,Ally,Goodman,2013-06-18,2017-01-20,IT Manager - DB,Leo Cooper,2487,ally.goodman@bilearner.com,PL,Retired,Full-Time,Zone B,Full-Time,IT/IS,Database & Data Platform,1949-12-23,MA,Male,US-MA-02,White,Married,Fully Meets,3
2504,Vanessa,Zuniga,2013-02-27,,IT Director,Odin Key,2545,vanessa.zuniga@bilearner.com,BPC,Active,Full-Time,Zone A,Full-Time,IT/IS,IT Operations,1976-02-16,MA,Male,US-MA-03,Black,Single,Fully Meets,3
2505,Carleigh,Hendricks,2023-01-17,,Director of Sales,Edward Buck,3429,carleigh.hendricks@bilearner.com,CCDR,Active,Full-Time,Zone A,Full-Time,Sales,Sales & Marketing,1988-05-01,MA,Male,US-MA-01,Asian,Single,Fully Meets,4
2506,Trey,Johnston,2003-03-15,,Director of Operations,Ariel Cervantes,2322,trey.johnston@bilearner.com,SVG,Active,Full-Time,Zone A,Full-Time,Production,Production Operations,1980-05-14,MA,Male,US-MA-02,White,Single,Fully Meets,4
2507,Adalyn,Hess,2024-04-07,2025-07-17,BI Developer,Deven Huff,2546,adalyn.hess@bilearner.com,CCDR,Terminated for Cause,Full-Time,Zone B,Full-Time,IT/IS,Data & Analytics,1985-09-06,MA,Female,US-MA-03,White,Single,Fully Meets,3
2508,Selina,Tapia,2019-08-09,,BI Developer,Ashly Mullen,2561,selina.tapia@bilearner.com,SVG,Active,Full-Time,Zone B,Full-Time,IT/IS,Data & Analytics,1972-06-20,MA,Male,US-MA-01,Other,Single,Fully Meets,3
2509,Madeleine,Paul,2026-04-10,2026-05-09,Software Engineer,Precious Roth,3965,madeleine.paul@bilearner.com,EW,Voluntarily Terminated,Contract,Zone B,Temporary,Software Engineering,Software Engineering,1998-03-19,MA,Female,US-MA-02,Hispanic,Married,Fully Meets,3
2510,Ronald,Lamb,2002-07-18,2004-01-26,Software Engineer,Marlon Stanton,2304,ronald.lamb@bilearner.com,MSC,Voluntarily Terminated,Full-Time,Zone B,Full-Time,Software Engineering,Software Engineering,1978-04-20,MA,Male,US-MA-03,Asian,Single,Fully Meets,4
2511,Ernesto,Beltran,2019-09-07,2022-05-31,Software Engineer,Elisabeth Bradley,2566,ernesto.beltran@bilearner.com,NEL,Voluntarily Terminated,Full-Time,Zone B,Full-Time,Software Engineering,Software Engineering,1975-04-21,MA,Male,US-MA-01,Asian,Single,Fully Meets,4
2512,Lawrence,Obrien,2020-11-05,2022-09-23,Software Engineer,Precious Roth,3965,lawrence.obrien@bilearner.com,PL,Voluntarily Terminated,Full-Time,Zone B,Full-Time,Software Engineering,Software Engineering,1967-03-06,MA,Male,US-MA-02,Hispanic,Widowed,Fully Meets,3
2513,Trinity,Estes,2022-02-18,2023-07-08,IT Manager - DB,Maddison Perez,3961,trinity.estes@bilearner.com,PYZ,Retired,Full-Time,Zone B,Full-Time,IT/IS,Database & Data Platform,1961-05-07,MA,Male,US-MA-03,Asian,Divorced,Fully Meets,4
2514,Amina,Bush,2019-04-03,,IT Director,Kali Yates,2263,amina.bush@bilearner.com,PL,Active,Full-Time,Zone A,Full-Time,IT/IS,IT Operations,1957-09-09,MA,Male,US-MA-01,White,Single,Fully Meets,3
2515,Mayra,Lynn,2008-05-16,,Director of Sales,Valentin Reilly,3468,mayra.lynn@bilearner.com,NEL,Active,Full-Time,Zone A,Full-Time,Sales,Sales & Marketing,1968-10-17,MA,Male,US-MA-02,Hispanic,Single,Fully Meets,3
2516,Ally,Brennan,2011-06-15,,Director of Operations,Julianne Shaw,2414,ally.brennan@bilearner.com,MSC,Active,Contract,Zone A,Temporary,Production,Production Operations,1989-07-25,MA,Male,US-MA-03,Hispanic,Widowed,Fully Meets,3
2517,Alina,Benson,2001-11-29,2002-07-23,BI Developer,Axel Howe,3456,alina.benson@bilearner.com,CCDR,Voluntarily Terminated,Full-Time,Zone B,Full-Time,IT/IS,Data & Analytics,1963-02-10,MA,Male,US-MA-01,Asian,Single,Fully Meets,3
2518,Rebekah,Delacruz,2017-09-25,2017-12-21,BI Developer,Vanessa Zuniga,2504,rebekah.delacruz@bilearner.com,SVG,Voluntarily Terminated,Full-Time,Zone B,Full-Time,IT/IS,Data & Analytics,1963-12-26,MA,Male,US-MA-02,White,Widowed,Fully Meets,3
2519,Melody,Wright,2018-08-12,,Software Engineer,Amiyah Sims,1341,melody.wright@bilearner.com,NEL,Active,Full-Time,Zone B,Full-Time,Software Engineering,Software Engineering,1963-05-14,MA,Female,US-MA-03,White,Married,Fully Meets,3
2520,Richard,Oconnell,2009-06-12,,Software Engineer,Walter Immediato,2279,richard.oconnell@bilearner.com,PL,Active,Full-Time,Zone A,Full-Time,Software Engineering,Software Engineering,1969-06-01,MA,Male,US-MA-01,Asian,Divorced,Fully Meets,4
2521,Olivia,Goodman,2023-03-02,,Software Engineer,Precious Roth,3965,olivia.goodman@bilearner.com,BPC,Active,Full-Time,Zone B,Full-Time,Software Engineering,Software Engineering,1992-10-31,MA,Male,US-MA-02,White,Divorced,Fully Meets,3
2522,Zaniyah,Parks,2011-10-30,2015-02-27,IT Manager - DB,Eden Choi,2568,zaniyah.parks@bilearner.com,PL,Retired,Full-Time,Zone B,Full-Time,IT/IS,Database & Data Platform,1949-01-21,MA,Male,US-MA-03,Other,Married,Fully Meets,4
2523,Maximilian,Williamson,2008-04-16,,IT Director,Carla Willis,2251,maximilian.williamson@bilearner.com,BPC,Active,Full-Time,Zone A,Full-Time,IT/IS,IT Operations,1970-09-08,MA,Male,US-MA-01,Hispanic,Single,Fully Meets,4
2524,Serena,Barajas,2020-06-09,,Director of Sales,Mayra Lynn,2515,serena.barajas@bilearner.com,CCDR,Active,Full-Time,Zone A,Full-Time,Sales,Sales & Marketing,1969-03-17,MA,Male,US-MA-02,Black,Married,Fully Meets,3
2525,Larry,Novak,2009-11-16,2021-02-24,Director of Operations,Milagros Foley,1185,larry.novak@bilearner.com,SVG,Voluntarily Terminated,Full-Time,Zone A,Full-Time,Production,Production Operations,1980-11-01,MA,Male,US-MA-03,Other,Married,Fully Meets,3
2526,Kadyn,Marsh,2016-11-05,,BI Developer,Jovan Giles,2232,kadyn.marsh@bilearner.com,NEL,Active,Full-Time,Zone B,Full-Time,IT/IS,Data & Analytics,1964-03-28,MA,Female,US-MA-01,Other,Single,Fully Meets,3
2527,Nylah,Hood,2003-01-04,,BI Developer,Carla Willis,2251,nylah.hood@bilearner.com,PL,Active,Full-Time,Zone A,Full-Time,IT/IS,Data & Analytics,1977-03-05,MA,Male,US-MA-02,Asian,Married,Fully Meets,3
2528,Rigoberto,Allen,2024-07-23,2026-06-16,BI Developer,Titus Lowe,1673,rigoberto.allen@bilearner.com,PYZ,Voluntarily Terminated,Full-Time,Zone B,Full-Time,IT/IS,Data & Analytics,1985-06-09,MA,Male,US-MA-03,White,Married,Fully Meets,4
2529,Gabriella,Clements,2017-06-11,,Software Engineer,Elisabeth Bradley,2566,gabriella.clements@bilearner.com,NEL,Active,Full-Time,Zone B,Full-Time,Software Engineering,Software Engineering,1975-08-11,MA,Female,US-MA-01,Other,Single,Fully Meets,3
2530,Hana,Lucero,2008-01-13,2012-07-11,Software Engineer,Noah Villanueva,2584,hana.lucero@bilearner.com,PL,Voluntarily Terminated,Contract,Zone B,Temporary,Software Engineering,Software Engineering,1980-04-11,MA,Male,US-MA-02,White,Divorced,Fully Meets,4
2531,Luciana,Gill,2013-10-06,2019-10-05,Software Engineer,Elisabeth Bradley,2566,luciana.gill@bilearner.com,BPC,Retired,Contract,Zone B,Temporary,Software Engineering,Software Engineering,1951-05-21,MA,Male,US-MA-03,Black,Widowed,Fully Meets,4
2532,Demetrius,Cooley,2021-07-18,,IT Manager - DB,Vanessa Zuniga,2504,demetrius.cooley@bilearner.com,NEL,Active,Full-Time,Zone B,Full-Time,IT/IS,Database & Data Platform,1972-09-04,MA,Male,US-MA-01,Other,Widowed,Fully Meets,3
2533,Chandler,Reynolds,2013-04-21,,IT Manager - DB,Maximilian Williamson,2523,chandler.reynolds@bilearner.com,PL,Active,Full-Time,Zone B,Full-Time,IT/IS,Database & Data Platform,1966-06-13,MA,Male,US-MA-02,White,Divorced,Fully Meets,3
2534,Iyana,Benjamin,2019-12-24,2021-12-25,IT Director,Odin Key,2545,iyana.benjamin@bilearner.com,BPC,Retired,Contract,Zone A,Temporary,IT/IS,IT Operations,1960-07-05,MA,Male,US-MA-03,Other,Divorced,Fully Meets,3
2535,Antoine,Haney,2025-01-30,2026-05-16,Director of Sales,Ashlynn Duffy,1949,antoine.haney@bilearner.com,CCDR,Voluntarily Terminated,Full-Time,Zone A,Full-Time,Sales,Sales & Marketing,1978-09-22,MA,Male,US-MA-01,Other,Single,Fully Meets,3
2536,Alfred,Rivas,2021-08-10,,Director of Operations,Trey Johnston,2506,alfred.rivas@bilearner.com,SVG,Active,Full-Time,Zone A,Full-Time,Production,Production Operations,1994-05-22,MA,Male,US-MA-02,Hispanic,Married,Fully Meets,3
2537,Darien,Sawyer,2021-06-19,2022-09-30,BI Developer,Milo Jensen,2225,darien.sawyer@bilearner.com,PL,Voluntarily Terminated,Full-Time,Zone B,Full-Time,IT/IS,Data & Analytics,1984-05-12,MA,Female,US-MA-03,White,Single,Fully Meets,4
2538,Isaias,Pineda,2020-08-06,,BI Developer,Hadley Nash,2224,isaias.pineda@bilearner.com,BPC,Active,Part-Time,Zone B,Part-Time,IT/IS,Data & Analytics,1986-02-19,MA,Female,US-MA-01,Hispanic,Single,Fully Meets,3
2539,Casey,Bradford,2018-10-30,,BI Developer,Jason Foss,2480,casey.bradford@bilearner.com,CCDR,Active,Full-Time,Zone B,Full-Time,IT/IS,Data & Analytics,1961-05-16,MA,Male,US-MA-02,Black,Married,Fully Meets,3
2540,London,Bautista,2010-02-26,2012-09-13,Software Engineering Manager,Trey Johnston,2506,london.bautista@bilearner.com,CCDR,Voluntarily Terminated,Full-Time,Zone B,Full-Time,Software Engineering,Software Engineering,1972-05-09,MA,Female,US-MA-03,Black,Divorced,Fully Meets,3
2541,Kayleigh,Davenport,2007-12-13,,Software Engineer,Ariel Cervantes,2322,kayleigh.davenport@bilearner.com,EW,Active,Full-Time,Zone A,Full-Time,Software Engineering,Software Engineering,1973-01-09,MA,Female,US-MA-01,Other,Married,Fully Meets,3
2542,Koen,Flores,2004-08-09,,Software Engineer,Callum Ford,2588,koen.flores@bilearner.com,MSC,Active,Full-Time,Zone A,Full-Time,Software Engineering,Software Engineering,1959-09-01,MA,Male,US-MA-02,Black,Single,Fully Meets,3
2543,Ernest,Finley,2015-04-28,2019-09-19,Software Engineer,Precious Roth,3965,ernest.finley@bilearner.com,NEL,Voluntarily Terminated,Full-Time,Zone B,Full-Time,Software Engineering,Software Engineering,1991-12-25,MA,Male,US-MA-03,White,Divorced,Fully Meets,3
2544,Wade,Hernandez,2020-06-16,2023-02-16,IT Manager - DB,Kali Yates,2263,wade.hernandez@bilearner.com,SVG,Voluntarily Terminated,Full-Time,Zone B,Full-Time,IT/IS,Database & Data Platform,1999-06-16,MA,Male,US-MA-01,White,Married,Fully Meets,3
2545,Odin,Key,2008-07-03,,IT Manager - DB,Peter Monroe,2483,odin.key@bilearner.com,PYZ,Active,Full-Time,Zone A,Full-Time,IT/IS,Database & Data Platform,1973-09-12,MA,Male,US-MA-02,Hispanic,Widowed,Fully Meets,3
2546,Deven,Huff,2021-11-29,,IT Director,Hadley Nash,2224,deven.huff@bilearner.com,PL,Active,Full-Time,Zone A,Full-Time,IT/IS,IT Operations,1990-02-14,MA,Male,US-MA-03,Other,Married,Fully Meets,3
2547,Kenna,Simon,2015-08-21,,Director of Sales,Edward Buck,3429,kenna.simon@bilearner.com,NEL,Active,Full-Time,Zone A,Full-Time,Sales,Sales & Marketing,1970-07-15,MA,Male,US-MA-01,Hispanic,Widowed,Fully Meets,3
2548,Luz,Garza,2023-05-29,2024-02-06,BI Developer,Ricardo Ruiz,2486,luz.garza@bilearner.com,PYZ,Voluntarily Terminated,Full-Time,Zone B,Full-Time,IT/IS,Data & Analytics,1975-02-14,MA,Female,US-MA-02,Other,Divorced,Fully Meets,4
2549,Tristan,Reed,2019-10-24,,BI Developer,Hadley Nash,2224,tristan.reed@bilearner.com,PL,Active,Full-Time,Zone B,Full-Time,IT/IS,Data & Analytics,1963-07-04,MA,Female,US-MA-03,White,Divorced,Fully Meets,4
2550,Beckett,Beck,2008-05-15,2011-06-01,Software Engineering Manager,Brycen York,2421,beckett.beck@bilearner.com,WBL,Voluntarily Terminated,Full-Time,Zone B,Full-Time,Software Engineering,Software Engineering,1952-04-25,MA,Female,US-MA-01,White,Widowed,Fully Meets,4
2551,Coby,Giles,2020-04-14,2020-10-20,Software Engineer,Precious Roth,3965,coby.giles@bilearner.com,NEL,Voluntarily Terminated,Full-Time,Zone B,Full-Time,Software Engineering,Software Engineering,1988-05-12,MA,Female,US-MA-02,Other,Widowed,Fully Meets,3
2552,Jalen,Jennings,2026-01-01,,Software Engineer,Amiyah Sims,1341,jalen.jennings@bilearner.com,PL,Active,Full-Time,Zone B,Full-Time,Software Engineering,Software Engineering,1960-06-03,MA,Male,US-MA-03,White,Single,Fully Meets,3
2553,Ralph,Barrera,2007-09-01,2010-01-26,IT Manager - DB,Carla Willis,2251,ralph.barrera@bilearner.com,NEL,Terminated for Cause,Part-Time,Zone B,Part-Time,IT/IS,Database & Data Platform,1973-10-09,MA,Male,US-MA-01,Other,Divorced,Fully Meets,4
2554,Shania,Caldwell,2007-11-30,2008-11-03,IT Manager - DB,Peter Monroe,2483,shania.caldwell@bilearner.com,PL,Voluntarily Terminated,Full-Time,Zone B,Full-Time,IT/IS,Database & Data Platform,1973-02-23,MA,Male,US-MA-02,Hispanic,Widowed,Fully Meets,3
2555,Colby,Horne,2018-05-09,2019-11-18,IT Director,Milo Jensen,2225,colby.horne@bilearner.com,BPC,Retired,Full-Time,Zone A,Full-Time,IT/IS,IT Operations,1956-10-26,MA,Male,US-MA-03,Other,Widowed,Fully Meets,4
2556,Kaiden,Cunningham,2022-04-10,2023-05-18,Director of Sales,Soren Downs,2691,kaiden.cunningham@bilearner.com,CCDR,Terminated for Cause,Full-Time,Zone A,Full-Time,Sales,Sales & Marketing,1996-04-25,MA,Male,US-MA-01,White,Married,Fully Meets,3
2557,Davion,Vasquez,2012-03-11,,BI Developer,Leo Cooper,2487,davion.vasquez@bilearner.com,MSC,Active,Full-Time,Zone B,Full-Time,IT/IS,Data & Analytics,1964-06-17,MA,Female,US-MA-02,Black,Married,Fully Meets,3
2558,Maeve,Gordon,2020-07-21,2022-11-22,Software Engineering Manager,Amiyah Sims,1341,maeve.gordon@bilearner.com,WBL,Terminated for Cause,Full-Time,Zone B,Full-Time,Software Engineering,Software Engineering,1965-11-25,MA,Female,US-MA-03,Asian,Widowed,Fully Meets,3
2559,Monserrat,Ferguson,2008-03-28,,Software Engineer,Callum Ford,2588,monserrat.ferguson@bilearner.com,NEL,Active,Full-Time,Zone A,Full-Time,Software Engineering,Software Engineering,1957-11-23,MA,Male,US-MA-01,White,Widowed,Fully Meets,3
2560,Nathan,Schmitt,2003-02-28,2004-09-30,IT Manager - Infra,Carla Willis,2251,nathan.schmitt@bilearner.com,WBL,Voluntarily Terminated,Full-Time,Zone B,Full-Time,IT/IS,IT Infrastructure,1977-01-05,MA,Male,US-MA-02,Black,Widowed,Fully Meets,4
2561,Ashly,Mullen,2012-03-09,,IT Manager - DB,Kenna Porter,1661,ashly.mullen@bilearner.com,NEL,Active,Full-Time,Zone B,Full-Time,IT/IS,Database & Data Platform,1965-05-06,MA,Male,US-MA-03,Hispanic,Married,Fully Meets,4
2562,Angelique,Cochran,2014-01-08,2017-06-07,IT Manager - DB,Carlos Mccoy,2274,angelique.cochran@bilearner.com,PL,Voluntarily Terminated,Full-Time,Zone B,Full-Time,IT/IS,Database & Data Platform,1967-11-18,MA,Male,US-MA-01,Other,Married,Fully Meets,3
2563,Kenny,Rojas,2024-08-29,,IT Director,Maddison Perez,3961,kenny.rojas@bilearner.com,BPC,Active,Full-Time,Zone A,Full-Time,IT/IS,IT Operations,2000-05-21,MA,Male,US-MA-02,Other,Widowed,Fully Meets,3
2564,Deandre,Oneal,2014-02-01,2024-07-30,Director of Sales,Nasir Glass,2671,deandre.oneal@bilearner.com,CCDR,Voluntarily Terminated,Full-Time,Zone A,Full-Time,Sales,Sales & Marketing,1995-07-11,MA,Male,US-MA-03,Hispanic,Married,Fully Meets,3
2565,Adison,Huerta,2012-12-31,,BI Developer,Kenna Porter,1661,adison.huerta@bilearner.com,PL,Active,Full-Time,Zone B,Full-Time,IT/IS,Data & Analytics,1985-11-14,MA,Female,US-MA-01,White,Married,Fully Meets,4
2566,Elisabeth,Bradley,2010-06-09,,Software Engineering Manager,Charlize Ballard,2683,elisabeth.bradley@bilearner.com,CCDR,Active,Full-Time,Zone A,Full-Time,Software Engineering,Software Engineering,1966-09-30,MA,Male,US-MA-02,Other,Married,Fully Meets,3
2567,Sylvia,Price,2014-12-02,2018-04-10,IT Manager - Infra,Leo Cooper,2487,sylvia.price@bilearner.com,CCDR,Voluntarily Terminated,Full-Time,Zone B,Full-Time,IT/IS,IT Infrastructure,1959-10-15,MA,Male,US-MA-03,Black,Widowed,Fully Meets,3
2568,Eden,Choi,2005-11-23,,IT Manager - DB,Carla Willis,2251,eden.choi@bilearner.com,EW,Active,Full-Time,Zone A,Full-Time,IT/IS,Database & Data Platform,1965-11-02,MA,Male,US-MA-01,Asian,Widowed,Fully Meets,3
2569,Emerson,Grimes,2016-01-19,2021-07-30,IT Manager - DB,Simon Roup,2481,emerson.grimes@bilearner.com,MSC,Voluntarily Terminated,Full-Time,Zone B,Full-Time,IT/IS,Database & Data Platform,1995-03-28,MA,Male,US-MA-02,Black,Single,Fully Meets,3
2570,Ayden,Wu,2018-10-27,2022-08-07,IT Director,Vanessa Zuniga,2504,ayden.wu@bilearner.com,NEL,Voluntarily Terminated,Full-Time,Zone A,Full-Time,IT/IS,IT Operations,1991-11-18,MA,Male,US-MA-03,Black,Single,Fully Meets,3
2571,Hayley,Keller,2003-10-12,2005-06-05,BI Director,Carla Willis,2251,hayley.keller@bilearner.com,SVG,Voluntarily Terminated,Full-Time,Zone A,Full-Time,IT/IS,Data & Analytics,1972-02-19,MA,Female,US-MA-01,Asian,Divorced,Fully Meets,3
2572,Alannah,Rivas,2020-02-14,2022-02-27,BI Developer,Amina Bush,2514,alannah.rivas@bilearner.com,PYZ,Voluntarily Terminated,Full-Time,Zone B,Full-Time,IT/IS,Data & Analytics,1994-05-20,MA,Male,US-MA-02,Asian,Widowed,Fully Meets,3
2573,Jessica,Bunbury,2003-05-30,2005-02-27,Area Sales Manager,David Kirk,2729,jessica.bunbury@bilearner.com,NEL,Retired,Full-Time,Zone B,Full-Time,Sales,Sales & Marketing,1937-09-03,VA,Female,US-VA-01,Black,Divorced,Fully Meets,3
2574,Giovanni,Leruth,2017-05-13,2019-01-29,Area Sales Manager,Luciana Steele,2688,giovanni.leruth@bilearner.com,EW,Voluntarily Terminated,Full-Time,Zone B,Full-Time,Sales,Sales & Marketing,1971-11-18,UT,Male,US-UT-01,Hispanic,Widowed,Fully Meets,3
2575,Ricardo,Gonzales,2018-10-18,2019-09-21,Area Sales Manager,Mary Moore,2622,ricardo.gonzales@bilearner.com,PYZ,Retired,Full-Time,Zone B,Full-Time,Sales,Sales & Marketing,1951-06-21,ID,Male,US-ID-01,Other,Widowed,Fully Meets,3
2576,Caitrin,Strong,2018-01-04,2020-10-12,Area Sales Manager,Kenna Simon,2547,caitrin.strong@bilearner.com,CCDR,Voluntarily Terminated,Full-Time,Zone B,Full-Time,Sales,Sales & Marketing,1969-12-27,MT,Female,US-MT-01,Asian,Widowed,Fully Meets,3
2577,Jenna,Dietrich,2004-05-15,2005-06-24,Area Sales Manager,David Kirk,2729,jenna.dietrich@bilearner.com,PYZ,Voluntarily Terminated,Full-Time,Zone B,Full-Time,Sales,Sales & Marketing,1963-07-28,WA,Female,US-WA-01,Other,Married,Fully Meets,3
2578,Michelle,Carter,2013-08-23,,Area Sales Manager,Cody Bates,2662,michelle.carter@bilearner.com,MSC,Active,Full-Time,Zone B,Full-Time,Sales,Sales & Marketing,1992-06-08,VT,Female,US-VT-02,Black,Single,Fully Meets,3
2579,Jackie,Valentin,2012-02-07,,Area Sales Manager,Moises Day,1676,jackie.valentin@bilearner.com,MSC,Active,Full-Time,Zone B,Full-Time,Sales,Sales & Marketing,1977-06-29,AZ,Female,US-AZ-01,White,Married,Fully Meets,4
2580,Alfred,Digitale,2015-12-01,2020-02-19,Area Sales Manager,Hugo Clay,3493,alfred.digitale@bilearner.com,BPC,Retired,Full-Time,Zone B,Full-Time,Sales,Sales & Marketing,1954-04-07,NH,Male,US-NH-01,White,Single,Fully Meets,3
2581,Howard,Mullaney,2020-09-25,,Area Sales Manager,Saniya Ho,2646,howard.mullaney@bilearner.com,MSC,Active,Full-Time,Zone B,Full-Time,Sales,Sales & Marketing,1970-11-12,AL,Male,US-AL-01,Other,Divorced,Fully Meets,3
2582,Whitney,Gill,2009-08-28,,Area Sales Manager,Raven Koch,3510,whitney.gill@bilearner.com,MSC,Active,Full-Time,Zone A,Full-Time,Sales,Sales & Marketing,1971-11-07,OH,Female,US-OH-01,Hispanic,Single,Fully Meets,3
2583,Gerry,Friedman,2024-06-24,,Area Sales Manager,Jocelyn Bradford,3521,gerry.friedman@bilearner.com,PYZ,Active,Full-Time,Zone B,Full-Time,Sales,Sales & Marketing,1996-02-29,NY,Male,US-NY-01,Black,Married,Fully Meets,3
2584,Noah,Villanueva,2006-10-23,,Area Sales Manager,Charlize Ballard,2683,noah.villanueva@bilearner.com,TNS,Active,Full-Time,Zone A,Full-Time,Sales,Sales & Marketing,1977-07-31,ME,Male,US-ME-01,White,Single,Fully Meets,3
2585,Mike,Guilianno,2017-07-05,,Area Sales Manager,Kara Ferrell,1666,mike.guilianno@bilearner.com,PYZ,Active,Full-Time,Zone B,Full-Time,Sales,Sales & Marketing,1968-05-15,TN,Male,US-TN-01,Asian,Divorced,Fully Meets,3
2586,Travis,Ozark,2023-06-04,,Area Sales Manager,Helen Humphrey,2712,travis.ozark@bilearner.com,CCDR,Active,Full-Time,Zone B,Full-Time,Sales,Sales & Marketing,1980-04-25,NC,Male,US-NC-01,Asian,Divorced,Fully Meets,3
2587,Rylee,Frye,2002-09-16,2003-05-16,Area Sales Manager,David Kirk,2729,rylee.frye@bilearner.com,NEL,Terminated for Cause,Full-Time,Zone B,Full-Time,Sales,Sales & Marketing,1974-06-22,MA,Male,US-MA-03,Other,Widowed,Fully Meets,3
2588,Callum,Ford,2003-05-26,,Area Sales Manager,Marlon Ford,3532,callum.ford@bilearner.com,PL,Active,Full-Time,Zone A,Full-Time,Sales,Sales & Marketing,1981-03-06,MA,Male,US-MA-01,Other,Single,Fully Meets,3
2589,Jabari,Frank,2007-09-14,,Area Sales Manager,Kimora Parsons,3487,jabari.frank@bilearner.com,BPC,Active,Full-Time,Zone A,Full-Time,Sales,Sales & Marketing,1965-03-28,AZ,Male,US-AZ-02,Asian,Single,Fully Meets,3
2590,Stephanie,Wilkinson,2009-08-23,2010-08-19,Area Sales Manager,Willie Patterson,3488,stephanie.wilkinson@bilearner.com,CCDR,Terminated for Cause,Full-Time,Zone B,Full-Time,Sales,Sales & Marketing,1954-01-03,AZ,Male,US-AZ-03,Asian,Married,Fully Meets,3
2591,Cruz,Arellano,2017-07-17,,Area Sales Manager,Mike Guilianno,2585,cruz.arellano@bilearner.com,SVG,Active,Full-Time,Zone B,Full-Time,Sales,Sales & Marketing,1993-08-08,AZ,Male,US-AZ-01,Asian,Single,Fully Meets,3
2592,Rubi,Shields,2022-08-24,,Area Sales Manager,Lynn Daneault,1933,rubi.shields@bilearner.com,EW,Active,Full-Time,Zone B,Full-Time,Sales,Sales & Marketing,1992-09-05,TN,Male,US-TN-02,Asian,Single,Fully Meets,4
2593,Sage,Booker,2013-12-24,2015-10-22,Area Sales Manager,Aspen Bentley,3496,sage.booker@bilearner.com,MSC,Terminated for Cause,Contract,Zone B,Temporary,Sales,Sales & Marketing,1972-02-08,TN,Male,US-TN-03,Other,Widowed,Fully Meets,3
2594,Aileen,Wright,2012-02-17,,Area Sales Manager,Jac McKinzie,3435,aileen.wright@bilearner.com,TNS,Active,Full-Time,Zone B,Full-Time,Sales,Sales & Marketing,1962-10-09,TN,Male,US-TN-01,Other,Divorced,Fully Meets,3
2595,Karly,Ho,2026-01-25,,Area Sales Manager,Howard Mullaney,2581,karly.ho@bilearner.com,PYZ,Active,Full-Time,Zone B,Full-Time,Sales,Sales & Marketing,1998-03-25,TN,Male,US-TN-02,Asian,Divorced,Fully Meets,3
2596,Thaddeus,Lutz,2005-10-17,2009-06-15,Area Sales Manager,Jac McKinzie,3435,thaddeus.lutz@bilearner.com,WBL,Voluntarily Terminated,Full-Time,Zone B,Full-Time,Sales,Sales & Marketing,1977-05-20,ID,Male,US-ID-02,Black,Divorced,Fully Meets,3
2597,Layla,Kane,2019-12-31,,Area Sales Manager,Vincent Logan,2670,layla.kane@bilearner.com,NEL,Active,Full-Time,Zone B,Full-Time,Sales,Sales & Marketing,1999-11-01,ID,Male,US-ID-03,Asian,Divorced,Fully Meets,3
2598,Yesenia,Payne,2004-09-09,,Area Sales Manager,Kimora Parsons,3487,yesenia.payne@bilearner.com,PL,Active,Full-Time,Zone A,Full-Time,Sales,Sales & Marketing,1964-09-05,ID,Male,US-ID-01,Asian,Divorced,Fully Meets,4
2599,Jase,Waters,2010-09-26,2012-12-24,Administrative Assistant,Shyanne Stark,1044,jase.waters@bilearner.com,BPC,Voluntarily Terminated,Full-Time,Zone C,Full-Time,Admin Offices,Corporate Services,1971-12-14,ID,Female,US-ID-02,Black,Widowed,Fully Meets,3
2600,Thomas,Sloan,2024-09-23,,Administrative Assistant,Abdullah Frederick,1080,thomas.sloan@bilearner.com,CCDR,Active,Full-Time,Zone C,Full-Time,Admin Offices,Corporate Services,1965-01-16,WA,Female,US-WA-02,Asian,Widowed,Fully Meets,3
2601,Anya,Baldwin,2025-08-16,2026-05-13,Administrative Assistant,Shyanne Stark,1044,anya.baldwin@bilearner.com,SVG,Voluntarily Terminated,Contract,Zone C,Temporary,Admin Offices,Corporate Services,2001-03-02,WA,Female,US-WA-03,Hispanic,Widowed,Fully Meets,4
2602,Jacquelyn,Austin,2003-03-04,2003-09-07,Accountant I,David Kirk,2729,jacquelyn.austin@bilearner.com,EW,Voluntarily Terminated,Full-Time,Zone B,Full-Time,Admin Offices,Finance & Accounting,1982-08-07,MA,Female,US-MA-02,Other,Widowed,Fully Meets,3
2603,Kaitlynn,Aguirre,2014-08-14,2017-02-10,Area Sales Manager,Jocelyn Bradford,3521,kaitlynn.aguirre@bilearner.com,NEL,Terminated for Cause,Full-Time,Zone B,Full-Time,Sales,Sales & Marketing,1956-11-09,MA,Male,US-MA-03,Other,Divorced,Fully Meets,4
2604,Saniyah,Cantu,2017-02-17,2020-08-08,Area Sales Manager,Axel Howe,3456,saniyah.cantu@bilearner.com,PL,Voluntarily Terminated,Full-Time,Zone B,Full-Time,Sales,Sales & Marketing,1987-03-10,MA,Male,US-MA-01,Other,Divorced,Fully Meets,3
2605,Jakayla,Dickson,2013-04-15,2014-11-19,Area Sales Manager,Jaycee Alexander,2698,jakayla.dickson@bilearner.com,BPC,Terminated for Cause,Full-Time,Zone B,Full-Time,Sales,Sales & Marketing,1968-08-11,AZ,Male,US-AZ-02,Black,Married,Fully Meets,3
2606,Aspen,Freeman,2006-10-24,,Area Sales Manager,Callum Ford,2588,aspen.freeman@bilearner.com,CCDR,Active,Full-Time,Zone A,Full-Time,Sales,Sales & Marketing,1981-12-18,AZ,Male,US-AZ-03,White,Single,Fully Meets,3
2607,Lamont,Summers,2018-06-30,,Area Sales Manager,Whitney Gill,2582,lamont.summers@bilearner.com,SVG,Active,Full-Time,Zone B,Full-Time,Sales,Sales & Marketing,1976-10-14,AL,Male,US-AL-02,White,Married,Fully Meets,4
2608,Lewis,Hobbs,2012-05-13,,Area Sales Manager,Sawyer Oneal,2722,lewis.hobbs@bilearner.com,EW,Active,Full-Time,Zone B,Full-Time,Sales,Sales & Marketing,1977-12-01,TN,Male,US-TN-03,Asian,Married,Fully Meets,4
2609,Harrison,Camacho,2020-01-26,2021-10-06,Area Sales Manager,Ryann Rubio,3545,harrison.camacho@bilearner.com,MSC,Voluntarily Terminated,Full-Time,Zone B,Full-Time,Sales,Sales & Marketing,1971-08-13,TN,Male,US-TN-01,Asian,Widowed,Fully Meets,3
2610,Ronald,Marquez,2011-11-22,2012-07-29,Area Sales Manager,Kimora Parsons,3487,ronald.marquez@bilearner.com,TNS,Retired,Part-Time,Zone B,Part-Time,Sales,Sales & Marketing,1947-12-30,TN,Male,US-TN-02,White,Widowed,Fully Meets,3
2611,Arabella,Hunter,2018-06-07,2020-06-06,Area Sales Manager,Mylee Snow,1687,arabella.hunter@bilearner.com,PYZ,Retired,Full-Time,Zone B,Full-Time,Sales,Sales & Marketing,1956-09-22,TN,Male,US-TN-03,Black,Widowed,Fully Meets,3
2612,Amiya,Richardson,2016-11-25,2021-03-13,Area Sales Manager,Johnathon Serrano,2689,amiya.richardson@bilearner.com,WBL,Voluntarily Terminated,Full-Time,Zone B,Full-Time,Sales,Sales & Marketing,1963-07-01,ID,Male,US-ID-03,White,Married,Fully Meets,4
2613,Raquel,Sosa,2005-07-28,2009-10-15,Area Sales Manager,Axel Howe,3456,raquel.sosa@bilearner.com,NEL,Retired,Full-Time,Zone B,Full-Time,Sales,Sales & Marketing,1944-07-16,ID,Male,US-ID-01,Black,Single,Fully Meets,3
2614,Andy,Stewart,2017-06-09,,Area Sales Manager,Kenna Simon,2547,andy.stewart@bilearner.com,PL,Active,Full-Time,Zone B,Full-Time,Sales,Sales & Marketing,1987-03-14,ID,Male,US-ID-02,Black,Divorced,Fully Meets,3
2615,Patrick,Padilla,2022-09-09,,Administrative Assistant,Brandon R LeBlanc,2289,patrick.padilla@bilearner.com,BPC,Active,Full-Time,Zone C,Full-Time,Admin Offices,Corporate Services,1962-05-25,WA,Female,US-WA-01,Black,Single,Fully Meets,3
2616,Destiney,Navarro,2024-05-22,2025-05-01,Administrative Assistant,Brandon R LeBlanc,2289,destiney.navarro@bilearner.com,CCDR,Voluntarily Terminated,Full-Time,Zone C,Full-Time,Admin Offices,Corporate Services,1972-12-18,WA,Female,US-WA-02,Black,Married,Fully Meets,3
2617,Yadira,Barron,2015-01-29,2016-11-03,Administrative Assistant,Shyanne Stark,1044,yadira.barron@bilearner.com,SVG,Voluntarily Terminated,Contract,Zone C,Temporary,Admin Offices,Corporate Services,1995-04-26,WA,Female,US-WA-03,Hispanic,Single,Fully Meets,4
2618,Anika,Bender,2023-06-27,,Accountant I,Isai Alvarado,1061,anika.bender@bilearner.com,EW,Active,Full-Time,Zone B,Full-Time,Admin Offices,Finance & Accounting,1994-11-20,MA,Female,US-MA-02,White,Married,Fully Meets,3
2619,Carlo,Giles,2008-05-21,2009-10-12,Area Sales Manager,Aspen Freeman,2606,carlo.giles@bilearner.com,WBL,Retired,Full-Time,Zone B,Full-Time,Sales,Sales & Marketing,1946-04-06,MA,Male,US-MA-03,Hispanic,Divorced,Fully Meets,3
2620,Kaylin,Dillon,2012-10-20,,Area Sales Manager,Tania Jennings,1665,kaylin.dillon@bilearner.com,NEL,Active,Contract,Zone B,Temporary,Sales,Sales & Marketing,1973-10-02,MA,Male,US-MA-01,Asian,Married,Fully Meets,3
2621,Laura,Bullock,2017-02-09,,Area Sales Manager,Vincent Logan,2670,laura.bullock@bilearner.com,PL,Active,Full-Time,Zone B,Full-Time,Sales,Sales & Marketing,1973-06-05,AZ,Male,US-AZ-01,White,Single,Fully Meets,4
2622,Mary,Moore,2004-04-02,,Area Sales Manager,Harley Greer,2745,mary.moore@bilearner.com,BPC,Active,Full-Time,Zone A,Full-Time,Sales,Sales & Marketing,1980-05-23,AZ,Male,US-AZ-02,Asian,Widowed,Fully Meets,4
2623,Harper,Clark,2022-03-24,2024-07-23,Area Sales Manager,Cruz Arellano,2591,harper.clark@bilearner.com,CCDR,Voluntarily Terminated,Full-Time,Zone B,Full-Time,Sales,Sales & Marketing,1991-12-11,AZ,Male,US-AZ-03,Asian,Divorced,Fully Meets,3
2624,Charles,Howard,2024-04-14,2025-03-02,Area Sales Manager,Charlee Calhoun,1648,charles.howard@bilearner.com,SVG,Voluntarily Terminated,Full-Time,Zone B,Full-Time,Sales,Sales & Marketing,1984-07-22,AL,Male,US-AL-03,Other,Single,Fully Meets,3
2625,Jaron,Rojas,2014-01-19,2016-08-17,Area Sales Manager,Moises Day,1676,jaron.rojas@bilearner.com,EW,Voluntarily Terminated,Contract,Zone B,Temporary,Sales,Sales & Marketing,1980-07-15,TN,Male,US-TN-01,Asian,Divorced,Fully Meets,3
2626,Jordyn,Mcguire,2007-10-26,2008-08-10,Area Sales Manager,Charlize Ballard,2683,jordyn.mcguire@bilearner.com,MSC,Voluntarily Terminated,Full-Time,Zone B,Full-Time,Sales,Sales & Marketing,1976-09-04,TN,Male,US-TN-02,Asian,Widowed,Fully Meets,3
2627,Valentino,Myers,2007-06-02,2008-03-12,Area Sales Manager,Mary Moore,2622,valentino.myers@bilearner.com,TNS,Voluntarily Terminated,Full-Time,Zone B,Full-Time,Sales,Sales & Marketing,1963-08-19,TN,Male,US-TN-03,Other,Divorced,Fully Meets,3
2628,Charles,Coleman,2015-10-02,,Area Sales Manager,Charlize Ballard,2683,charles.coleman@bilearner.com,BPC,Active,Full-Time,Zone B,Full-Time,Sales,Sales & Marketing,1991-11-19,TN,Male,US-TN-01,Hispanic,Divorced,Fully Meets,3
2629,Kamden,Cummings,2023-10-05,2025-05-08,Area Sales Manager,Aspen Freeman,2606,kamden.cummings@bilearner.com,CCDR,Terminated for Cause,Full-Time,Zone B,Full-Time,Sales,Sales & Marketing,1975-02-04,ID,Male,US-ID-03,White,Single,Fully Meets,4
2630,Kiley,Wagner,2014-05-23,2020-02-10,Area Sales Manager,Willie Patterson,3488,kiley.wagner@bilearner.com,EW,Voluntarily Terminated,Full-Time,Zone B,Full-Time,Sales,Sales & Marketing,1994-11-04,ID,Male,US-ID-01,Asian,Widowed,Fully Meets,3
2631,Darien,Young,2025-08-22,,Area Sales Manager,Lamont Summers,2607,darien.young.2631@bilearner.com,MSC,Active,Full-Time,Zone B,Full-Time,Sales,Sales & Marketing,1998-04-09,ID,Female,US-ID-02,Black,Widowed,Fully Meets,3
2632,Madeline,Suarez,2013-05-29,,Administrative Assistant,Isai Alvarado,1061,madeline.suarez@bilearner.com,NEL,Active,Full-Time,Zone B,Full-Time,Admin Offices,Corporate Services,1975-10-20,WA,Female,US-WA-01,Hispanic,Divorced,Fully Meets,4
2633,Zain,Nolan,2019-02-26,,Administrative Assistant,Shyanne Stark,1044,zain.nolan@bilearner.com,PL,Active,Full-Time,Zone C,Full-Time,Admin Offices,Corporate Services,1985-09-09,WA,Female,US-WA-02,White,Single,Fully Meets,3
2634,Hezekiah,Mcgee,2018-04-27,,Administrative Assistant,Taylor Gamble,1090,hezekiah.mcgee@bilearner.com,PYZ,Active,Full-Time,Zone C,Full-Time,Admin Offices,Corporate Services,1971-12-07,WA,Female,US-WA-03,Asian,Single,Fully Meets,4
2635,Maxim,Phillips,2015-05-02,2017-10-12,Accountant I,Shyanne Stark,1044,maxim.phillips@bilearner.com,SVG,Voluntarily Terminated,Full-Time,Zone B,Full-Time,Admin Offices,Finance & Accounting,1957-07-26,MA,Female,US-MA-02,Asian,Divorced,Fully Meets,3
2636,Gwendolyn,Hogan,2017-03-17,2019-07-30,Area Sales Manager,Harley Greer,2745,gwendolyn.hogan@bilearner.com,PYZ,Voluntarily Terminated,Full-Time,Zone B,Full-Time,Sales,Sales & Marketing,1970-11-20,MA,Male,US-MA-03,Asian,Married,Fully Meets,4
2637,Kaia,Hernandez,2006-08-24,,Area Sales Manager,Marlon Ford,3532,kaia.hernandez@bilearner.com,WBL,Active,Full-Time,Zone A,Full-Time,Sales,Sales & Marketing,1967-10-04,MA,Male,US-MA-01,Asian,Divorced,Fully Meets,3
2638,Mathias,Tran,2015-04-18,2018-03-14,Area Sales Manager,Alisa James,3460,mathias.tran@bilearner.com,NEL,Voluntarily Terminated,Full-Time,Zone B,Full-Time,Sales,Sales & Marketing,1957-01-10,AZ,Male,US-AZ-01,Asian,Divorced,Fully Meets,3
2639,Simeon,Roy,2009-07-08,,Area Sales Manager,Harley Greer,2745,simeon.roy@bilearner.com,PL,Active,Full-Time,Zone A,Full-Time,Sales,Sales & Marketing,1975-09-22,AZ,Male,US-AZ-02,Asian,Married,Fully Meets,3
2640,Magdalena,Whitehead,2015-11-28,2018-04-28,Area Sales Manager,Nathaly Stevens,2648,magdalena.whitehead@bilearner.com,BPC,Voluntarily Terminated,Full-Time,Zone B,Full-Time,Sales,Sales & Marketing,1962-11-06,AZ,Male,US-AZ-03,Black,Single,Fully Meets,3
2641,Gwendolyn,Mccall,2013-02-13,2015-08-17,Area Sales Manager,Aspen Freeman,2606,gwendolyn.mccall@bilearner.com,CCDR,Voluntarily Terminated,Full-Time,Zone B,Full-Time,Sales,Sales & Marketing,1975-07-20,AZ,Male,US-AZ-01,Asian,Married,Fully Meets,3
2642,Demarion,Harrington,2007-05-31,2009-07-01,Area Sales Manager,Marlon Ford,3532,demarion.harrington@bilearner.com,SVG,Retired,Full-Time,Zone B,Full-Time,Sales,Sales & Marketing,1951-06-13,AL,Male,US-AL-01,Asian,Divorced,Fully Meets,3
2643,Katelyn,Brown,2014-06-20,2017-03-31,Area Sales Manager,Callum Ford,2588,katelyn.brown@bilearner.com,EW,Voluntarily Terminated,Full-Time,Zone B,Full-Time,Sales,Sales & Marketing,1966-12-24,TN,Male,US-TN-02,Black,Divorced,Fully Meets,4
2644,Miranda,Keith,2013-10-24,2018-05-25,Area Sales Manager,Jonathan Adkins,3471,miranda.keith@bilearner.com,MSC,Voluntarily Terminated,Full-Time,Zone B,Full-Time,Sales,Sales & Marketing,1983-05-06,TN,Male,US-TN-03,Other,Single,Fully Meets,4
2645,Breanna,Kerr,2014-02-09,,Area Sales Manager,Annalise Olsen,2707,breanna.kerr@bilearner.com,TNS,Active,Full-Time,Zone B,Full-Time,Sales,Sales & Marketing,1972-08-12,TN,Male,US-TN-01,Asian,Married,Fully Meets,3
2646,Saniya,Ho,2013-09-09,,Area Sales Manager,Lennon Buchanan,3491,saniya.ho@bilearner.com,PYZ,Active,Full-Time,Zone B,Full-Time,Sales,Sales & Marketing,1983-06-11,ID,Male,US-ID-03,Black,Widowed,Fully Meets,4
2647,Rylan,Key,2022-01-20,,Area Sales Manager,Adriel Wiggins,3547,rylan.key@bilearner.com,WBL,Active,Full-Time,Zone B,Full-Time,Sales,Sales & Marketing,2002-10-21,ID,Male,US-ID-01,Hispanic,Single,Fully Meets,3
2648,Nathaly,Stevens,2010-01-09,,Area Sales Manager,Yesenia Payne,2598,nathaly.stevens@bilearner.com,NEL,Active,Full-Time,Zone A,Full-Time,Sales,Sales & Marketing,1972-07-19,ID,Male,US-ID-02,Other,Married,Fully Meets,3
2649,Maximus,Delgado,2022-07-11,2023-06-28,Area Sales Manager,Lamont Summers,2607,maximus.delgado@bilearner.com,PL,Terminated for Cause,Full-Time,Zone B,Full-Time,Sales,Sales & Marketing,1973-03-21,NY,Female,US-NY-02,White,Widowed,Fully Meets,4
2650,Karley,Long,2013-02-10,,Administrative Assistant,Isai Alvarado,1061,karley.long@bilearner.com,BPC,Active,Part-Time,Zone B,Part-Time,Admin Offices,Corporate Services,1964-08-15,WA,Female,US-WA-01,Black,Single,Fully Meets,3
2651,Demarcus,Frazier,2009-04-08,,Administrative Assistant,Shyanne Stark,1044,demarcus.frazier@bilearner.com,CCDR,Active,Contract,Zone A,Temporary,Admin Offices,Corporate Services,1978-07-01,WA,Female,US-WA-02,Hispanic,Divorced,Fully Meets,3
2652,Fernando,Richard,2018-11-18,2019-10-04,Administrative Assistant,Isai Alvarado,1061,fernando.richard@bilearner.com,SVG,Retired,Full-Time,Zone C,Full-Time,Admin Offices,Corporate Services,1954-03-08,MA,Female,US-MA-02,Other,Widowed,Fully Meets,3
2653,Keon,Gonzalez,2021-06-08,2022-08-11,Area Sales Manager,Jaycee Alexander,2698,keon.gonzalez@bilearner.com,PYZ,Retired,Full-Time,Zone B,Full-Time,Sales,Sales & Marketing,1957-09-11,MA,Male,US-MA-03,White,Widowed,Fully Meets,3
2654,Lauryn,Anthony,2006-03-19,2011-02-20,Area Sales Manager,Maruk Fraval,3432,lauryn.anthony@bilearner.com,WBL,Terminated for Cause,Full-Time,Zone B,Full-Time,Sales,Sales & Marketing,1955-07-09,MA,Male,US-MA-01,Black,Divorced,Fully Meets,4
2655,Amanda,Allison,2007-12-16,2008-08-12,Area Sales Manager,Valentin Reilly,3468,amanda.allison@bilearner.com,NEL,Voluntarily Terminated,Full-Time,Zone B,Full-Time,Sales,Sales & Marketing,1964-11-08,AZ,Male,US-AZ-02,Black,Divorced,Fully Meets,3
2656,Urijah,Houston,2010-11-14,2014-12-14,Area Sales Manager,Soren Downs,2691,urijah.houston@bilearner.com,PL,Voluntarily Terminated,Full-Time,Zone B,Full-Time,Sales,Sales & Marketing,1957-02-10,AZ,Male,US-AZ-03,Hispanic,Single,Fully Meets,4
2657,Trace,Brandt,2016-01-09,2016-04-24,Area Sales Manager,Kaia Hernandez,2637,trace.brandt@bilearner.com,BPC,Terminated for Cause,Full-Time,Zone B,Full-Time,Sales,Sales & Marketing,1995-06-06,AZ,Male,US-AZ-01,White,Widowed,Fully Meets,3
2658,Yuliana,Levine,2011-11-22,2012-04-28,Area Sales Manager,Graham Villa,2489,yuliana.levine@bilearner.com,CCDR,Voluntarily Terminated,Full-Time,Zone B,Full-Time,Sales,Sales & Marketing,1960-03-28,AZ,Male,US-AZ-02,Black,Married,Fully Meets,3
2659,Bailey,Hays,2011-01-31,,Area Sales Manager,Whitney Gill,2582,bailey.hays@bilearner.com,SVG,Active,Full-Time,Zone A,Full-Time,Sales,Sales & Marketing,1990-07-13,AL,Male,US-AL-02,Black,Single,Fully Meets,3
2660,Sanaa,Valenzuela,2011-09-19,,Area Sales Manager,Luciana Steele,2688,sanaa.valenzuela@bilearner.com,EW,Active,Full-Time,Zone B,Full-Time,Sales,Sales & Marketing,1959-10-27,TN,Male,US-TN-02,Asian,Divorced,Fully Meets,3
2661,Avah,Hayes,2015-03-28,,Area Sales Manager,Nathaly Stevens,2648,avah.hayes@bilearner.com,MSC,Active,Full-Time,Zone B,Full-Time,Sales,Sales & Marketing,1970-08-11,TN,Male,US-TN-03,Black,Married,Fully Meets,4
2662,Cody,Bates,2013-07-25,,Area Sales Manager,Hugo Clay,3493,cody.bates@bilearner.com,TNS,Active,Full-Time,Zone B,Full-Time,Sales,Sales & Marketing,1990-07-04,ID,Male,US-ID-03,Asian,Single,Fully Meets,3
2663,Eli,Grant,2014-03-09,2014-11-17,Area Sales Manager,Edward Buck,3429,eli.grant@bilearner.com,PYZ,Voluntarily Terminated,Full-Time,Zone B,Full-Time,Sales,Sales & Marketing,1971-07-21,ID,Male,US-ID-01,Hispanic,Divorced,Fully Meets,3
2664,Felipe,Rollins,2019-03-29,,Area Sales Manager,Alisa James,3460,felipe.rollins@bilearner.com,WBL,Active,Full-Time,Zone B,Full-Time,Sales,Sales & Marketing,1961-06-25,ID,Male,US-ID-02,Hispanic,Divorced,Fully Meets,3
2665,Abdiel,Good,2016-11-13,,Area Sales Manager,Ashlynn Duffy,1949,abdiel.good@bilearner.com,NEL,Active,Full-Time,Zone B,Full-Time,Sales,Sales & Marketing,1991-07-14,NY,Male,US-NY-03,Hispanic,Married,Fully Meets,4
2666,Kaylyn,Frye,2011-09-13,2013-01-03,Area Sales Manager,David Kirk,2729,kaylyn.frye@bilearner.com,PL,Retired,Full-Time,Zone B,Full-Time,Sales,Sales & Marketing,1946-01-19,WA,Female,US-WA-03,Other,Single,Fully Meets,3
2667,Marisol,Alvarez,2006-09-23,2008-01-15,Administrative Assistant,Isai Alvarado,1061,marisol.alvarez@bilearner.com,BPC,Voluntarily Terminated,Full-Time,Zone C,Full-Time,Admin Offices,Corporate Services,1965-10-08,WA,Female,US-WA-01,Other,Widowed,Fully Meets,3
2668,Lane,Willis,2016-04-06,2017-10-10,Administrative Assistant,Shyanne Stark,1044,lane.willis@bilearner.com,CCDR,Voluntarily Terminated,Full-Time,Zone C,Full-Time,Admin Offices,Corporate Services,1978-11-12,MA,Female,US-MA-02,Asian,Married,Fully Meets,3
2669,Jade,Becker,2023-09-16,,Administrative Assistant,Taylor Gamble,1090,jade.becker@bilearner.com,SVG,Active,Part-Time,Zone C,Part-Time,Admin Offices,Corporate Services,1998-12-01,MA,Female,US-MA-03,Black,Single,Fully Meets,3
2670,Vincent,Logan,2012-02-16,,Area Sales Manager,Valentin Reilly,3468,vincent.logan@bilearner.com,PYZ,Active,Full-Time,Zone B,Full-Time,Sales,Sales & Marketing,1979-12-18,MA,Male,US-MA-01,Other,Widowed,Fully Meets,4
2671,Nasir,Glass,2012-02-13,,Area Sales Manager,Simeon Roy,2639,nasir.glass@bilearner.com,WBL,Active,Full-Time,Zone B,Full-Time,Sales,Sales & Marketing,1984-03-02,MA,Male,US-MA-02,Asian,Widowed,Fully Meets,3
2672,Quincy,Shannon,2011-02-20,2011-11-15,Area Sales Manager,Graham Villa,2489,quincy.shannon@bilearner.com,NEL,Voluntarily Terminated,Full-Time,Zone B,Full-Time,Sales,Sales & Marketing,1954-11-30,AZ,Male,US-AZ-03,Asian,Married,Fully Meets,3
2673,Alena,Walter,2018-06-26,,Area Sales Manager,Jabari Frank,2589,alena.walter@bilearner.com,PL,Active,Full-Time,Zone B,Full-Time,Sales,Sales & Marketing,1999-07-19,AZ,Male,US-AZ-01,Other,Single,Fully Meets,3
2674,Clay,Compton,2025-01-20,,Area Sales Manager,Avah Hayes,2661,clay.compton@bilearner.com,BPC,Active,Full-Time,Zone B,Full-Time,Sales,Sales & Marketing,1968-12-16,AZ,Male,US-AZ-02,White,Widowed,Fully Meets,3
2675,Kayden,Fernandez,2013-08-20,2014-10-27,Area Sales Manager,Emery Roach,3551,kayden.fernandez@bilearner.com,CCDR,Retired,Full-Time,Zone B,Full-Time,Sales,Sales & Marketing,1946-06-07,AL,Male,US-AL-03,Hispanic,Divorced,Fully Meets,3
2676,Bryson,Giles,2021-09-22,2025-10-05,Area Sales Manager,Kenna Simon,2547,bryson.giles@bilearner.com,SVG,Voluntarily Terminated,Full-Time,Zone B,Full-Time,Sales,Sales & Marketing,1972-08-01,AL,Male,US-AL-01,Asian,Single,Fully Meets,3
2677,Demarcus,Small,2004-01-14,2005-09-22,Area Sales Manager,David Kirk,2729,demarcus.small@bilearner.com,EW,Terminated for Cause,Full-Time,Zone B,Full-Time,Sales,Sales & Marketing,1955-05-09,TN,Male,US-TN-01,Hispanic,Divorced,Fully Meets,3
2678,Presley,Dodson,2020-01-05,,Area Sales Manager,Madalyn Prince,2718,presley.dodson@bilearner.com,MSC,Active,Full-Time,Zone B,Full-Time,Sales,Sales & Marketing,1966-05-01,ID,Male,US-ID-03,White,Single,Fully Meets,4
2679,Christine,Giles,2017-02-27,,Area Sales Manager,Isaias Briggs,1657,christine.giles@bilearner.com,TNS,Active,Full-Time,Zone B,Full-Time,Sales,Sales & Marketing,1986-11-16,ID,Male,US-ID-01,Hispanic,Divorced,Fully Meets,3
2680,Jasmine,Rogers,2018-02-10,2020-03-19,Area Sales Manager,Zariah Black,3530,jasmine.rogers@bilearner.com,PYZ,Voluntarily Terminated,Full-Time,Zone B,Full-Time,Sales,Sales & Marketing,1969-05-29,ID,Male,US-ID-02,Black,Single,Fully Meets,3
2681,Jaime,Greer,2024-12-08,2025-12-25,Area Sales Manager,Maxim Mooney,2734,jaime.greer@bilearner.com,WBL,Voluntarily Terminated,Full-Time,Zone B,Full-Time,Sales,Sales & Marketing,1984-02-04,ID,Male,US-ID-03,Black,Married,Fully Meets,3
2682,Keagan,Hutchinson,2018-10-13,,Area Sales Manager,Whitney Gill,2582,keagan.hutchinson@bilearner.com,NEL,Active,Full-Time,Zone B,Full-Time,Sales,Sales & Marketing,1976-06-05,NY,Male,US-NY-01,Asian,Widowed,Fully Meets,4
2683,Charlize,Ballard,2005-04-20,,Area Sales Manager,Callum Ford,2588,charlize.ballard@bilearner.com,PL,Active,Full-Time,Zone A,Full-Time,Sales,Sales & Marketing,1965-03-14,WA,Female,US-WA-02,Other,Divorced,Fully Meets,4
2684,Kendrick,Pollard,2016-04-09,2017-07-16,Administrative Assistant,Taylor Gamble,1090,kendrick.pollard@bilearner.com,BPC,Voluntarily Terminated,Full-Time,Zone C,Full-Time,Admin Offices,Corporate Services,1983-10-07,MA,Female,US-MA-03,White,Widowed,Fully Meets,3
2685,Meadow,Reed,2023-08-05,2024-10-04,Administrative Assistant,Blaine Brooks,1033,meadow.reed@bilearner.com,CCDR,Voluntarily Terminated,Part-Time,Zone C,Part-Time,Admin Offices,Corporate Services,1964-08-08,MA,Female,US-MA-01,Black,Divorced,Fully Meets,3
2686,Ryker,Hopkins,2016-07-23,,Area Sales Manager,Kenna Simon,2547,ryker.hopkins@bilearner.com,PYZ,Active,Full-Time,Zone B,Full-Time,Sales,Sales & Marketing,1985-07-15,MA,Male,US-MA-02,Other,Single,Fully Meets,4
2687,Bruno,Ashley,2015-06-06,,Area Sales Manager,Lennon Buchanan,3491,bruno.ashley@bilearner.com,WBL,Active,Full-Time,Zone B,Full-Time,Sales,Sales & Marketing,1978-10-23,AZ,Male,US-AZ-03,White,Single,Fully Meets,4
2688,Luciana,Steele,2010-09-10,,Area Sales Manager,Dean Little,2725,luciana.steele@bilearner.com,NEL,Active,Full-Time,Zone A,Full-Time,Sales,Sales & Marketing,1967-02-09,AZ,Male,US-AZ-01,Black,Married,Fully Meets,3
2689,Johnathon,Serrano,2014-04-28,,Area Sales Manager,David Kirk,2729,johnathon.serrano@bilearner.com,PL,Active,Full-Time,Zone B,Full-Time,Sales,Sales & Marketing,1984-04-28,AZ,Male,US-AZ-02,Other,Single,Fully Meets,3
2690,Joaquin,Cuevas,2010-07-04,2012-06-20,Area Sales Manager,Alexus Estes,3514,joaquin.cuevas@bilearner.com,BPC,Voluntarily Terminated,Full-Time,Zone B,Full-Time,Sales,Sales & Marketing,1987-12-12,AZ,Male,US-AZ-03,Black,Married,Fully Meets,4
2691,Soren,Downs,2008-11-11,,Area Sales Manager,Lennon Buchanan,3491,soren.downs@bilearner.com,CCDR,Active,Full-Time,Zone A,Full-Time,Sales,Sales & Marketing,1972-11-29,AL,Male,US-AL-02,Black,Widowed,Fully Meets,3
2692,Ralph,Stone,2009-10-21,2016-02-23,Area Sales Manager,Aspen Freeman,2606,ralph.stone@bilearner.com,SVG,Voluntarily Terminated,Full-Time,Zone B,Full-Time,Sales,Sales & Marketing,1956-03-03,TN,Male,US-TN-02,White,Widowed,Fully Meets,3
2693,Malcolm,Rivas,2013-03-28,,Area Sales Manager,Maruk Fraval,3432,malcolm.rivas@bilearner.com,EW,Active,Full-Time,Zone B,Full-Time,Sales,Sales & Marketing,1987-09-26,TN,Male,US-TN-03,White,Married,Fully Meets,3
2694,Adam,Beltran,2008-07-13,2012-06-06,Area Sales Manager,Milagros Francis,3517,adam.beltran@bilearner.com,MSC,Voluntarily Terminated,Full-Time,Zone B,Full-Time,Sales,Sales & Marketing,1980-12-15,ID,Male,US-ID-01,Black,Widowed,Fully Meets,3
2695,Isis,Ortega,2007-12-25,2012-03-02,Area Sales Manager,Mary Moore,2622,isis.ortega@bilearner.com,TNS,Voluntarily Terminated,Full-Time,Zone B,Full-Time,Sales,Sales & Marketing,1960-10-24,ID,Male,US-ID-02,Other,Married,Fully Meets,4
2696,Meadow,Delgado,2016-02-27,2017-06-16,Area Sales Manager,Lainey Ayers,1664,meadow.delgado@bilearner.com,PYZ,Retired,Full-Time,Zone B,Full-Time,Sales,Sales & Marketing,1953-03-09,ID,Male,US-ID-03,Other,Married,Fully Meets,3
2697,Benjamin,Goodman,2014-12-12,,Area Sales Manager,Bailey Hays,2659,benjamin.goodman@bilearner.com,WBL,Active,Full-Time,Zone B,Full-Time,Sales,Sales & Marketing,1964-02-08,NY,Male,US-NY-02,White,Married,Fully Meets,3
2698,Jaycee,Alexander,2012-09-21,,Area Sales Manager,Alisa James,3460,jaycee.alexander@bilearner.com,NEL,Active,Full-Time,Zone B,Full-Time,Sales,Sales & Marketing,1969-02-01,NY,Male,US-NY-03,Hispanic,Single,Fully Meets,3
2699,Cannon,Gray,2018-05-24,,Area Sales Manager,Leon Beard,3454,cannon.gray@bilearner.com,PL,Active,Full-Time,Zone B,Full-Time,Sales,Sales & Marketing,1985-08-24,WA,Female,US-WA-03,Other,Married,Fully Meets,3
2700,Brynn,Kennedy,2020-07-13,2021-12-07,Administrative Assistant,Isai Alvarado,1061,brynn.kennedy@bilearner.com,BPC,Terminated for Cause,Contract,Zone C,Temporary,Admin Offices,Corporate Services,1992-09-01,MA,Female,US-MA-03,Other,Single,Fully Meets,3
2701,Branden,Ali,2006-06-05,,Administrative Assistant,Isai Alvarado,1061,branden.ali@bilearner.com,CCDR,Active,Full-Time,Zone A,Full-Time,Admin Offices,Corporate Services,1959-09-06,MA,Female,US-MA-01,Black,Married,Fully Meets,3
2702,Sophie,Carrillo,2019-07-14,,Area Sales Manager,Troy Todd,1682,sophie.carrillo@bilearner.com,BPC,Active,Full-Time,Zone B,Full-Time,Sales,Sales & Marketing,1962-09-18,MA,Male,US-MA-02,Asian,Married,Fully Meets,3
2703,Saul,Shaw,2024-06-24,,Area Sales Manager,Callum Ford,2588,saul.shaw@bilearner.com,CCDR,Active,Full-Time,Zone B,Full-Time,Sales,Sales & Marketing,1986-04-07,AZ,Male,US-AZ-01,Other,Single,Fully Meets,4
2704,Isla,Mcdaniel,2020-04-07,2021-09-01,Area Sales Manager,Graham Rodriguez,3497,isla.mcdaniel@bilearner.com,EW,Voluntarily Terminated,Full-Time,Zone B,Full-Time,Sales,Sales & Marketing,1998-07-30,AZ,Male,US-AZ-02,Black,Widowed,Fully Meets,3
2705,Lea,Cantu,2022-05-07,,Area Sales Manager,Vincent Logan,2670,lea.cantu@bilearner.com,MSC,Active,Contract,Zone B,Temporary,Sales,Sales & Marketing,2000-10-24,AZ,Female,US-AZ-03,Hispanic,Divorced,Fully Meets,3
2706,Yadiel,Riggs,2025-07-17,2026-01-14,Area Sales Manager,Kara Ferrell,1666,yadiel.riggs@bilearner.com,NEL,Voluntarily Terminated,Full-Time,Zone B,Full-Time,Sales,Sales & Marketing,1975-09-24,NC,Male,US-NC-02,Asian,Widowed,Fully Meets,3
2707,Annalise,Olsen,2013-12-27,,Area Sales Manager,Sanaa Valenzuela,2660,annalise.olsen@bilearner.com,PL,Active,Full-Time,Zone B,Full-Time,Sales,Sales & Marketing,1992-08-20,AL,Male,US-AL-03,White,Married,Fully Meets,3
2708,Theodore,Castro,2006-02-26,2008-12-19,Area Sales Manager,Yesenia Payne,2598,theodore.castro@bilearner.com,PYZ,Voluntarily Terminated,Full-Time,Zone B,Full-Time,Sales,Sales & Marketing,1965-07-31,TN,Male,US-TN-01,Asian,Married,Fully Meets,4
2709,Emily,Freeman,2021-09-26,,Area Sales Manager,Felipe Rollins,2664,emily.freeman@bilearner.com,SVG,Active,Full-Time,Zone B,Full-Time,Sales,Sales & Marketing,1985-01-28,ID,Male,US-ID-01,Asian,Married,Fully Meets,3
2710,Madyson,Yates,2019-08-25,,Area Sales Manager,Raven Koch,3510,madyson.yates@bilearner.com,TNS,Active,Full-Time,Zone B,Full-Time,Sales,Sales & Marketing,1994-04-14,ID,Male,US-ID-02,Black,Single,Fully Meets,3
2711,Rachel,Bowers,2023-10-20,,Area Sales Manager,Michael Riordan,3430,rachel.bowers@bilearner.com,WBL,Active,Full-Time,Zone B,Full-Time,Sales,Sales & Marketing,1973-06-09,ID,Male,US-ID-03,Black,Divorced,Fully Meets,3
2712,Helen,Humphrey,2016-05-25,,Area Sales Manager,Dean Little,2725,helen.humphrey@bilearner.com,PYZ,Active,Full-Time,Zone B,Full-Time,Sales,Sales & Marketing,1992-07-08,NY,Male,US-NY-01,Other,Married,Fully Meets,3
2713,Abagail,Villanueva,2025-04-16,,Area Sales Manager,Saniya Ho,2646,abagail.villanueva@bilearner.com,WBL,Active,Full-Time,Zone B,Full-Time,Sales,Sales & Marketing,1997-02-09,NY,Male,US-NY-02,Black,Married,Fully Meets,3
2714,Julie,Lloyd,2011-04-23,2012-02-02,Area Sales Manager,Lennon Buchanan,3491,julie.lloyd@bilearner.com,NEL,Voluntarily Terminated,Full-Time,Zone B,Full-Time,Sales,Sales & Marketing,1972-07-11,WA,Male,US-WA-01,Asian,Widowed,Fully Meets,3
2715,Alejandro,Wilkinson,2016-10-22,,Area Sales Manager,Isaias Briggs,1657,alejandro.wilkinson@bilearner.com,PL,Active,Full-Time,Zone B,Full-Time,Sales,Sales & Marketing,1995-08-18,WA,Female,US-WA-02,Asian,Divorced,Fully Meets,3
2716,Yadiel,Mata,2026-06-07,,Administrative Assistant,Ansley Jackson,1015,yadiel.mata@bilearner.com,BPC,Active,Contract,Zone C,Temporary,Admin Offices,Corporate Services,1969-12-21,MA,Female,US-MA-03,Asian,Widowed,Fully Meets,3
2717,Colt,Sutton,2016-05-20,,Area Sales Manager,Saniya Ho,2646,colt.sutton@bilearner.com,PYZ,Active,Full-Time,Zone B,Full-Time,Sales,Sales & Marketing,1995-11-05,MA,Male,US-MA-01,Black,Divorced,Fully Meets,3
2718,Madalyn,Prince,2018-09-20,,Area Sales Manager,Maruk Fraval,3432,madalyn.prince@bilearner.com,WBL,Active,Full-Time,Zone B,Full-Time,Sales,Sales & Marketing,1999-01-26,AZ,Male,US-AZ-01,Other,Married,Fully Meets,3
2719,Clara,Stewart,2018-12-23,2023-07-06,Area Sales Manager,Aspen Freeman,2606,clara.stewart@bilearner.com,NEL,Terminated for Cause,Full-Time,Zone B,Full-Time,Sales,Sales & Marketing,1996-02-11,AZ,Male,US-AZ-02,Hispanic,Divorced,Fully Meets,3
2720,Cheyenne,Herman,2023-07-30,2025-04-27,Area Sales Manager,Sanaa Valenzuela,2660,cheyenne.herman@bilearner.com,PL,Terminated for Cause,Full-Time,Zone B,Full-Time,Sales,Sales & Marketing,1994-08-13,NC,Female,US-NC-03,Asian,Widowed,Fully Meets,3
2721,Emerson,Zavala,2015-12-20,,Area Sales Manager,Emery Roach,3551,emerson.zavala@bilearner.com,BPC,Active,Full-Time,Zone B,Full-Time,Sales,Sales & Marketing,1981-11-15,NC,Male,US-NC-01,Hispanic,Married,Fully Meets,3
2722,Sawyer,Oneal,2005-07-16,,Area Sales Manager,Chaz Bruce,3539,sawyer.oneal@bilearner.com,CCDR,Active,Full-Time,Zone A,Full-Time,Sales,Sales & Marketing,1979-12-02,AL,Male,US-AL-01,White,Single,Fully Meets,3
2723,Kyleigh,Mathis,2005-10-21,2012-09-20,Area Sales Manager,Kimora Parsons,3487,kyleigh.mathis@bilearner.com,SVG,Voluntarily Terminated,Full-Time,Zone B,Full-Time,Sales,Sales & Marketing,1975-03-17,TN,Male,US-TN-02,White,Widowed,Fully Meets,3
2724,Maximus,Mcdowell,2006-04-10,2008-04-11,Area Sales Manager,Jac McKinzie,3435,maximus.mcdowell@bilearner.com,EW,Retired,Full-Time,Zone B,Full-Time,Sales,Sales & Marketing,1943-01-15,ID,Male,US-ID-01,Other,Divorced,Fully Meets,3
2725,Dean,Little,2008-03-26,,Area Sales Manager,Ryann Rubio,3545,dean.little@bilearner.com,MSC,Active,Full-Time,Zone A,Full-Time,Sales,Sales & Marketing,1969-07-21,ID,Male,US-ID-02,White,Single,Fully Meets,3
2726,Martin,Herrera,2013-05-14,2020-04-01,Area Sales Manager,Axel Howe,3456,martin.herrera@bilearner.com,TNS,Voluntarily Terminated,Full-Time,Zone B,Full-Time,Sales,Sales & Marketing,1971-02-23,NY,Male,US-NY-03,Asian,Single,Fully Meets,3
2727,Uriah,Briggs,2023-08-12,2024-06-27,Area Sales Manager,Charlize Ballard,2683,uriah.briggs@bilearner.com,PYZ,Terminated for Cause,Full-Time,Zone B,Full-Time,Sales,Sales & Marketing,1984-10-12,NY,Male,US-NY-01,White,Divorced,Fully Meets,3
2728,Kianna,Little,2020-05-31,2021-02-13,Area Sales Manager,Jaydon Blackburn,3452,kianna.little@bilearner.com,WBL,Retired,Full-Time,Zone B,Full-Time,Sales,Sales & Marketing,1956-09-07,WA,Male,US-WA-03,Hispanic,Single,Fully Meets,3
2729,David,Kirk,2002-08-16,,Area Sales Manager,Axel Howe,3456,david.kirk@bilearner.com,NEL,Active,Full-Time,Zone A,Full-Time,Sales,Sales & Marketing,1963-08-18,WA,Female,US-WA-01,Hispanic,Divorced,Fully Meets,4
2730,Alexandra,Bryant,2021-05-04,,Area Sales Manager,Breanna Kerr,2645,alexandra.bryant@bilearner.com,PL,Active,Full-Time,Zone B,Full-Time,Sales,Sales & Marketing,1967-07-28,VT,Female,US-VT-03,Hispanic,Single,Fully Meets,3
2731,Denzel,Jensen,2024-11-02,,Administrative Assistant,Shyanne Stark,1044,denzel.jensen@bilearner.com,BPC,Active,Full-Time,Zone C,Full-Time,Admin Offices,Corporate Services,1959-07-28,MA,Female,US-MA-02,Other,Married,Fully Meets,4
2732,Fletcher,Maxwell,2002-10-31,2004-11-17,Area Sales Manager,Axel Howe,3456,fletcher.maxwell@bilearner.com,PYZ,Voluntarily Terminated,Contract,Zone B,Temporary,Sales,Sales & Marketing,1950-10-30,ME,Male,US-ME-02,Black,Single,Fully Meets,3
2733,Davian,Davis,2023-12-03,,Area Sales Manager,Ryker Hopkins,2686,davian.davis@bilearner.com,WBL,Active,Full-Time,Zone B,Full-Time,Sales,Sales & Marketing,1996-01-05,AZ,Male,US-AZ-03,Black,Single,Fully Meets,4
2734,Maxim,Mooney,2017-08-04,,Area Sales Manager,Noah Villanueva,2584,maxim.mooney@bilearner.com,NEL,Active,Full-Time,Zone B,Full-Time,Sales,Sales & Marketing,1999-06-24,AZ,Female,US-AZ-01,Black,Married,Fully Meets,3
2735,Santiago,Rosales,2023-10-28,,Area Sales Manager,Lee Frye,3534,santiago.rosales@bilearner.com,PL,Active,Contract,Zone B,Temporary,Sales,Sales & Marketing,2001-04-10,NC,Female,US-NC-02,Asian,Single,Fully Meets,3
2736,Zara,Werner,2021-05-11,,Area Sales Manager,Alisa James,3460,zara.werner@bilearner.com,BPC,Active,Full-Time,Zone B,Full-Time,Sales,Sales & Marketing,1963-02-13,AL,Male,US-AL-02,Other,Married,Fully Meets,3
2737,Darian,Hansen,2020-06-19,2022-01-26,Area Sales Manager,Maxim Mooney,2734,darian.hansen@bilearner.com,CCDR,Voluntarily Terminated,Full-Time,Zone B,Full-Time,Sales,Sales & Marketing,1972-05-26,UT,Male,US-UT-02,Black,Married,Fully Meets,3
2738,Kaeden,Branch,2009-10-26,2011-08-28,Area Sales Manager,Whitney Gill,2582,kaeden.branch@bilearner.com,SVG,Terminated for Cause,Full-Time,Zone B,Full-Time,Sales,Sales & Marketing,1957-09-23,TN,Male,US-TN-03,Hispanic,Married,Fully Meets,4
2739,Gabriel,Swanson,2015-02-27,2015-06-07,Area Sales Manager,Callum Ford,2588,gabriel.swanson@bilearner.com,EW,Terminated for Cause,Full-Time,Zone B,Full-Time,Sales,Sales & Marketing,1975-03-14,ID,Male,US-ID-03,Black,Single,Fully Meets,3
2740,Madyson,Chapman,2024-08-21,,Area Sales Manager,Raven Koch,3510,madyson.chapman@bilearner.com,MSC,Active,Full-Time,Zone B,Full-Time,Sales,Sales & Marketing,1983-09-25,ID,Male,US-ID-01,Black,Single,Fully Meets,3
2741,Kellen,Hill,2002-01-14,2007-02-16,Area Sales Manager,Axel Howe,3456,kellen.hill@bilearner.com,TNS,Voluntarily Terminated,Full-Time,Zone B,Full-Time,Sales,Sales & Marketing,1974-10-27,NY,Male,US-NY-02,Asian,Divorced,Fully Meets,3
2742,Samir,Gray,2022-11-17,2025-03-24,Area Sales Manager,Marlon Ford,3532,samir.gray@bilearner.com,PYZ,Voluntarily Terminated,Full-Time,Zone B,Full-Time,Sales,Sales & Marketing,1991-10-09,NH,Male,US-NH-02,Asian,Married,Fully Meets,3
2743,Stephanie,Hampton,2007-10-14,2011-02-05,Area Sales Manager,Kimora Parsons,3487,stephanie.hampton@bilearner.com,WBL,Terminated for Cause,Full-Time,Zone B,Full-Time,Sales,Sales & Marketing,1982-01-28,WA,Male,US-WA-02,Black,Married,Fully Meets,3
2744,Walter,Mayo,2020-04-17,,Area Sales Manager,Willie Patterson,3488,walter.mayo@bilearner.com,NEL,Active,Contract,Zone B,Temporary,Sales,Sales & Marketing,1978-06-15,VT,Female,US-VT-01,Asian,Married,Fully Meets,3
2745,Harley,Greer,2003-08-11,,Area Sales Manager,David Kirk,2729,harley.greer@bilearner.com,PL,Active,Part-Time,Zone A,Part-Time,Sales,Sales & Marketing,1961-02-06,VA,Female,US-VA-02,Hispanic,Divorced,Fully Meets,3
2746,Misael,Pratt,2016-07-01,2018-02-14,Administrative Assistant,Shyanne Stark,1044,misael.pratt@bilearner.com,BPC,Voluntarily Terminated,Full-Time,Zone C,Full-Time,Admin Offices,Corporate Services,1977-05-17,MA,Female,US-MA-03,Hispanic,Widowed,Fully Meets,3
2747,Sneha,Jhaveri,2022-10-11,2024-08-30,Production Technician I,Milagros Foley,1185,sneha.jhaveri@bilearner.com,SVG,Retired,Full-Time,Zone C,Full-Time,Production,Production Operations,1960-11-23,MA,Female,US-MA-01,Hispanic,Married,Fully Meets,3
2748,Melinda,Saar-Beckles,2026-04-03,,Production Technician I,Courtney E Wallace,2276,melinda.saar-beckles@bilearner.com,PYZ,Active,Full-Time,Zone C,Full-Time,Production,Production Operations,1964-06-15,MA,Female,US-MA-02,Hispanic,Widowed,Fully Meets,3
2749,Elizabeth,Meads,2007-05-05,2010-01-24,Production Technician I,Michael Albert,2275,elizabeth.meads@bilearner.com,BPC,Voluntarily Terminated,Full-Time,Zone C,Full-Time,Production,Production Operations,1949-04-08,MA,Female,US-MA-03,Black,Widowed,Fully Meets,4
2750,Patrick,Moran,2011-09-17,,Production Technician II,Ariel Cervantes,2322,patrick.moran@bilearner.com,TNS,Active,Contract,Zone B,Temporary,Production,Production Operations,1968-11-27,MA,Male,US-MA-01,Asian,Divorced,Fully Meets,3
2751,Mathew,Linden,2020-11-19,,Production Technician II,Michael Albert,2275,mathew.linden@bilearner.com,NEL,Leave of Absence,Part-Time,Zone C,Part-Time,Production,Production Operations,1967-04-15,MA,Male,US-MA-02,Black,Single,Fully Meets,4
2752,Adeel,Osturnka,2024-05-11,2025-03-19,Production Technician I,Lillie Leblanc,1274,adeel.osturnka@bilearner.com,TNS,Voluntarily Terminated,Contract,Zone C,Temporary,Production,Production Operations,1976-05-28,MA,Male,US-MA-03,Hispanic,Divorced,Fully Meets,3
2753,Lisa,Cornett,2009-12-16,2010-06-05,Production Technician I,Milagros Foley,1185,lisa.cornett@bilearner.com,CCDR,Voluntarily Terminated,Full-Time,Zone C,Full-Time,Production,Production Operations,1984-06-11,MA,Female,US-MA-01,Black,Widowed,Fully Meets,3
2754,Louis,Punjabhi,2007-10-07,,Production Technician I,Ariana Strickland,2294,louis.punjabhi@bilearner.com,SVG,Active,Part-Time,Zone A,Part-Time,Production,Production Operations,1977-05-05,MA,Male,US-MA-02,Other,Married,Fully Meets,3
2755,Michael,Carey,2020-06-30,,Production Technician I,Kissy Sullivan,2278,michael.carey@bilearner.com,EW,Active,Contract,Zone C,Temporary,Production,Production Operations,1984-06-11,MA,Male,US-MA-03,Other,Single,Fully Meets,3
2756,Earnest,Hankard,2015-09-03,,Production Technician II,Leticia Parks,2378,earnest.hankard@bilearner.com,TNS,Active,Part-Time,Zone B,Part-Time,Production,Production Operations,1986-07-21,MA,Male,US-MA-01,White,Divorced,Fully Meets,3
2757,Kimberly,Beak,2019-11-02,2021-02-17,Production Technician II,Kyle Ali,2490,kimberly.beak@bilearner.com,BPC,Voluntarily Terminated,Contract,Zone C,Temporary,Production,Production Operations,1979-07-19,MA,Female,US-MA-02,Hispanic,Divorced,Fully Meets,3
2758,Jonathan R,LeBel,2025-01-26,2026-03-15,Production Technician I,Ariel May,2472,jonathan r.lebel@bilearner.com,TNS,Retired,Part-Time,Zone C,Part-Time,Production,Production Operations,1962-04-24,MA,Male,US-MA-03,Other,Divorced,Fully Meets,4
2759,Rick,Stoica,2006-03-02,,Production Technician I,Leticia Parks,2378,rick.stoica@bilearner.com,PYZ,Active,Contract,Zone A,Temporary,Production,Production Operations,1968-07-05,MA,Male,US-MA-01,White,Divorced,Fully Meets,3
2760,Adil,Sahoo,2017-04-20,2018-06-29,Production Technician II,Rigoberto Townsend,1187,adil.sahoo@bilearner.com,BPC,Voluntarily Terminated,Part-Time,Zone C,Part-Time,Production,Production Operations,1969-07-20,MA,Male,US-MA-02,Other,Single,Fully Meets,3
2761,Barbara,Gaul,2005-04-26,2013-05-12,Production Technician I,Trey Johnston,2506,barbara.gaul@bilearner.com,EW,Terminated for Cause,Part-Time,Zone C,Part-Time,Production,Production Operations,1973-10-08,MA,Female,US-MA-03,Asian,Married,Fully Meets,3
2762,Carla,Demita,2023-11-08,2024-11-26,Production Technician II,Rosa Rosales,2451,carla.demita@bilearner.com,CCDR,Voluntarily Terminated,Full-Time,Zone C,Full-Time,Production,Production Operations,1978-06-26,MA,Female,US-MA-01,Asian,Single,Fully Meets,3
2763,Paula,Gross,2022-06-08,,Production Technician I,Teagan Fletcher,2440,paula.gross@bilearner.com,NEL,Active,Part-Time,Zone C,Part-Time,Production,Production Operations,1991-05-18,MA,Female,US-MA-02,Hispanic,Single,Fully Meets,3
2764,Francesco A,Barone,2024-11-07,2025-03-04,Production Technician I,Rosa Rosales,2451,francesco a.barone@bilearner.com,WBL,Voluntarily Terminated,Full-Time,Zone C,Full-Time,Production,Production Operations,1993-03-24,MA,Male,US-MA-03,Black,Single,Fully Meets,3
2765,Rex,England,2018-01-22,,Production Technician I,Jesus Hendricks,2341,rex.england@bilearner.com,PL,Active,Part-Time,Zone C,Part-Time,Production,Production Operations,1967-07-09,MA,Male,US-MA-01,Black,Widowed,Fully Meets,4
2766,Trina,Hendrickson,2002-06-03,2004-12-09,Production Technician II,Marlon Stanton,2304,trina.hendrickson@bilearner.com,EW,Voluntarily Terminated,Full-Time,Zone C,Full-Time,Production,Production Operations,1957-06-28,MA,Female,US-MA-02,Hispanic,Married,Fully Meets,3
2767,Colleen,Volk,2006-02-24,,Production Technician I,Terrell Guerra,2395,colleen.volk@bilearner.com,BPC,Active,Contract,Zone A,Temporary,Production,Production Operations,1976-11-29,MA,Female,US-MA-03,Asian,Divorced,Fully Meets,3
2768,Jean,Engdahl,2010-08-18,,Production Technician I,Julianne Shaw,2414,jean.engdahl@bilearner.com,WBL,Active,Full-Time,Zone A,Full-Time,Production,Production Operations,1981-02-20,MA,Male,US-MA-01,Asian,Married,Fully Meets,3
2769,Paris,Blake,2020-05-01,,Production Technician I,Elisa Bramante,2291,paris.blake@bilearner.com,NEL,Active,Part-Time,Zone C,Part-Time,Production,Production Operations,1977-04-30,MA,Male,US-MA-02,Other,Widowed,Fully Meets,3
2770,Neveah,Bird,2021-04-02,,Production Technician I,Jakob Luna,2455,neveah.bird@bilearner.com,PL,Active,Contract,Zone C,Temporary,Production,Production Operations,1994-09-04,MA,Male,US-MA-03,Black,Divorced,Fully Meets,3
2771,Tia,Potter,2010-11-06,2021-07-11,Production Technician I,Brianna Hurley,2471,tia.potter@bilearner.com,BPC,Terminated for Cause,Full-Time,Zone B,Full-Time,Production,Production Operations,1962-03-10,MA,Male,US-MA-01,Other,Divorced,Fully Meets,3
2772,Alexandra,Bean,2011-10-18,,Production Technician I,Colby Wolfe,1144,alexandra.bean@bilearner.com,CCDR,Active,Full-Time,Zone B,Full-Time,Production,Production Operations,1973-04-15,MA,Male,US-MA-02,Other,Married,Fully Meets,3
2773,Tony,Grimes,2019-12-25,,Production Technician I,Hallie Macias,2337,tony.grimes@bilearner.com,SVG,Active,Part-Time,Zone C,Part-Time,Production,Production Operations,1964-06-20,MA,Male,US-MA-03,White,Widowed,Fully Meets,3
2774,Macy,Nielsen,2008-08-28,,Production Technician I,Kaylyn Joyce,2419,macy.nielsen@bilearner.com,EW,Active,Full-Time,Zone A,Full-Time,Production,Production Operations,1978-07-18,MA,Male,US-MA-01,Other,Divorced,Fully Meets,3
2775,Toby,Yates,2013-01-10,,Production Technician I,Brianna Hurley,2471,toby.yates@bilearner.com,MSC,Active,Full-Time,Zone B,Full-Time,Production,Production Operations,1966-02-19,MA,Female,US-MA-02,White,Single,Fully Meets,3
2776,Karlee,Davies,2014-12-13,,Production Technician I,Amy Dunn,2277,karlee.davies@bilearner.com,TNS,Active,Contract,Zone B,Temporary,Production,Production Operations,1975-02-06,MA,Male,US-MA-03,White,Single,Fully Meets,3
2777,Hector,Escobar,2019-06-14,2021-12-07,Production Technician I,Ava Chan,2463,hector.escobar@bilearner.com,PYZ,Voluntarily Terminated,Full-Time,Zone C,Full-Time,Production,Production Operations,1983-04-20,MA,Male,US-MA-01,Hispanic,Single,Fully Meets,3
2778,Javon,Mckenzie,2007-02-12,,Production Technician I,Leticia Parks,2378,javon.mckenzie@bilearner.com,WBL,Active,Full-Time,Zone A,Full-Time,Production,Production Operations,1963-03-28,MA,Male,US-MA-02,Asian,Divorced,Fully Meets,4
2779,Lilly,Huynh,2014-02-27,2022-05-18,Production Technician I,Braden Nicholson,2478,lilly.huynh@bilearner.com,NEL,Retired,Contract,Zone C,Temporary,Production,Production Operations,1957-07-16,MA,Male,US-MA-03,Hispanic,Married,Fully Meets,4
2780,Anika,Robbins,2003-06-12,2003-12-08,Production Technician I,Ariel Cervantes,2322,anika.robbins@bilearner.com,PL,Voluntarily Terminated,Full-Time,Zone C,Full-Time,Production,Production Operations,1951-04-26,MA,Male,US-MA-01,White,Married,Fully Meets,3
2781,Ishaan,Robinson,2010-03-26,2012-03-18,Production Technician I,Trey Johnston,2506,ishaan.robinson@bilearner.com,BPC,Voluntarily Terminated,Full-Time,Zone C,Full-Time,Production,Production Operations,1969-10-22,MA,Male,US-MA-02,Asian,Divorced,Fully Meets,3
2782,Paola,Macdonald,2009-07-03,,Production Technician I,Ariana Strickland,2294,paola.macdonald@bilearner.com,CCDR,Active,Part-Time,Zone A,Part-Time,Production,Production Operations,1987-06-18,MA,Female,US-MA-03,Black,Single,Fully Meets,3
2783,Lorelei,Sellers,2002-04-16,2004-09-11,Production Technician II,Axel Howe,3456,lorelei.sellers@bilearner.com,SVG,Voluntarily Terminated,Part-Time,Zone C,Part-Time,Production,Production Operations,1977-10-21,MA,Male,US-MA-01,White,Married,Fully Meets,3
2784,Gillian,Riddle,2025-01-25,2026-04-12,Production Technician II,Leticia Parks,2378,gillian.riddle@bilearner.com,TNS,Voluntarily Terminated,Part-Time,Zone C,Part-Time,Production,Production Operations,1981-03-08,MA,Male,US-MA-02,White,Divorced,Fully Meets,3
2785,Atticus,White,2002-04-27,,Production Technician II,Axel Howe,3456,atticus.white@bilearner.com,WBL,Active,Full-Time,Zone A,Full-Time,Production,Production Operations,1967-07-06,MA,Male,US-MA-03,Hispanic,Widowed,Fully Meets,3
2786,Virginia,Nunez,2012-08-28,,Production Technician II,Kaylyn Joyce,2419,virginia.nunez@bilearner.com,PYZ,Active,Full-Time,Zone B,Full-Time,Production,Production Operations,1965-08-03,MA,Female,US-MA-01,Asian,Widowed,Fully Meets,3
2787,Caden,Taylor,2017-03-12,,Production Technician II,Kaylyn Joyce,2419,caden.taylor@bilearner.com,WBL,Active,Full-Time,Zone C,Full-Time,Production,Production Operations,1966-12-15,MA,Female,US-MA-02,White,Divorced,Fully Meets,3
2788,Brooks,Leach,2020-09-15,2021-12-19,Production Technician II,Elisa Bramante,2291,brooks.leach@bilearner.com,NEL,Voluntarily Terminated,Full-Time,Zone C,Full-Time,Production,Production Operations,1965-04-28,MA,Female,US-MA-03,Black,Widowed,Fully Meets,3
2789,Isabel,Wyatt,2013-03-15,2014-07-25,Production Technician I,Uriel Brennan,2386,isabel.wyatt@bilearner.com,CCDR,Terminated for Cause,Full-Time,Zone C,Full-Time,Production,Production Operations,1978-11-12,MA,Male,US-MA-01,Asian,Divorced,Fully Meets,3
2790,Angelo,Henry,2010-09-19,2012-10-17,Production Technician I,Sawyer Little,2385,angelo.henry@bilearner.com,EW,Voluntarily Terminated,Full-Time,Zone C,Full-Time,Production,Production Operations,1959-08-08,MA,Male,US-MA-02,Hispanic,Widowed,Fully Meets,4
2791,Joselyn,Moss,2018-06-21,2021-06-19,Production Technician I,Leland Chang,2416,joselyn.moss@bilearner.com,MSC,Voluntarily Terminated,Contract,Zone C,Temporary,Production,Production Operations,1968-04-22,MA,Male,US-MA-03,White,Widowed,Fully Meets,4
2792,Diamond,Mcclain,2013-07-07,,Production Technician I,Amy Dunn,2277,diamond.mcclain@bilearner.com,NEL,Active,Full-Time,Zone B,Full-Time,Production,Production Operations,1960-09-27,MA,Male,US-MA-01,Black,Single,Fully Meets,3
2793,Eden,Dalton,2018-11-06,,Production Technician I,Hallie Macias,2337,eden.dalton@bilearner.com,PL,Active,Full-Time,Zone C,Full-Time,Production,Production Operations,1981-08-19,MA,Male,US-MA-02,Black,Divorced,Fully Meets,3
2794,Emely,Parks,2025-04-22,,Production Technician I,Faith Golden,2318,emely.parks@bilearner.com,PYZ,Active,Full-Time,Zone C,Full-Time,Production,Production Operations,1976-05-16,MA,Male,US-MA-03,Hispanic,Single,Fully Meets,4
2795,Corinne,Hopkins,2019-08-31,2023-10-21,Production Technician I,Heath Romero,2381,corinne.hopkins@bilearner.com,SVG,Voluntarily Terminated,Contract,Zone C,Temporary,Production,Production Operations,2000-01-13,MA,Female,US-MA-01,Asian,Single,Fully Meets,3
2796,Destiny,Blake,2021-07-22,2023-01-06,Production Technician I,Emelia Mcintyre,2343,destiny.blake@bilearner.com,TNS,Terminated for Cause,Full-Time,Zone C,Full-Time,Production,Production Operations,1991-09-01,MA,Female,US-MA-02,Asian,Married,Fully Meets,3
2797,Zaria,Kidd,2008-03-06,,Production Technician I,Amy Dunn,2277,zaria.kidd@bilearner.com,WBL,Active,Full-Time,Zone A,Full-Time,Production,Production Operations,1964-11-13,MA,Male,US-MA-03,Other,Married,Exceeds,4
2798,Adam,Ingram,2006-12-25,,Production Technician I,Teagan Fletcher,2440,adam.ingram@bilearner.com,BPC,Active,Full-Time,Zone A,Full-Time,Production,Production Operations,1969-05-17,MA,Male,US-MA-01,Asian,Divorced,Fully Meets,3
2799,Makenna,Foster,2012-10-10,2013-03-20,Production Technician I,Walter Dominguez,2336,makenna.foster@bilearner.com,CCDR,Voluntarily Terminated,Full-Time,Zone C,Full-Time,Production,Production Operations,1988-02-21,MA,Male,US-MA-02,White,Divorced,Fully Meets,3
2800,Nayeli,Keith,2015-08-16,,Production Technician I,Ariel Cervantes,2322,nayeli.keith@bilearner.com,EW,Active,Part-Time,Zone B,Part-Time,Production,Production Operations,1979-10-05,MA,Male,US-MA-03,Black,Married,Fully Meets,3
2801,Devon,Shannon,2003-11-19,,Production Technician I,Amy Dunn,2277,devon.shannon@bilearner.com,MSC,Active,Full-Time,Zone A,Full-Time,Production,Production Operations,1984-02-14,MA,Male,US-MA-01,White,Divorced,Fully Meets,3
2802,Lucy,Harrington,2008-05-16,,Production Technician I,Walter Immediato,2279,lucy.harrington@bilearner.com,NEL,Active,Full-Time,Zone A,Full-Time,Production,Production Operations,1977-08-11,MA,Female,US-MA-02,White,Married,Fully Meets,3
2803,Rebecca,Francis,2006-08-17,,Production Technician I,Julianne Shaw,2414,rebecca.francis@bilearner.com,PL,Active,Part-Time,Zone A,Part-Time,Production,Production Operations,1965-09-03,MA,Female,US-MA-03,Asian,Married,Fully Meets,3
2804,Salma,Frederick,2001-02-27,,Production Technician II,Marlon Stanton,2304,salma.frederick@bilearner.com,SVG,Active,Contract,Zone A,Temporary,Production,Production Operations,1961-07-26,MA,Male,US-MA-01,Hispanic,Married,Fully Meets,3
2805,Avery,Vance,2025-03-21,,Production Technician II,Webster L Butler,2285,avery.vance@bilearner.com,TNS,Active,Part-Time,Zone C,Part-Time,Production,Production Operations,1988-07-30,MA,Male,US-MA-02,White,Widowed,Fully Meets,3
2806,Stephany,Jenkins,2022-03-08,,Production Technician II,Eli Owens,2342,stephany.jenkins@bilearner.com,WBL,Active,Contract,Zone C,Temporary,Production,Production Operations,1962-06-22,MA,Female,US-MA-03,Asian,Divorced,Fully Meets,4
2807,Brian,Kelly,2005-01-18,2006-05-02,Production Technician II,Uriel Brennan,2386,brian.kelly@bilearner.com,BPC,Voluntarily Terminated,Full-Time,Zone C,Full-Time,Production,Production Operations,1977-04-17,MA,Female,US-MA-01,White,Married,Fully Meets,3
2808,Keagan,Villa,2007-01-16,,Production Technician II,Ariel Cervantes,2322,keagan.villa@bilearner.com,CCDR,Active,Part-Time,Zone A,Part-Time,Production,Production Operations,1962-04-05,MA,Female,US-MA-02,Asian,Divorced,Fully Meets,3
2809,Kendra,Foley,2003-11-03,,Production Technician I,Trey Johnston,2506,kendra.foley@bilearner.com,WBL,Active,Full-Time,Zone A,Full-Time,Production,Production Operations,1964-02-24,MA,Male,US-MA-03,Hispanic,Single,Fully Meets,3
2810,Jabari,Stanton,2022-02-23,2023-06-02,Production Technician I,Humberto Rocha,2438,jabari.stanton@bilearner.com,NEL,Retired,Full-Time,Zone C,Full-Time,Production,Production Operations,1959-04-10,MA,Male,US-MA-01,Other,Married,Fully Meets,3
2811,Phoenix,Farley,2013-07-11,2014-05-30,Production Technician I,Ava Chan,2463,phoenix.farley@bilearner.com,PL,Terminated for Cause,Part-Time,Zone C,Part-Time,Production,Production Operations,1955-01-23,MA,Male,US-MA-02,Hispanic,Widowed,Fully Meets,3
2812,Aurora,Bass,2019-04-13,2020-02-19,Production Technician I,Terrell Guerra,2395,aurora.bass@bilearner.com,BPC,Terminated for Cause,Full-Time,Zone C,Full-Time,Production,Production Operations,1964-08-23,MA,Male,US-MA-03,White,Divorced,Fully Meets,3
2813,Enrique,Parks,2015-03-10,,Production Technician I,Uriel Brennan,2386,enrique.parks@bilearner.com,CCDR,Active,Full-Time,Zone B,Full-Time,Production,Production Operations,1973-08-27,MA,Male,US-MA-01,Other,Single,Fully Meets,3
2814,Kylie,Cox,2020-01-02,,Production Technician I,Ava Chan,2463,kylie.cox@bilearner.com,SVG,Active,Full-Time,Zone C,Full-Time,Production,Production Operations,1975-09-28,MA,Male,US-MA-02,Hispanic,Single,Fully Meets,3
2815,Luke,Burke,2006-10-07,,Production Technician I,Walter Immediato,2279,luke.burke@bilearner.com,EW,Active,Full-Time,Zone A,Full-Time,Production,Production Operations,1978-07-29,MA,Female,US-MA-03,Asian,Single,Fully Meets,3
2816,Ricardo,Mcdonald,2025-02-27,,Production Technician I,Milagros Jimenez,2364,ricardo.mcdonald@bilearner.com,MSC,Active,Full-Time,Zone C,Full-Time,Production,Production Operations,1992-12-04,MA,Female,US-MA-01,Black,Married,Fully Meets,3
2817,Camila,Hodges,2023-02-19,,Production Technician I,Milagros Foley,1185,camila.hodges@bilearner.com,TNS,Active,Contract,Zone C,Temporary,Production,Production Operations,1998-09-12,MA,Male,US-MA-02,White,Widowed,Fully Meets,3
2818,Tripp,Sanders,2017-10-18,2018-07-11,Production Technician I,Rigoberto Townsend,1187,tripp.sanders@bilearner.com,PYZ,Voluntarily Terminated,Full-Time,Zone C,Full-Time,Production,Production Operations,1964-01-19,MA,Male,US-MA-03,Hispanic,Single,Exceeds,4
2819,Davin,Wade,2015-10-19,,Production Technician I,Marquise Pacheco,2464,davin.wade@bilearner.com,WBL,Active,Full-Time,Zone B,Full-Time,Production,Production Operations,1995-03-09,MA,Male,US-MA-01,White,Widowed,Fully Meets,3
2820,Pierce,Bender,2024-06-08,,Production Technician I,Julianne Shaw,2414,pierce.bender@bilearner.com,NEL,Active,Full-Time,Zone C,Full-Time,Production,Production Operations,1979-07-09,MA,Male,US-MA-02,Hispanic,Divorced,Fully Meets,3
2821,Marin,Mosley,2011-12-09,2012-09-16,Production Technician I,Kyle Ali,2490,marin.mosley@bilearner.com,PL,Voluntarily Terminated,Contract,Zone C,Temporary,Production,Production Operations,1989-09-05,MA,Male,US-MA-03,Hispanic,Single,Fully Meets,3
2822,Barrett,Sosa,2016-11-14,,Production Technician I,Abbigail Cameron,1232,barrett.sosa@bilearner.com,BPC,Active,Full-Time,Zone C,Full-Time,Production,Production Operations,1959-03-15,MA,Female,US-MA-01,White,Divorced,Fully Meets,3
2823,Eliezer,Briggs,2003-03-01,,Production Technician I,Ariel Cervantes,2322,eliezer.briggs@bilearner.com,CCDR,Active,Full-Time,Zone A,Full-Time,Production,Production Operations,1978-07-26,MA,Female,US-MA-02,White,Divorced,Fully Meets,4
2824,Talan,Garrett,2005-06-19,,Production Technician II,Teagan Fletcher,2440,talan.garrett@bilearner.com,EW,Active,Full-Time,Zone A,Full-Time,Production,Production Operations,1962-12-25,MA,Male,US-MA-03,Hispanic,Widowed,Fully Meets,3
2825,Van,Griffin,2025-08-20,,Production Technician II,Humberto Rocha,2438,van.griffin@bilearner.com,MSC,Active,Full-Time,Zone C,Full-Time,Production,Production Operations,1982-12-29,MA,Male,US-MA-01,Hispanic,Widowed,Fully Meets,4
2826,Roger,Kaufman,2002-11-12,,Production Technician II,Ariel Cervantes,2322,roger.kaufman@bilearner.com,TNS,Leave of Absence,Full-Time,Zone A,Full-Time,Production,Production Operations,1974-02-04,MA,Female,US-MA-02,Hispanic,Married,Fully Meets,4
2827,Ignacio,Mcintyre,2018-10-04,2020-10-09,Production Technician II,Ally Brennan,2516,ignacio.mcintyre@bilearner.com,PYZ,Voluntarily Terminated,Full-Time,Zone C,Full-Time,Production,Production Operations,1980-08-09,MA,Female,US-MA-03,Other,Married,Fully Meets,4
2828,Jaydon,Lambert,2015-02-11,2017-02-06,Production Technician II,Brianna Hurley,2471,jaydon.lambert@bilearner.com,WBL,Voluntarily Terminated,Full-Time,Zone C,Full-Time,Production,Production Operations,1963-05-30,MA,Female,US-MA-01,Black,Single,Fully Meets,3
2829,Serenity,Carlson,2008-02-01,,Production Technician I,Julianne Shaw,2414,serenity.carlson@bilearner.com,WBL,Active,Contract,Zone A,Temporary,Production,Production Operations,1979-05-22,MA,Male,US-MA-02,Other,Single,Fully Meets,4
2830,Leslie,Maynard,2021-06-30,2022-06-16,Production Technician I,Kaylyn Joyce,2419,leslie.maynard@bilearner.com,NEL,Voluntarily Terminated,Full-Time,Zone C,Full-Time,Production,Production Operations,1994-05-26,MA,Male,US-MA-03,White,Married,Fully Meets,3
2831,Craig,Sherman,2006-05-27,,Production Technician I,Ariana Strickland,2294,craig.sherman@bilearner.com,PL,Active,Contract,Zone A,Temporary,Production,Production Operations,1967-12-09,MA,Male,US-MA-01,White,Widowed,Fully Meets,3
2832,Lilyana,Huffman,2020-07-10,,Production Technician I,Courtney E Wallace,2276,lilyana.huffman@bilearner.com,BPC,Active,Full-Time,Zone C,Full-Time,Production,Production Operations,1975-01-03,MA,Male,US-MA-02,White,Married,Fully Meets,4
2833,Jacey,Reeves,2013-10-22,,Production Technician I,Courtney E Wallace,2276,jacey.reeves@bilearner.com,CCDR,Active,Full-Time,Zone B,Full-Time,Production,Production Operations,1989-03-25,MA,Male,US-MA-03,Asian,Married,Fully Meets,3
2834,Madyson,Silva,2015-12-13,2019-01-18,Production Technician I,Uriel Brennan,2386,madyson.silva@bilearner.com,SVG,Voluntarily Terminated,Full-Time,Zone C,Full-Time,Production,Production Operations,1982-10-28,MA,Female,US-MA-01,Asian,Divorced,Fully Meets,3
2835,Liberty,Poole,2011-10-03,2012-06-11,Production Technician I,Brycen York,2421,liberty.poole@bilearner.com,EW,Terminated for Cause,Full-Time,Zone C,Full-Time,Production,Production Operations,1987-02-23,MA,Female,US-MA-02,White,Divorced,Fully Meets,3
2836,Antonio,Romero,2003-01-04,,Production Technician I,Ariel Cervantes,2322,antonio.romero@bilearner.com,MSC,Active,Contract,Zone A,Temporary,Production,Production Operations,1967-03-18,MA,Female,US-MA-03,Black,Divorced,Fully Meets,3
2837,Jaylen,Butler,2009-01-31,2012-09-22,Production Technician I,Amy Dunn,2277,jaylen.butler@bilearner.com,TNS,Retired,Contract,Zone C,Temporary,Production,Production Operations,1944-07-10,MA,Male,US-MA-01,Asian,Single,Fully Meets,3
2838,Gloria,Marks,2025-05-15,2026-03-31,Production Technician I,Odin Sampson,2456,gloria.marks@bilearner.com,PYZ,Terminated for Cause,Full-Time,Zone C,Full-Time,Production,Production Operations,1968-12-20,MA,Male,US-MA-02,Black,Single,Fully Meets,3
2839,Jaylee,Cunningham,2010-12-14,2015-02-13,Production Technician I,Terrell Guerra,2395,jaylee.cunningham@bilearner.com,WBL,Voluntarily Terminated,Full-Time,Zone C,Full-Time,Production,Production Operations,1969-09-06,MA,Male,US-MA-03,Black,Married,Fully Meets,3
2840,Jordon,Wyatt,2023-01-16,2024-04-10,Production Technician I,Justice Pineda,1164,jordon.wyatt@bilearner.com,NEL,Voluntarily Terminated,Part-Time,Zone C,Part-Time,Production,Production Operations,2000-04-29,MA,Male,US-MA-01,Hispanic,Divorced,Fully Meets,3
2841,Darien,Doyle,2007-05-02,,Production Technician I,Walter Immediato,2279,darien.doyle@bilearner.com,PL,Active,Full-Time,Zone A,Full-Time,Production,Production Operations,1961-10-14,MA,Male,US-MA-02,Hispanic,Married,Fully Meets,3
2842,Ryan,Rollins,2021-05-05,2022-08-18,Production Technician I,Rosa Rosales,2451,ryan.rollins@bilearner.com,BPC,Voluntarily Terminated,Full-Time,Zone C,Full-Time,Production,Production Operations,1965-07-16,MA,Female,US-MA-03,Black,Widowed,Fully Meets,3
2843,Manuel,Haley,2014-12-30,,Production Technician II,Kailyn Torres,2468,manuel.haley@bilearner.com,SVG,Active,Full-Time,Zone B,Full-Time,Production,Production Operations,1996-05-06,MA,Male,US-MA-01,Black,Married,Fully Meets,3
2844,Litzy,Lloyd,2007-03-14,,Production Technician II,Brycen York,2421,litzy.lloyd@bilearner.com,TNS,Leave of Absence,Full-Time,Zone A,Full-Time,Production,Production Operations,1970-06-03,MA,Male,US-MA-02,Asian,Widowed,Fully Meets,3
2845,Jett,York,2021-07-17,,Production Technician II,Jesus Hendricks,2341,jett.york@bilearner.com,WBL,Active,Full-Time,Zone C,Full-Time,Production,Production Operations,1979-06-18,MA,Female,US-MA-03,White,Single,Fully Meets,3
2846,Natalia,Bush,2020-02-28,2021-03-29,Production Technician II,Terrell Guerra,2395,natalia.bush@bilearner.com,BPC,Retired,Part-Time,Zone C,Part-Time,Production,Production Operations,1955-09-02,MA,Female,US-MA-01,White,Divorced,Fully Meets,3
2847,Mallory,Carey,2020-11-18,2021-03-16,Production Technician II,Milagros Jimenez,2364,mallory.carey@bilearner.com,CCDR,Terminated for Cause,Full-Time,Zone C,Full-Time,Production,Production Operations,1966-06-26,MA,Female,US-MA-02,Black,Married,Fully Meets,3
2848,Pierre,Tate,2021-06-19,2023-11-23,Production Technician I,Abbigail Cameron,1232,pierre.tate@bilearner.com,BPC,Terminated for Cause,Full-Time,Zone C,Full-Time,Production,Production Operations,1990-12-22,MA,Male,US-MA-03,White,Single,Exceeds,5
2849,Shannon,Hurst,2010-10-18,,Production Technician I,Kaylyn Joyce,2419,shannon.hurst@bilearner.com,CCDR,Active,Contract,Zone A,Temporary,Production,Production Operations,1990-01-10,MA,Male,US-MA-01,Hispanic,Single,Fully Meets,3
2850,Carleigh,Schultz,2007-09-20,2012-08-15,Production Technician I,Teagan Fletcher,2440,carleigh.schultz@bilearner.com,EW,Voluntarily Terminated,Full-Time,Zone C,Full-Time,Production,Production Operations,1972-07-29,MA,Male,US-MA-02,Hispanic,Divorced,Exceeds,4
2851,Rihanna,Briggs,2022-05-17,,Production Technician I,Ally Brennan,2516,rihanna.briggs@bilearner.com,MSC,Active,Full-Time,Zone C,Full-Time,Production,Production Operations,1967-03-05,MA,Male,US-MA-03,Black,Divorced,Fully Meets,3
2852,Eden,Levy,2008-01-24,,Production Technician I,Uriel Brennan,2386,eden.levy@bilearner.com,NEL,Active,Full-Time,Zone A,Full-Time,Production,Production Operations,1985-08-04,MA,Male,US-MA-01,Other,Widowed,Fully Meets,3
2853,Nathanial,Davis,2014-02-25,2014-10-30,Production Technician I,Marquise Pacheco,2464,nathanial.davis@bilearner.com,PL,Terminated for Cause,Full-Time,Zone C,Full-Time,Production,Production Operations,1994-04-06,MA,Male,US-MA-02,Other,Widowed,Needs Improvement,1
2854,Eileen,Beard,2022-06-21,2024-12-13,Production Technician I,Braden Nicholson,2478,eileen.beard@bilearner.com,PYZ,Retired,Full-Time,Zone C,Full-Time,Production,Production Operations,1958-12-30,MA,Female,US-MA-03,Hispanic,Married,Needs Improvement,2
2855,Kale,Potter,2014-03-31,,Production Technician I,Brianna Hurley,2471,kale.potter@bilearner.com,SVG,Active,Full-Time,Zone B,Full-Time,Production,Production Operations,1979-02-18,MA,Female,US-MA-01,Black,Single,Needs Improvement,1
2856,Sage,Boyer,2025-05-26,,Production Technician I,Michael Albert,2275,sage.boyer@bilearner.com,TNS,Active,Full-Time,Zone C,Full-Time,Production,Production Operations,1995-08-12,MA,Female,US-MA-02,White,Married,Needs Improvement,1
2857,Dane,Owens,2023-02-22,2024-10-03,Production Technician I,Jaydan Hoffman,2317,dane.owens@bilearner.com,WBL,Voluntarily Terminated,Full-Time,Zone C,Full-Time,Production,Production Operations,1974-11-01,MA,Male,US-MA-03,White,Single,Fully Meets,3
2858,Colin,Simpson,2010-07-28,2011-06-28,Production Technician I,Sawyer Little,2385,colin.simpson@bilearner.com,BPC,Voluntarily Terminated,Full-Time,Zone C,Full-Time,Production,Production Operations,1974-01-14,MA,Male,US-MA-01,Other,Married,Fully Meets,3
2859,Rachel,Buckley,2024-12-29,,Production Technician I,Leland Chang,2416,rachel.buckley@bilearner.com,CCDR,Active,Contract,Zone C,Temporary,Production,Production Operations,1992-05-26,MA,Male,US-MA-02,Other,Divorced,Needs Improvement,1
2860,Maria,Cameron,2020-11-29,2021-04-24,Production Technician I,Cesar Hunter,2470,maria.cameron@bilearner.com,EW,Voluntarily Terminated,Full-Time,Zone C,Full-Time,Production,Production Operations,1961-10-31,MA,Male,US-MA-03,Black,Married,Fully Meets,3
2861,Judith,Savage,2008-01-31,,Production Technician I,Trey Johnston,2506,judith.savage@bilearner.com,MSC,Active,Full-Time,Zone A,Full-Time,Production,Production Operations,1986-07-13,MA,Male,US-MA-01,White,Widowed,Fully Meets,3
2862,Randall,West,2026-02-17,2026-06-04,Production Technician II,Humberto Rocha,2438,randall.west@bilearner.com,SVG,Voluntarily Terminated,Full-Time,Zone C,Full-Time,Production,Production Operations,1996-05-26,MA,Male,US-MA-02,Other,Single,Fully Meets,3
2863,Caitlin,Palmer,2017-10-04,,Production Technician II,Marquise Pacheco,2464,caitlin.palmer@bilearner.com,EW,Active,Full-Time,Zone C,Full-Time,Production,Production Operations,1984-09-28,MA,Male,US-MA-03,Other,Widowed,Needs Improvement,2
2864,Luke,Heath,2007-03-25,,Production Technician II,Terrell Guerra,2395,luke.heath@bilearner.com,MSC,Active,Full-Time,Zone A,Full-Time,Production,Production Operations,1982-08-22,MA,Male,US-MA-01,Asian,Single,Fully Meets,3
2865,Esperanza,Horne,2005-05-03,2006-07-14,Production Technician II,Teagan Fletcher,2440,esperanza.horne@bilearner.com,TNS,Voluntarily Terminated,Full-Time,Zone C,Full-Time,Production,Production Operations,1969-08-27,MA,Female,US-MA-02,White,Divorced,Fully Meets,3
2866,Jadon,Mata,2024-06-23,,Production Technician II,Cesar Hunter,2470,jadon.mata@bilearner.com,BPC,Active,Full-Time,Zone C,Full-Time,Production,Production Operations,1988-09-05,MA,Female,US-MA-03,Hispanic,Single,Fully Meets,3
2867,Gillian,Hawkins,2011-06-05,,Production Technician II,Walter Immediato,2279,gillian.hawkins@bilearner.com,CCDR,Active,Full-Time,Zone A,Full-Time,Production,Production Operations,1964-07-25,MA,Female,US-MA-01,White,Single,Fully Meets,3
2868,Lisa,Griffin,2014-10-20,,Production Technician I,Sawyer Little,2385,lisa.griffin@bilearner.com,TNS,Active,Full-Time,Zone B,Full-Time,Production,Production Operations,1969-07-14,MA,Male,US-MA-02,Black,Married,Fully Meets,3
2869,Nelson,Carpenter,2008-05-01,,Production Technician I,Leticia Parks,2378,nelson.carpenter@bilearner.com,PYZ,Active,Full-Time,Zone A,Full-Time,Production,Production Operations,1962-03-08,MA,Male,US-MA-03,Black,Widowed,Fully Meets,3
2870,Sanai,Sweeney,2006-06-06,2012-04-13,Production Technician I,Brycen York,2421,sanai.sweeney@bilearner.com,WBL,Voluntarily Terminated,Full-Time,Zone C,Full-Time,Production,Production Operations,1950-09-08,MA,Male,US-MA-01,Black,Married,Fully Meets,3
2871,Tania,Taylor,2021-06-11,2023-03-22,Production Technician I,Kissy Sullivan,2278,tania.taylor@bilearner.com,NEL,Voluntarily Terminated,Full-Time,Zone C,Full-Time,Production,Production Operations,1964-02-28,MA,Male,US-MA-02,Hispanic,Divorced,Fully Meets,3
2872,Greta,Horne,2019-01-02,2021-02-14,Production Technician I,Courtney E Wallace,2276,greta.horne@bilearner.com,PL,Voluntarily Terminated,Contract,Zone C,Temporary,Production,Production Operations,1967-12-03,MA,Male,US-MA-03,Hispanic,Married,Fully Meets,4
2873,Jordyn,Snyder,2006-10-27,,Production Technician I,Ariel Cervantes,2322,jordyn.snyder@bilearner.com,BPC,Active,Contract,Zone A,Temporary,Production,Production Operations,1978-11-14,MA,Male,US-MA-01,Hispanic,Divorced,Fully Meets,3
2874,Alex,Collins,2017-08-18,,Production Technician I,Charles Bozzi,2282,alex.collins@bilearner.com,CCDR,Active,Full-Time,Zone C,Full-Time,Production,Production Operations,1990-03-08,MA,Male,US-MA-02,White,Divorced,Fully Meets,3
2875,Harley,Walker,2022-03-23,2023-10-22,Production Technician I,Eli Owens,2342,harley.walker@bilearner.com,SVG,Terminated for Cause,Contract,Zone C,Temporary,Production,Production Operations,1981-06-03,MA,Female,US-MA-03,Black,Divorced,Fully Meets,3
2876,Luka,Novak,2012-03-15,,Production Technician I,Colby Wolfe,1144,luka.novak@bilearner.com,EW,Active,Full-Time,Zone B,Full-Time,Production,Production Operations,1985-08-09,MA,Female,US-MA-01,Asian,Divorced,Fully Meets,3
2877,Skylar,Riggs,2022-09-03,2023-08-28,Production Technician I,Walter Immediato,2279,skylar.riggs@bilearner.com,MSC,Voluntarily Terminated,Part-Time,Zone C,Part-Time,Production,Production Operations,1986-04-05,MA,Female,US-MA-02,Asian,Widowed,Fully Meets,3
2878,Shania,Barrera,2008-12-16,2010-05-16,Production Technician I,Kyle Ali,2490,shania.barrera@bilearner.com,TNS,Terminated for Cause,Full-Time,Zone C,Full-Time,Production,Production Operations,1957-08-11,MA,Male,US-MA-03,Black,Married,Fully Meets,3
2879,Trystan,Fernandez,2021-03-31,,Production Technician I,Emelia Mcintyre,2343,trystan.fernandez@bilearner.com,PYZ,Active,Full-Time,Zone C,Full-Time,Production,Production Operations,1962-11-15,MA,Male,US-MA-01,Black,Married,Fully Meets,3
2880,Aimee,Berg,2016-03-29,2017-04-02,Production Technician I,Brycen York,2421,aimee.berg@bilearner.com,WBL,Voluntarily Terminated,Full-Time,Zone C,Full-Time,Production,Production Operations,1976-07-20,MA,Female,US-MA-02,Black,Single,Fully Meets,3
2881,Kyson,Scott,2023-02-19,,Production Technician I,Ariana Strickland,2294,kyson.scott@bilearner.com,NEL,Active,Contract,Zone C,Temporary,Production,Production Operations,1958-09-11,MA,Male,US-MA-03,Asian,Divorced,Fully Meets,3
2882,Lamar,Kirk,2006-09-04,2007-05-17,Production Technician I,Leticia Parks,2378,lamar.kirk@bilearner.com,PL,Voluntarily Terminated,Full-Time,Zone C,Full-Time,Production,Production Operations,1978-11-29,MA,Male,US-MA-01,Asian,Widowed,Fully Meets,3
2883,Slade,Lynn,2025-07-21,,Production Technician II,Payton Nolan,2377,slade.lynn@bilearner.com,CCDR,Active,Full-Time,Zone C,Full-Time,Production,Production Operations,1960-07-02,MA,Male,US-MA-02,Hispanic,Married,Fully Meets,3
2884,Riley,Leon,2006-12-17,,Production Technician II,Ariana Strickland,2294,riley.leon@bilearner.com,SVG,Active,Contract,Zone A,Temporary,Production,Production Operations,1979-09-14,MA,Male,US-MA-03,Other,Married,Fully Meets,4
2885,Humberto,Yoder,2008-02-15,,Production Technician II,Courtney E Wallace,2276,humberto.yoder@bilearner.com,EW,Leave of Absence,Full-Time,Zone A,Full-Time,Production,Production Operations,1977-01-27,MA,Male,US-MA-01,Asian,Single,Fully Meets,4
2886,Michelle,Pearson,2003-09-30,,Production Technician II,Ariel Cervantes,2322,michelle.pearson@bilearner.com,MSC,Active,Full-Time,Zone A,Full-Time,Production,Production Operations,1983-10-30,MA,Male,US-MA-02,Asian,Married,Fully Meets,3
2887,Natalya,Reyes,2025-10-27,2026-05-19,Production Technician II,Hallie Macias,2337,natalya.reyes@bilearner.com,TNS,Voluntarily Terminated,Full-Time,Zone C,Full-Time,Production,Production Operations,1987-04-27,MA,Female,US-MA-03,Black,Married,Fully Meets,3
2888,Celia,Mcpherson,2017-06-20,2018-05-20,Production Technician II,Julianne Shaw,2414,celia.mcpherson@bilearner.com,PYZ,Voluntarily Terminated,Full-Time,Zone C,Full-Time,Production,Production Operations,1983-04-26,MA,Female,US-MA-01,White,Widowed,Fully Meets,3
2889,Matias,Barton,2010-03-02,2012-02-13,Production Technician II,Trey Johnston,2506,matias.barton@bilearner.com,WBL,Voluntarily Terminated,Part-Time,Zone C,Part-Time,Production,Production Operations,1988-10-25,MA,Female,US-MA-02,Hispanic,Single,Fully Meets,3
2890,Caitlyn,Vaughan,2025-01-31,,Production Technician I,Justice Pineda,1164,caitlyn.vaughan@bilearner.com,TNS,Active,Full-Time,Zone C,Full-Time,Production,Production Operations,1988-07-20,MA,Male,US-MA-03,Black,Single,Fully Meets,3
2891,Addyson,Pollard,2013-12-27,2017-06-01,Production Technician I,Ariana Strickland,2294,addyson.pollard@bilearner.com,PYZ,Terminated for Cause,Full-Time,Zone C,Full-Time,Production,Production Operations,1995-08-16,MA,Male,US-MA-01,Black,Widowed,Fully Meets,3
2892,Laila,Wiggins,2024-03-10,2025-08-03,Production Technician I,Heath Romero,2381,laila.wiggins@bilearner.com,WBL,Retired,Full-Time,Zone C,Full-Time,Production,Production Operations,1960-12-06,MA,Male,US-MA-02,Hispanic,Divorced,Fully Meets,4
2893,Terrance,Wiggins,2025-12-07,,Production Technician I,Elisa Bramante,2291,terrance.wiggins@bilearner.com,NEL,Active,Full-Time,Zone C,Full-Time,Production,Production Operations,1972-11-02,MA,Male,US-MA-03,White,Divorced,Fully Meets,3
2894,Aliza,Pace,2006-02-13,,Production Technician I,Michael Albert,2275,aliza.pace@bilearner.com,PL,Active,Full-Time,Zone A,Full-Time,Production,Production Operations,1967-02-22,MA,Male,US-MA-01,White,Single,Fully Meets,3
2895,Mauricio,Stein,2009-04-05,2009-07-04,Production Technician I,Ariel Cervantes,2322,mauricio.stein@bilearner.com,BPC,Terminated for Cause,Contract,Zone C,Temporary,Production,Production Operations,1984-01-01,MA,Male,US-MA-02,Asian,Married,Fully Meets,3
2896,Gia,Winters,2024-10-05,,Production Technician I,Brycen York,2421,gia.winters@bilearner.com,CCDR,Active,Full-Time,Zone C,Full-Time,Production,Production Operations,1979-11-28,MA,Male,US-MA-03,Other,Divorced,Fully Meets,3
2897,Aidyn,Cuevas,2006-10-12,2008-08-01,Production Technician I,Ariana Strickland,2294,aidyn.cuevas@bilearner.com,SVG,Voluntarily Terminated,Contract,Zone C,Temporary,Production,Production Operations,1963-06-10,MA,Female,US-MA-01,Hispanic,Widowed,Fully Meets,3
2898,Angel,Santos,2020-11-15,,Production Technician I,Marquise Pacheco,2464,angel.santos@bilearner.com,EW,Active,Full-Time,Zone C,Full-Time,Production,Production Operations,1987-01-09,MA,Female,US-MA-02,Other,Single,Fully Meets,3
2899,Johnathan,Huerta,2025-08-14,2026-03-03,Production Technician I,Isabela Collins,1121,johnathan.huerta@bilearner.com,MSC,Voluntarily Terminated,Part-Time,Zone C,Part-Time,Production,Production Operations,1992-04-29,MA,Male,US-MA-03,Other,Single,Fully Meets,3
2900,Katelyn,Garner,2026-05-13,2026-06-05,Production Technician I,Courtney E Wallace,2276,katelyn.garner@bilearner.com,TNS,Voluntarily Terminated,Full-Time,Zone C,Full-Time,Production,Production Operations,1976-10-05,MA,Male,US-MA-01,White,Widowed,Exceeds,5
2901,Deshawn,Ayers,2026-03-31,2026-06-30,Production Technician I,Kyle Ali,2490,deshawn.ayers@bilearner.com,PYZ,Voluntarily Terminated,Full-Time,Zone C,Full-Time,Production,Production Operations,1991-12-21,MA,Female,US-MA-02,White,Single,Fully Meets,3
2902,Siena,Meadows,2023-04-24,,Production Technician I,Abbigail Cameron,1232,siena.meadows@bilearner.com,WBL,Active,Full-Time,Zone C,Full-Time,Production,Production Operations,1961-03-11,MA,Female,US-MA-03,Black,Widowed,Fully Meets,3
2903,Presley,Padilla,2014-08-12,2016-04-23,Production Technician I,Cordell Vazquez,2439,presley.padilla@bilearner.com,NEL,Retired,Contract,Zone C,Temporary,Production,Production Operations,1952-10-08,MA,Male,US-MA-01,Asian,Single,Needs Improvement,1
2904,Marquis,Atkinson,2007-11-02,2009-02-06,Production Technician I,Uriel Brennan,2386,marquis.atkinson@bilearner.com,PL,Retired,Contract,Zone C,Temporary,Production,Production Operations,1946-10-05,MA,Female,US-MA-02,Other,Widowed,Exceeds,5
2905,Gillian,Williams,2021-08-23,,Production Technician II,George Meyers,2457,gillian.williams@bilearner.com,PL,Active,Full-Time,Zone C,Full-Time,Production,Production Operations,1973-12-05,MA,Male,US-MA-03,Asian,Divorced,Fully Meets,3
2906,Anabel,Hanna,2012-10-03,,Production Technician II,Ally Brennan,2516,anabel.hanna@bilearner.com,PYZ,Active,Contract,Zone B,Temporary,Production,Production Operations,1979-02-11,MA,Male,US-MA-01,Asian,Divorced,Needs Improvement,1
2907,Celeste,Branch,2025-11-26,,Production Technician II,Jaydan Hoffman,2317,celeste.branch@bilearner.com,SVG,Active,Full-Time,Zone C,Full-Time,Production,Production Operations,1962-03-04,MA,Male,US-MA-02,White,Widowed,Needs Improvement,2
2908,Shyanne,Cooper,2003-03-25,,Production Technician II,Ariel Cervantes,2322,shyanne.cooper@bilearner.com,TNS,Active,Full-Time,Zone A,Full-Time,Production,Production Operations,1980-04-06,MA,Male,US-MA-03,Asian,Single,Exceeds,4
2909,Nancy,Barrett,2022-04-09,,Production Technician II,Ariana Strickland,2294,nancy.barrett@bilearner.com,WBL,Active,Contract,Zone C,Temporary,Production,Production Operations,1983-08-21,MA,Female,US-MA-01,Hispanic,Single,Needs Improvement,2
2910,Ronan,Burke,2021-12-30,,Production Technician II,Jesus Hendricks,2341,ronan.burke@bilearner.com,BPC,Active,Full-Time,Zone C,Full-Time,Production,Production Operations,1999-03-28,MA,Female,US-MA-02,White,Divorced,Exceeds,4
2911,Estrella,Ho,2024-01-16,,Production Technician I,Marquise Pacheco,2464,estrella.ho@bilearner.com,TNS,Active,Full-Time,Zone C,Full-Time,Production,Production Operations,2003-11-23,MA,Male,US-MA-03,Asian,Divorced,Exceeds,5
2912,Conor,Petty,2010-10-25,,Production Technician I,Kaylyn Joyce,2419,conor.petty@bilearner.com,PYZ,Active,Full-Time,Zone A,Full-Time,Production,Production Operations,1962-05-30,MA,Male,US-MA-01,Black,Widowed,Needs Improvement,2
2913,Cheyanne,Munoz,2023-12-06,,Production Technician I,Payton Nolan,2377,cheyanne.munoz@bilearner.com,WBL,Active,Full-Time,Zone C,Full-Time,Production,Production Operations,1986-09-15,MA,Male,US-MA-02,Hispanic,Divorced,Needs Improvement,1
2914,Jaycee,Osborn,2015-12-05,2019-01-27,Production Technician I,Teagan Fletcher,2440,jaycee.osborn@bilearner.com,NEL,Voluntarily Terminated,Full-Time,Zone C,Full-Time,Production,Production Operations,1972-12-02,MA,Male,US-MA-03,Hispanic,Widowed,Exceeds,4
2915,Jordyn,Patel,2007-07-03,2010-09-28,Production Technician I,Teagan Fletcher,2440,jordyn.patel@bilearner.com,PL,Terminated for Cause,Contract,Zone C,Temporary,Production,Production Operations,1956-01-31,MA,Male,US-MA-01,Asian,Widowed,Exceeds,5
2916,Michael,Acosta,2004-12-23,2016-02-19,Production Technician I,Ariel Cervantes,2322,michael.acosta@bilearner.com,BPC,Retired,Full-Time,Zone B,Full-Time,Production,Production Operations,1953-01-27,MA,Male,US-MA-02,White,Single,Needs Improvement,2
2917,Janiah,Ball,2006-06-06,,Production Technician I,Uriel Brennan,2386,janiah.ball@bilearner.com,CCDR,Active,Full-Time,Zone A,Full-Time,Production,Production Operations,1961-04-27,MA,Male,US-MA-03,Other,Widowed,Exceeds,5
2918,Brice,Medina,2013-01-31,2013-10-20,Production Technician I,Sawyer Little,2385,brice.medina@bilearner.com,SVG,Voluntarily Terminated,Full-Time,Zone C,Full-Time,Production,Production Operations,1979-05-08,MA,Female,US-MA-01,Black,Widowed,Exceeds,4
2919,Ismael,Bowers,2021-09-11,,Production Technician I,Nathaly Stuart,2411,ismael.bowers@bilearner.com,EW,Active,Contract,Zone C,Temporary,Production,Production Operations,1988-11-07,MA,Female,US-MA-02,White,Single,Needs Improvement,1
2920,Caden,Silva,2016-01-05,,Production Technician I,Leticia Parks,2378,caden.silva@bilearner.com,MSC,Active,Full-Time,Zone B,Full-Time,Production,Production Operations,1959-02-11,MA,Male,US-MA-03,Hispanic,Single,Exceeds,5
2921,Yadira,Dean,2006-10-15,2010-04-27,Production Technician I,Leticia Parks,2378,yadira.dean@bilearner.com,TNS,Terminated for Cause,Full-Time,Zone C,Full-Time,Production,Production Operations,1957-08-08,MA,Female,US-MA-01,Asian,Divorced,Exceeds,4
2922,Miles,Roberts,2010-03-23,2011-09-22,Production Technician I,Amy Dunn,2277,miles.roberts@bilearner.com,BPC,Terminated for Cause,Contract,Zone C,Temporary,Production,Production Operations,1972-10-08,MA,Female,US-MA-02,Other,Married,Exceeds,4
2923,Joel,Spence,2009-03-20,2016-08-14,Production Technician I,Kyle Ali,2490,joel.spence@bilearner.com,CCDR,Voluntarily Terminated,Full-Time,Zone C,Full-Time,Production,Production Operations,1980-07-01,MA,Female,US-MA-03,White,Married,Needs Improvement,2
2924,Kole,Garrison,2021-12-04,2024-12-08,Production Technician I,Elisa Bramante,2291,kole.garrison@bilearner.com,EW,Voluntarily Terminated,Full-Time,Zone C,Full-Time,Production,Production Operations,1979-05-15,MA,Male,US-MA-01,Asian,Married,Exceeds,4
2925,Kaylin,Andersen,2016-12-09,2021-01-01,Production Technician II,Walter Dominguez,2336,kaylin.andersen@bilearner.com,CCDR,Voluntarily Terminated,Contract,Zone C,Temporary,Production,Production Operations,1972-09-18,MA,Male,US-MA-02,Other,Divorced,Exceeds,5
2926,Yareli,Valdez,2011-07-21,,Production Technician II,Uriel Brennan,2386,yareli.valdez@bilearner.com,SVG,Leave of Absence,Full-Time,Zone B,Full-Time,Production,Production Operations,1988-11-25,MA,Male,US-MA-03,Black,Widowed,Needs Improvement,1
2927,Rubi,Sanford,2015-07-16,,Production Technician II,Walter Immediato,2279,rubi.sanford@bilearner.com,EW,Leave of Absence,Contract,Zone B,Temporary,Production,Production Operations,1982-02-18,MA,Male,US-MA-01,Black,Divorced,Exceeds,5
2928,Jayden,Bolton,2023-08-23,,Production Technician II,Rachael Buck,1186,jayden.bolton@bilearner.com,MSC,Active,Full-Time,Zone C,Full-Time,Production,Production Operations,1972-04-12,MA,Female,US-MA-02,Hispanic,Divorced,Fully Meets,3
2929,Izabella,Watson,2017-09-20,2021-03-18,Production Technician II,Trey Johnston,2506,izabella.watson@bilearner.com,TNS,Voluntarily Terminated,Full-Time,Zone C,Full-Time,Production,Production Operations,1986-06-05,MA,Female,US-MA-03,White,Widowed,Needs Improvement,2
2930,Jon,Galvan,2024-09-01,,Production Technician II,Emelia Mcintyre,2343,jon.galvan@bilearner.com,PYZ,Active,Full-Time,Zone C,Full-Time,Production,Production Operations,1999-03-20,MA,Female,US-MA-01,Black,Widowed,Exceeds,5
2931,Halle,Chan,2009-08-18,2010-04-17,Production Technician I,Ibrahim Wolfe,1142,halle.chan@bilearner.com,MSC,Terminated for Cause,Full-Time,Zone C,Full-Time,Production,Production Operations,1969-07-11,MA,Male,US-MA-02,Hispanic,Single,Exceeds,4
2932,Braeden,Moss,2025-06-17,2026-05-20,Production Technician I,Walter Immediato,2279,braeden.moss@bilearner.com,TNS,Terminated for Cause,Full-Time,Zone C,Full-Time,Production,Production Operations,1970-12-25,MA,Male,US-MA-03,Hispanic,Widowed,Fully Meets,3
2933,Fernando,Mcdowell,2016-10-02,,Production Technician I,Jesus Hendricks,2341,fernando.mcdowell@bilearner.com,PYZ,Active,Full-Time,Zone C,Full-Time,Production,Production Operations,1997-03-10,MA,Male,US-MA-01,White,Single,Needs Improvement,2
2934,Triston,Ewing,2024-10-02,2025-06-10,Production Technician I,Rachael Buck,1186,triston.ewing@bilearner.com,WBL,Voluntarily Terminated,Contract,Zone C,Temporary,Production,Production Operations,1963-11-14,MA,Male,US-MA-02,Asian,Widowed,Fully Meets,4
2935,Pablo,Yates,2018-07-07,2019-05-07,Production Technician I,Emelia Mcintyre,2343,pablo.yates@bilearner.com,NEL,Voluntarily Terminated,Full-Time,Zone C,Full-Time,Production,Production Operations,1995-12-09,MA,Male,US-MA-03,White,Divorced,Fully Meets,3
2936,Jordan,Hayes,2014-01-30,,Production Technician I,Abbigail Cameron,1232,jordan.hayes@bilearner.com,PL,Active,Full-Time,Zone B,Full-Time,Production,Production Operations,1984-09-15,MA,Male,US-MA-01,Asian,Married,Needs Improvement,2
2937,Kianna,Wilkerson,2005-09-28,,Production Technician I,Terrell Guerra,2395,kianna.wilkerson@bilearner.com,BPC,Active,Full-Time,Zone A,Full-Time,Production,Production Operations,1976-01-22,MA,Male,US-MA-02,Black,Married,Needs Improvement,2
2938,Paul,Steele,2022-08-25,2023-09-03,Production Technician I,Justice Pineda,1164,paul.steele@bilearner.com,CCDR,Voluntarily Terminated,Full-Time,Zone C,Full-Time,Production,Production Operations,1972-12-11,MA,Male,US-MA-03,White,Married,Needs Improvement,2
2939,Jason,Moyer,2005-07-15,2007-09-29,Production Technician I,Michael Albert,2275,jason.moyer@bilearner.com,SVG,Voluntarily Terminated,Full-Time,Zone C,Full-Time,Production,Production Operations,1980-07-23,MA,Female,US-MA-01,Hispanic,Single,Needs Improvement,2
2940,Larissa,Taylor,2009-11-06,2012-03-17,Production Technician I,Kaylyn Joyce,2419,larissa.taylor@bilearner.com,EW,Voluntarily Terminated,Contract,Zone C,Temporary,Production,Production Operations,1972-12-05,MA,Female,US-MA-02,Black,Single,Needs Improvement,2
2941,Aryanna,Larson,2022-11-08,2026-02-08,Production Technician I,Trey Johnston,2506,aryanna.larson@bilearner.com,MSC,Voluntarily Terminated,Full-Time,Zone C,Full-Time,Production,Production Operations,1994-04-26,MA,Male,US-MA-03,Hispanic,Divorced,Needs Improvement,1
2942,Eliana,Hammond,2019-05-09,2019-08-03,Production Technician I,Webster L Butler,2285,eliana.hammond@bilearner.com,TNS,Voluntarily Terminated,Contract,Zone C,Temporary,Production,Production Operations,1993-09-23,MA,Female,US-MA-01,Black,Widowed,Needs Improvement,1
2943,Adrien,Krause,2021-11-22,,Production Technician I,Callum Mccormick,2454,adrien.krause@bilearner.com,PYZ,Active,Full-Time,Zone C,Full-Time,Production,Production Operations,1963-02-14,MA,Female,US-MA-02,Other,Single,Needs Improvement,2
2944,Annie,Galloway,2001-12-01,,Production Technician I,Marlon Stanton,2304,annie.galloway@bilearner.com,WBL,Active,Full-Time,Zone A,Full-Time,Production,Production Operations,1965-09-05,MA,Female,US-MA-03,Other,Widowed,Needs Improvement,2
2945,Kamryn,Mckinney,2020-04-10,2021-09-22,Production Technician I,Heath Romero,2381,kamryn.mckinney@bilearner.com,NEL,Voluntarily Terminated,Contract,Zone C,Temporary,Production,Production Operations,1976-08-21,MA,Male,US-MA-01,White,Widowed,Needs Improvement,2
2946,Dahlia,Waller,2008-02-08,,Production Technician II,Julianne Shaw,2414,dahlia.waller@bilearner.com,BPC,Active,Contract,Zone A,Temporary,Production,Production Operations,1984-06-29,MA,Male,US-MA-02,Black,Divorced,Needs Improvement,2
2947,Alonzo,Bradley,2004-03-24,,Production Technician II,Trey Johnston,2506,alonzo.bradley@bilearner.com,CCDR,Active,Part-Time,Zone A,Part-Time,Production,Production Operations,1958-08-18,MA,Male,US-MA-03,Asian,Divorced,Fully Meets,3
2948,Harley,Soto,2011-10-24,,Production Technician II,Brycen York,2421,harley.soto@bilearner.com,SVG,Leave of Absence,Part-Time,Zone B,Part-Time,Production,Production Operations,1969-06-30,MA,Male,US-MA-01,Other,Single,Needs Improvement,2
2949,Belen,Vasquez,2001-07-05,,Production Technician II,Axel Howe,3456,belen.vasquez@bilearner.com,EW,Leave of Absence,Full-Time,Zone A,Full-Time,Production,Production Operations,1957-11-04,MA,Female,US-MA-02,Hispanic,Single,Fully Meets,3
2950,Charlize,Rocha,2025-09-09,2026-05-19,Production Technician II,Braden Nicholson,2478,charlize.rocha@bilearner.com,MSC,Voluntarily Terminated,Full-Time,Zone C,Full-Time,Production,Production Operations,2000-12-16,MA,Female,US-MA-03,White,Married,Needs Improvement,2
2951,Aleena,David,2017-05-27,,Production Technician II,Cordell Vazquez,2439,aleena.david@bilearner.com,TNS,Active,Part-Time,Zone C,Part-Time,Production,Production Operations,1969-08-18,MA,Female,US-MA-01,Black,Widowed,Fully Meets,3
2952,Bridger,Alvarado,2004-09-18,,Production Technician II,Ariel Cervantes,2322,bridger.alvarado@bilearner.com,PYZ,Active,Full-Time,Zone A,Full-Time,Production,Production Operations,1985-10-25,MA,Female,US-MA-02,Black,Widowed,Fully Meets,3
2953,Cannon,Morgan,2020-05-03,,Production Technician I,Dane Kelly,1209,cannon.morgan@bilearner.com,TNS,Active,Full-Time,Zone C,Full-Time,Production,Production Operations,1972-01-02,MA,Male,US-MA-03,Other,Widowed,Fully Meets,3
2954,Weston,Ramsey,2010-10-26,2012-07-24,Production Technician I,Kaylyn Joyce,2419,weston.ramsey@bilearner.com,WBL,Terminated for Cause,Full-Time,Zone C,Full-Time,Production,Production Operations,1955-08-10,MA,Female,US-MA-01,Black,Widowed,Fully Meets,3
2955,Adison,Ray,2017-07-28,2019-06-21,Production Technician I,Walter Dominguez,2336,adison.ray@bilearner.com,PYZ,Voluntarily Terminated,Contract,Zone C,Temporary,Production,Production Operations,1959-06-14,MA,Male,US-MA-02,Other,Married,Fully Meets,3
2956,Aarav,Espinoza,2019-12-28,,Production Technician I,Isabela Collins,1121,aarav.espinoza@bilearner.com,WBL,Active,Full-Time,Zone C,Full-Time,Production,Production Operations,1999-12-15,MA,Male,US-MA-03,Hispanic,Widowed,Fully Meets,4
2957,Destiney,Barry,2021-08-07,,Production Technician I,Abbigail Cameron,1232,destiney.barry@bilearner.com,NEL,Active,Full-Time,Zone C,Full-Time,Production,Production Operations,1960-01-13,MA,Male,US-MA-01,Hispanic,Single,Fully Meets,3
2958,Ulises,Herring,2010-12-28,,Production Technician I,Sawyer Little,2385,ulises.herring@bilearner.com,PL,Active,Contract,Zone A,Temporary,Production,Production Operations,1968-01-30,MA,Male,US-MA-02,Black,Divorced,Fully Meets,3
2959,Marquis,Cardenas,2007-01-17,2008-02-18,Production Technician I,Julianne Shaw,2414,marquis.cardenas@bilearner.com,BPC,Retired,Full-Time,Zone C,Full-Time,Production,Production Operations,1942-08-30,MA,Male,US-MA-03,Hispanic,Widowed,Fully Meets,3
2960,Miya,Cruz,2012-10-04,2013-12-18,Production Technician I,Brianna Hurley,2471,miya.cruz@bilearner.com,CCDR,Terminated for Cause,Full-Time,Zone C,Full-Time,Production,Production Operations,1976-09-21,MA,Female,US-MA-01,White,Divorced,Fully Meets,3
2961,Erin,Floyd,2008-11-04,2009-12-12,Production Technician I,Michael Albert,2275,erin.floyd@bilearner.com,SVG,Voluntarily Terminated,Full-Time,Zone C,Full-Time,Production,Production Operations,1977-12-20,MA,Female,US-MA-02,Asian,Divorced,Fully Meets,4
2962,Gerald,Johnston,2013-02-09,,Production Technician I,Terrell Guerra,2395,gerald.johnston@bilearner.com,EW,Active,Full-Time,Zone B,Full-Time,Production,Production Operations,1982-10-03,MA,Female,US-MA-03,Hispanic,Single,Fully Meets,3
2963,Kendrick,Snyder,2017-01-04,,Production Technician I,Faith Golden,2318,kendrick.snyder@bilearner.com,MSC,Active,Full-Time,Zone C,Full-Time,Production,Production Operations,1975-09-04,MA,Male,US-MA-01,Other,Married,Fully Meets,3
2964,Alyssa,Proctor,2023-06-30,,Production Technician I,Dane Kelly,1209,alyssa.proctor@bilearner.com,TNS,Active,Full-Time,Zone C,Full-Time,Production,Production Operations,1958-06-02,MA,Female,US-MA-02,Other,Divorced,Fully Meets,3
2965,Manuel,Stout,2009-04-05,2011-01-01,Production Technician I,Brycen York,2421,manuel.stout@bilearner.com,PYZ,Terminated for Cause,Full-Time,Zone C,Full-Time,Production,Production Operations,1957-01-04,MA,Female,US-MA-03,Hispanic,Divorced,Fully Meets,3
2966,Joanna,Bradley,2021-03-12,2023-11-10,Production Technician I,Danny Thomas,2383,joanna.bradley@bilearner.com,WBL,Voluntarily Terminated,Contract,Zone C,Temporary,Production,Production Operations,1961-04-23,MA,Male,US-MA-01,White,Divorced,Fully Meets,3
2967,Sade,Smith,2019-04-10,2020-04-18,Production Technician I,Teagan Fletcher,2440,sade.smith@bilearner.com,NEL,Voluntarily Terminated,Full-Time,Zone C,Full-Time,Production,Production Operations,1983-12-06,MA,Female,US-MA-02,Other,Married,Fully Meets,3
2968,Lowan M,Biden,2002-04-12,,Production Technician I,Marlon Stanton,2304,lowan m.biden@bilearner.com,CCDR,Active,Full-Time,Zone A,Full-Time,Production,Production Operations,1981-06-05,MA,Female,US-MA-03,Black,Single,Fully Meets,3
2969,Lauren,Peters,2024-03-02,2025-11-04,Production Technician II,Isabela Collins,1121,lauren.peters@bilearner.com,WBL,Voluntarily Terminated,Contract,Zone C,Temporary,Production,Production Operations,1987-12-28,MA,Female,US-MA-01,Hispanic,Married,Fully Meets,3
2970,Shenice,Gold,2002-11-13,2007-04-30,Production Technician I,Ariel Cervantes,2322,shenice.gold@bilearner.com,MSC,Voluntarily Terminated,Full-Time,Zone C,Full-Time,Production,Production Operations,1982-04-30,MA,Female,US-MA-02,Hispanic,Widowed,Fully Meets,3
2971,Brigit,McCarthy,2025-01-20,2025-08-12,Production Technician II,Eli Owens,2342,brigit.mccarthy@bilearner.com,TNS,Voluntarily Terminated,Full-Time,Zone C,Full-Time,Production,Production Operations,1996-10-07,MA,Female,US-MA-03,White,Divorced,Fully Meets,3
2972,Cherly,Robinson,2023-05-06,,Production Technician I,Abbigail Cameron,1232,cherly.robinson@bilearner.com,TNS,Active,Part-Time,Zone C,Part-Time,Production,Production Operations,1974-07-05,MA,Female,US-MA-01,Other,Widowed,Fully Meets,3
2973,Jacquelyn,Williams,2013-09-05,,Production Technician I,Teagan Fletcher,2440,jacquelyn.williams@bilearner.com,SVG,Active,Contract,Zone B,Temporary,Production,Production Operations,1985-12-26,MA,Female,US-MA-02,Other,Married,Fully Meets,3
2974,Kayla,Peterson,2015-01-17,,Production Technician I,Brycen York,2421,kayla.peterson@bilearner.com,SVG,Active,Contract,Zone B,Temporary,Production,Production Operations,1992-01-16,MA,Female,US-MA-03,Black,Single,Fully Meets,4
2975,Bradley J,Knapp,2015-06-20,2017-10-28,Production Technician I,Ibrahim Wolfe,1142,bradley j.knapp@bilearner.com,WBL,Voluntarily Terminated,Full-Time,Zone C,Full-Time,Production,Production Operations,1992-05-27,MA,Male,US-MA-01,Asian,Married,Fully Meets,3
2976,Richard,Newman,2020-06-05,,Production Technician I,Rosa Rosales,2451,richard.newman@bilearner.com,TNS,Leave of Absence,Full-Time,Zone C,Full-Time,Production,Production Operations,1992-01-19,MA,Male,US-MA-02,Hispanic,Divorced,Fully Meets,4
2977,Benjamin,Burkett,2026-02-02,,Production Technician II,Kyle Ali,2490,benjamin.burkett@bilearner.com,NEL,Active,Full-Time,Zone C,Full-Time,Production,Production Operations,1987-12-10,MA,Male,US-MA-03,Black,Divorced,Fully Meets,3
2978,Sam,Athwal,2016-04-20,,Production Technician I,Nathaly Stuart,2411,sam.athwal@bilearner.com,CCDR,Active,Full-Time,Zone B,Full-Time,Production,Production Operations,1981-09-11,MA,Male,US-MA-01,Hispanic,Divorced,Fully Meets,3
2979,Lauren,Mahoney,2020-01-10,,Production Technician I,Ibrahim Wolfe,1142,lauren.mahoney@bilearner.com,PL,Active,Full-Time,Zone C,Full-Time,Production,Production Operations,2001-06-16,MA,Female,US-MA-02,Other,Widowed,Fully Meets,3
2980,Theresa,Tinto,2021-05-10,,Production Technician I,Elijiah Gray,2281,theresa.tinto@bilearner.com,SVG,Active,Full-Time,Zone C,Full-Time,Production,Production Operations,1957-09-09,MA,Female,US-MA-03,Hispanic,Divorced,Fully Meets,3
2981,Caroline,Cierpiszewski,2010-10-08,2016-09-03,Production Technician I,Brianna Hurley,2471,caroline.cierpiszewski@bilearner.com,TNS,Terminated for Cause,Full-Time,Zone C,Full-Time,Production,Production Operations,1979-12-25,MA,Female,US-MA-01,Black,Single,Fully Meets,3
2982,Tanya,Foreman,2024-07-06,,Production Technician II,Ally Brennan,2516,tanya.foreman@bilearner.com,WBL,Active,Full-Time,Zone C,Full-Time,Production,Production Operations,1995-03-09,MA,Female,US-MA-02,Other,Married,Fully Meets,3
2983,Roger,Walker,2021-06-02,,Production Technician II,Mila Poole,2453,roger.walker@bilearner.com,PL,Active,Full-Time,Zone C,Full-Time,Production,Production Operations,1962-04-15,MA,Male,US-MA-03,Hispanic,Widowed,Fully Meets,3
2984,Tayana,Jeannite,2006-06-22,2006-12-06,Production Technician II,Walter Immediato,2279,tayana.jeannite@bilearner.com,PYZ,Terminated for Cause,Full-Time,Zone C,Full-Time,Production,Production Operations,1975-04-03,MA,Female,US-MA-01,Black,Divorced,Fully Meets,3
2985,Anthony,Heitzman,2017-09-28,2020-01-06,Production Technician I,Leticia Parks,2378,anthony.heitzman@bilearner.com,SVG,Voluntarily Terminated,Full-Time,Zone C,Full-Time,Production,Production Operations,1970-09-17,MA,Male,US-MA-02,Hispanic,Married,Fully Meets,3
2986,Violeta,Ferreira,2017-06-01,,Production Technician I,Brycen York,2421,violeta.ferreira@bilearner.com,NEL,Active,Full-Time,Zone C,Full-Time,Production,Production Operations,1971-01-11,MA,Female,US-MA-03,Asian,Single,Fully Meets,4
2987,Geoff,Dickinson,2003-10-11,,Production Technician I,Amy Dunn,2277,geoff.dickinson@bilearner.com,TNS,Active,Full-Time,Zone A,Full-Time,Production,Production Operations,1966-02-20,MA,Male,US-MA-01,Other,Single,Fully Meets,3
2988,Justice,Gentry,2014-07-03,2016-09-06,Production Technician I,Ariel Cervantes,2322,justice.gentry@bilearner.com,MSC,Terminated for Cause,Full-Time,Zone C,Full-Time,Production,Production Operations,1972-01-18,MA,Male,US-MA-02,Hispanic,Married,Fully Meets,3
2989,Kason,Kramer,2023-03-01,,Production Technician I,Isabela Collins,1121,kason.kramer@bilearner.com,TNS,Active,Full-Time,Zone C,Full-Time,Production,Production Operations,1959-01-27,MA,Female,US-MA-03,Hispanic,Widowed,Fully Meets,3
2990,Alfredo,Perry,2010-07-12,,Production Technician I,Brycen York,2421,alfredo.perry@bilearner.com,PYZ,Active,Full-Time,Zone A,Full-Time,Production,Production Operations,1964-04-20,MA,Female,US-MA-01,White,Single,Fully Meets,3
2991,Skyler,Drake,2011-12-13,,Production Technician I,Trey Johnston,2506,skyler.drake@bilearner.com,WBL,Active,Contract,Zone B,Temporary,Production,Production Operations,1983-05-21,MA,Female,US-MA-02,White,Single,Exceeds,4
2992,Moshe,Copeland,2008-05-18,2010-03-25,Production Technician I,Amy Dunn,2277,moshe.copeland@bilearner.com,NEL,Terminated for Cause,Full-Time,Zone C,Full-Time,Production,Production Operations,1973-10-18,MA,Female,US-MA-03,Asian,Married,Fully Meets,4
2993,Harley,Nunez,2005-08-31,2008-08-25,Production Technician I,Terrell Guerra,2395,harley.nunez@bilearner.com,PL,Retired,Full-Time,Zone C,Full-Time,Production,Production Operations,1946-01-07,MA,Male,US-MA-01,White,Widowed,Fully Meets,3
2994,Sammy,Walter,2011-02-12,,Production Technician I,Courtney E Wallace,2276,sammy.walter@bilearner.com,BPC,Active,Full-Time,Zone A,Full-Time,Production,Production Operations,1979-04-20,MA,Male,US-MA-02,Other,Married,Fully Meets,3
2995,Ronnie,Haas,2021-08-05,2023-03-06,Production Technician I,Uriel Brennan,2386,ronnie.haas@bilearner.com,CCDR,Retired,Full-Time,Zone C,Full-Time,Production,Production Operations,1954-10-17,MA,Male,US-MA-03,Other,Single,Needs Improvement,1
2996,Kira,Robertson,2005-05-10,2006-04-17,Production Technician I,Ariel Cervantes,2322,kira.robertson@bilearner.com,SVG,Voluntarily Terminated,Full-Time,Zone C,Full-Time,Production,Production Operations,1983-01-10,MA,Female,US-MA-01,Other,Widowed,Fully Meets,4
2997,Jaqueline,Ford,2012-07-16,,Production Technician I,Ariel Cervantes,2322,jaqueline.ford@bilearner.com,EW,Active,Full-Time,Zone B,Full-Time,Production,Production Operations,1985-06-30,MA,Female,US-MA-02,Other,Married,Fully Meets,3
2998,Trace,Cherry,2020-07-24,,Production Technician I,Ariel May,2472,trace.cherry@bilearner.com,MSC,Active,Full-Time,Zone C,Full-Time,Production,Production Operations,1968-06-02,MA,Male,US-MA-03,White,Widowed,Needs Improvement,2
2999,Travis,Cardenas,2011-01-23,2013-05-07,Production Technician I,Milagros Foley,1185,travis.cardenas@bilearner.com,TNS,Voluntarily Terminated,Contract,Zone C,Temporary,Production,Production Operations,1970-03-16,MA,Male,US-MA-01,Asian,Divorced,Fully Meets,3
3000,Reyna,Hicks,2016-03-25,,Production Technician I,Walter Immediato,2279,reyna.hicks@bilearner.com,PYZ,Active,Full-Time,Zone B,Full-Time,Production,Production Operations,1973-09-27,MA,Male,US-MA-02,Other,Single,Fully Meets,3
3001,Trent,Sandoval,2011-09-13,2015-07-21,Production Technician I,Trey Johnston,2506,trent.sandoval@bilearner.com,WBL,Voluntarily Terminated,Full-Time,Zone C,Full-Time,Production,Production Operations,1972-02-14,MA,Male,US-MA-03,Asian,Widowed,Fully Meets,3
3002,Reginald,Dougherty,2004-10-29,,Production Technician II,Amy Dunn,2277,reginald.dougherty@bilearner.com,BPC,Active,Full-Time,Zone A,Full-Time,Production,Production Operations,1978-02-11,MA,Female,US-MA-01,White,Widowed,Fully Meets,3
3003,Paul,Greer,2016-07-22,,Production Technician II,Ariana Strickland,2294,paul.greer@bilearner.com,CCDR,Active,Full-Time,Zone C,Full-Time,Production,Production Operations,1990-08-31,MA,Female,US-MA-02,Other,Single,Fully Meets,3
3004,Tiara,Velez,2005-12-22,2006-07-06,Production Technician II,Trey Johnston,2506,tiara.velez@bilearner.com,EW,Voluntarily Terminated,Full-Time,Zone C,Full-Time,Production,Production Operations,1948-10-02,MA,Female,US-MA-03,Asian,Divorced,Fully Meets,3
3005,Mareli,Wilson,2007-06-30,,Production Technician II,Amy Dunn,2277,mareli.wilson@bilearner.com,MSC,Active,Contract,Zone A,Temporary,Production,Production Operations,1965-10-19,MA,Female,US-MA-01,Hispanic,Widowed,Fully Meets,3
3006,Efrain,Underwood,2018-06-14,,Production Technician II,Milagros Foley,1185,efrain.underwood@bilearner.com,NEL,Active,Full-Time,Zone C,Full-Time,Production,Production Operations,1968-07-26,MA,Female,US-MA-02,Asian,Single,Fully Meets,3
3007,Madeline,Powell,2014-10-06,2016-05-31,Production Technician II,Uriel Brennan,2386,madeline.powell@bilearner.com,PL,Retired,Full-Time,Zone C,Full-Time,Production,Production Operations,1949-10-13,MA,Female,US-MA-03,Black,Married,Fully Meets,4
3008,Alfred,Goodman,2025-09-09,2026-05-06,Production Technician II,Julianne Shaw,2414,alfred.goodman@bilearner.com,PYZ,Voluntarily Terminated,Full-Time,Zone C,Full-Time,Production,Production Operations,1977-03-06,MA,Female,US-MA-01,Black,Widowed,Fully Meets,3
3009,Aracely,Kelly,2009-12-22,2024-02-27,Production Technician I,Walter Immediato,2279,aracely.kelly@bilearner.com,EW,Voluntarily Terminated,Full-Time,Zone B,Full-Time,Production,Production Operations,1966-01-22,MA,Male,US-MA-02,White,Married,Fully Meets,3
3010,Morgan,Velazquez,2014-09-02,,Production Technician I,Ally Brennan,2516,morgan.velazquez@bilearner.com,MSC,Leave of Absence,Full-Time,Zone B,Full-Time,Production,Production Operations,1968-03-27,MA,Male,US-MA-03,Other,Married,Fully Meets,3
3011,Isla,Becker,2018-09-10,,Production Technician I,Amy Dunn,2277,isla.becker@bilearner.com,TNS,Leave of Absence,Full-Time,Zone C,Full-Time,Production,Production Operations,1998-01-05,MA,Female,US-MA-01,Hispanic,Widowed,Fully Meets,3
3012,Scott,Sanford,2018-02-13,,Production Technician I,Elijiah Gray,2281,scott.sanford@bilearner.com,BPC,Leave of Absence,Full-Time,Zone C,Full-Time,Production,Production Operations,1974-11-24,MA,Female,US-MA-02,Asian,Single,Exceeds,4
3013,Deja,Ritter,2023-04-27,,Production Technician I,Teagan Fletcher,2440,deja.ritter@bilearner.com,CCDR,Active,Full-Time,Zone C,Full-Time,Production,Production Operations,1982-03-25,MA,Female,US-MA-03,Asian,Widowed,PIP,1
3014,Amelia,Gamble,2023-02-03,2023-07-10,Production Technician I,Terrell Guerra,2395,amelia.gamble@bilearner.com,EW,Voluntarily Terminated,Contract,Zone C,Temporary,Production,Production Operations,1967-07-17,MA,Male,US-MA-01,Hispanic,Single,PIP,1
3015,Pranav,Middleton,2019-09-13,,Production Technician I,Heath Romero,2381,pranav.middleton@bilearner.com,MSC,Active,Full-Time,Zone C,Full-Time,Production,Production Operations,1976-06-14,MA,Male,US-MA-02,Hispanic,Single,PIP,1
3016,Moshe,Hunter,2020-09-02,,Production Technician I,Walter Dominguez,2336,moshe.hunter@bilearner.com,NEL,Active,Part-Time,Zone C,Part-Time,Production,Production Operations,2000-07-02,MA,Male,US-MA-03,Black,Widowed,PIP,1
3017,Arjun,Gibson,2025-11-09,2026-05-17,Production Technician I,Milagros Foley,1185,arjun.gibson@bilearner.com,PL,Voluntarily Terminated,Full-Time,Zone C,Full-Time,Production,Production Operations,1994-12-12,MA,Female,US-MA-01,Other,Divorced,PIP,1
3018,Alaina,Jenkins,2021-09-28,2023-04-22,Production Technician I,Teagan Fletcher,2440,alaina.jenkins@bilearner.com,PYZ,Voluntarily Terminated,Full-Time,Zone C,Full-Time,Production,Production Operations,1974-06-13,MA,Female,US-MA-02,Black,Widowed,PIP,1
3019,Elyse,Morrow,2024-12-15,2025-12-11,Production Technician I,Colt Archer,1231,elyse.morrow@bilearner.com,SVG,Voluntarily Terminated,Part-Time,Zone C,Part-Time,Production,Production Operations,1979-09-21,MA,Female,US-MA-03,Asian,Married,PIP,1
3020,Lincoln,Brady,2022-10-07,,Production Technician I,Brycen York,2421,lincoln.brady@bilearner.com,TNS,Active,Full-Time,Zone C,Full-Time,Production,Production Operations,1960-10-21,MA,Male,US-MA-01,Black,Widowed,PIP,1
3021,Allisson,Braun,2016-07-14,,Production Technician I,Jesus Hendricks,2341,allisson.braun@bilearner.com,WBL,Active,Full-Time,Zone C,Full-Time,Production,Production Operations,1987-05-14,MA,Male,US-MA-02,Other,Single,PIP,1
3022,Leonel,Chang,2023-03-08,2024-03-09,Production Technician I,Courtney E Wallace,2276,leonel.chang@bilearner.com,BPC,Voluntarily Terminated,Full-Time,Zone C,Full-Time,Production,Production Operations,1976-07-16,MA,Male,US-MA-03,Other,Married,PIP,1
3023,Marshall,Lucas,2023-03-20,2024-08-12,Production Technician II,Kyle Ali,2490,marshall.lucas@bilearner.com,TNS,Retired,Full-Time,Zone C,Full-Time,Production,Production Operations,1958-01-30,MA,Female,US-MA-01,Black,Widowed,PIP,1
3024,Haiden,Scott,2015-08-21,,Production Technician II,Marquise Pacheco,2464,haiden.scott@bilearner.com,BPC,Active,Full-Time,Zone B,Full-Time,Production,Production Operations,1962-03-28,MA,Female,US-MA-02,Hispanic,Widowed,Fully Meets,4
3025,Kyan,Miranda,2017-05-22,,Production Technician II,Trey Johnston,2506,kyan.miranda@bilearner.com,CCDR,Active,Full-Time,Zone C,Full-Time,Production,Production Operations,1999-03-29,MA,Female,US-MA-03,Black,Married,Fully Meets,3
3026,Ayanna,Garrison,2008-04-12,,Production Technician II,Brycen York,2421,ayanna.garrison@bilearner.com,EW,Active,Full-Time,Zone A,Full-Time,Production,Production Operations,1984-01-21,MA,Female,US-MA-01,Asian,Divorced,Fully Meets,4
3027,Alan,Woods,2003-04-20,2003-07-03,Production Technician II,Trey Johnston,2506,alan.woods@bilearner.com,MSC,Terminated for Cause,Full-Time,Zone C,Full-Time,Production,Production Operations,1943-05-08,MA,Female,US-MA-02,White,Single,Fully Meets,3
3028,Teagan,Phelps,2021-12-05,2023-06-05,Production Technician II,Kyle Ali,2490,teagan.phelps@bilearner.com,NEL,Voluntarily Terminated,Contract,Zone C,Temporary,Production,Production Operations,2000-05-02,MA,Female,US-MA-03,Asian,Married,Fully Meets,4
3029,Malachi,Burnett,2024-08-30,2025-06-02,Production Technician II,Ronnie Middleton,2296,malachi.burnett@bilearner.com,PL,Retired,Contract,Zone C,Temporary,Production,Production Operations,1959-06-14,MA,Female,US-MA-01,Asian,Widowed,Fully Meets,3
3030,Kadin,Mcdowell,2024-05-31,2025-11-16,Production Technician II,Alvaro Le,2400,kadin.mcdowell@bilearner.com,PYZ,Voluntarily Terminated,Full-Time,Zone C,Full-Time,Production,Production Operations,1971-01-21,MA,Female,US-MA-02,White,Single,Fully Meets,3
3031,Reed,Brandt,2023-11-21,2025-12-13,Production Technician I,Walter Immediato,2279,reed.brandt@bilearner.com,SVG,Retired,Contract,Zone C,Temporary,Production,Production Operations,1960-07-13,MA,Male,US-MA-03,Asian,Married,Fully Meets,3
3032,Cristofer,Schwartz,2007-07-08,,Production Technician I,Teagan Fletcher,2440,cristofer.schwartz@bilearner.com,EW,Leave of Absence,Full-Time,Zone A,Full-Time,Production,Production Operations,1972-12-21,MA,Male,US-MA-01,Asian,Married,Fully Meets,4
3033,Jaelynn,Salazar,2003-03-24,,Production Technician I,Trey Johnston,2506,jaelynn.salazar@bilearner.com,MSC,Leave of Absence,Full-Time,Zone A,Full-Time,Production,Production Operations,1962-07-20,MA,Male,US-MA-02,White,Divorced,Fully Meets,3
3034,Macie,Hayes,2008-04-21,,Production Technician I,Uriel Brennan,2386,macie.hayes@bilearner.com,TNS,Active,Full-Time,Zone A,Full-Time,Production,Production Operations,1967-05-04,MA,Female,US-MA-03,White,Single,Fully Meets,3
3035,Rodney,Snow,2004-05-24,,Production Technician I,Amy Dunn,2277,rodney.snow@bilearner.com,PYZ,Active,Full-Time,Zone A,Full-Time,Production,Production Operations,1958-07-19,MA,Female,US-MA-01,Other,Divorced,Fully Meets,3
3036,Reece,Potts,2010-12-31,,Production Technician I,Courtney E Wallace,2276,reece.potts@bilearner.com,WBL,Active,Full-Time,Zone A,Full-Time,Production,Production Operations,1975-07-08,MA,Female,US-MA-02,White,Widowed,Fully Meets,3
3037,Catalina,Eaton,2009-05-18,,Production Technician I,Kyle Ali,2490,catalina.eaton@bilearner.com,NEL,Active,Full-Time,Zone A,Full-Time,Production,Production Operations,1989-10-06,MA,Male,US-MA-03,Asian,Married,Fully Meets,4
3038,Heidi,Manning,2015-08-30,2022-08-17,Production Technician I,Terrell Guerra,2395,heidi.manning@bilearner.com,PL,Retired,Full-Time,Zone C,Full-Time,Production,Production Operations,1955-08-20,MA,Male,US-MA-01,White,Divorced,Fully Meets,3
3039,Marquis,Johns,2020-09-09,,Production Technician I,Humberto Rocha,2438,marquis.johns@bilearner.com,BPC,Active,Full-Time,Zone C,Full-Time,Production,Production Operations,1966-03-24,MA,Female,US-MA-02,Other,Single,Fully Meets,3
3040,Areli,Torres,2019-11-17,,Production Technician I,Colby Wolfe,1144,areli.torres@bilearner.com,CCDR,Active,Full-Time,Zone C,Full-Time,Production,Production Operations,1984-02-01,MA,Female,US-MA-03,White,Divorced,Fully Meets,3
3041,Rey,Morton,2023-07-04,,Production Technician I,Milagros Foley,1185,rey.morton@bilearner.com,SVG,Active,Contract,Zone C,Temporary,Production,Production Operations,2000-04-22,MA,Female,US-MA-01,White,Single,Fully Meets,3
3042,Deven,Gillespie,2024-03-09,2025-06-16,Production Technician I,Isabela Collins,1121,deven.gillespie@bilearner.com,EW,Retired,Full-Time,Zone C,Full-Time,Production,Production Operations,1961-06-24,MA,Female,US-MA-02,White,Widowed,Exceeds,5
3043,Rowan,Gilbert,2026-04-18,,Production Technician I,Teagan Fletcher,2440,rowan.gilbert@bilearner.com,MSC,Active,Full-Time,Zone C,Full-Time,Production,Production Operations,1963-03-06,MA,Male,US-MA-03,Black,Widowed,Exceeds,5
3044,Cullen,Ruiz,2006-04-07,2014-06-26,Production Technician I,Julianne Shaw,2414,cullen.ruiz@bilearner.com,TNS,Voluntarily Terminated,Full-Time,Zone C,Full-Time,Production,Production Operations,1966-02-27,MA,Male,US-MA-01,White,Single,Exceeds,4
3045,Kamron,Goodwin,2005-05-11,,Production Technician I,Ariel Cervantes,2322,kamron.goodwin@bilearner.com,PYZ,Active,Full-Time,Zone A,Full-Time,Production,Production Operations,1968-02-10,MA,Male,US-MA-02,Other,Single,Exceeds,4
3046,Claudia,Melton,2011-06-15,2013-01-18,Production Technician II,Brycen York,2421,claudia.melton@bilearner.com,TNS,Voluntarily Terminated,Full-Time,Zone C,Full-Time,Production,Production Operations,1983-06-05,MA,Female,US-MA-03,Other,Single,Exceeds,4
3047,Francesca,Lowe,2024-02-04,,Production Technician II,Cordell Vazquez,2439,francesca.lowe@bilearner.com,PYZ,Active,Full-Time,Zone C,Full-Time,Production,Production Operations,1965-10-03,MA,Female,US-MA-01,White,Married,Exceeds,5
3048,Violet,Horn,2016-05-11,,Production Technician II,George Meyers,2457,violet.horn@bilearner.com,WBL,Active,Full-Time,Zone B,Full-Time,Production,Production Operations,1978-03-13,MA,Female,US-MA-02,White,Married,Fully Meets,3
3049,Carlie,Wagner,2025-01-29,2026-03-02,Production Technician II,Isabela Collins,1121,carlie.wagner@bilearner.com,NEL,Voluntarily Terminated,Full-Time,Zone C,Full-Time,Production,Production Operations,1983-07-10,MA,Female,US-MA-03,Asian,Married,Fully Meets,3
3050,Harmony,Pruitt,2009-12-28,,Production Technician II,Brycen York,2421,harmony.pruitt@bilearner.com,PL,Active,Full-Time,Zone A,Full-Time,Production,Production Operations,1970-09-22,MA,Female,US-MA-01,White,Single,Fully Meets,4
3051,Briley,Huerta,2010-08-15,2011-09-09,Production Technician II,Ariana Strickland,2294,briley.huerta@bilearner.com,BPC,Voluntarily Terminated,Full-Time,Zone C,Full-Time,Production,Production Operations,1972-02-13,MA,Female,US-MA-02,Asian,Widowed,Fully Meets,3
3052,Ean,Barajas,2020-10-20,2022-05-31,Production Technician II,Amy Dunn,2277,ean.barajas@bilearner.com,CCDR,Voluntarily Terminated,Full-Time,Zone C,Full-Time,Production,Production Operations,1972-07-09,MA,Female,US-MA-03,White,Single,Fully Meets,3
3053,Dayana,Gregory,2024-03-04,2025-04-30,Production Technician II,Keenan Jensen,2325,dayana.gregory@bilearner.com,SVG,Retired,Full-Time,Zone C,Full-Time,Production,Production Operations,1958-01-04,MA,Female,US-MA-01,Asian,Widowed,Fully Meets,3
3054,Zaniyah,Mccarthy,2011-12-24,,Production Technician I,Courtney E Wallace,2276,zaniyah.mccarthy@bilearner.com,SVG,Active,Part-Time,Zone B,Part-Time,Production,Production Operations,1964-05-28,MA,Male,US-MA-02,White,Married,Fully Meets,4
3055,Matthias,Simon,2010-01-24,,Production Technician I,Ibrahim Wolfe,1142,matthias.simon@bilearner.com,EW,Leave of Absence,Full-Time,Zone A,Full-Time,Production,Production Operations,1987-11-04,MA,Male,US-MA-03,Other,Divorced,Fully Meets,3
3056,Lyric,Butler,2001-10-28,,Production Technician I,Marlon Stanton,2304,lyric.butler@bilearner.com,MSC,Active,Contract,Zone A,Temporary,Production,Production Operations,1959-08-29,MA,Female,US-MA-01,Other,Divorced,Fully Meets,3
3057,Bridger,Duran,2020-11-07,,Production Technician I,Walter Immediato,2279,bridger.duran@bilearner.com,TNS,Leave of Absence,Full-Time,Zone C,Full-Time,Production,Production Operations,1988-02-01,MA,Female,US-MA-02,Black,Divorced,Fully Meets,4
3058,Amirah,Cline,2012-06-08,,Production Technician I,Walter Immediato,2279,amirah.cline@bilearner.com,PYZ,Leave of Absence,Contract,Zone B,Temporary,Production,Production Operations,1965-08-19,MA,Male,US-MA-03,Asian,Divorced,Fully Meets,3
3059,Izaiah,Gallagher,2007-06-20,,Production Technician I,Terrell Guerra,2395,izaiah.gallagher@bilearner.com,WBL,Active,Contract,Zone A,Temporary,Production,Production Operations,1972-08-05,MA,Female,US-MA-01,White,Widowed,Fully Meets,4
3060,Marcelo,Galvan,2002-05-01,,Production Technician I,Marlon Stanton,2304,marcelo.galvan@bilearner.com,NEL,Active,Contract,Zone A,Temporary,Production,Production Operations,1968-10-29,MA,Male,US-MA-02,Asian,Widowed,Fully Meets,3
3061,Kaylynn,Odom,2019-09-07,2020-05-24,Production Technician I,Elijiah Gray,2281,kaylynn.odom@bilearner.com,PL,Retired,Part-Time,Zone C,Part-Time,Production,Production Operations,1956-09-26,MA,Male,US-MA-03,Other,Married,Fully Meets,3
3062,Oliver,Dalton,2019-07-22,,Production Technician I,Nathaly Stuart,2411,oliver.dalton@bilearner.com,BPC,Active,Full-Time,Zone C,Full-Time,Production,Production Operations,1987-11-16,MA,Female,US-MA-01,Asian,Divorced,Fully Meets,3
3063,Patience,Henry,2021-07-16,2023-02-20,Production Technician I,Kissy Sullivan,2278,patience.henry@bilearner.com,CCDR,Voluntarily Terminated,Contract,Zone C,Temporary,Production,Production Operations,1983-10-21,MA,Female,US-MA-02,Other,Widowed,Fully Meets,4
3064,London,Pennington,2013-11-25,,Production Technician I,George Meyers,2457,london.pennington@bilearner.com,SVG,Active,Full-Time,Zone B,Full-Time,Production,Production Operations,1962-08-23,MA,Female,US-MA-03,Other,Divorced,Fully Meets,3
3065,Anna,Salazar,2018-05-09,2023-06-26,Production Technician I,Walter Dominguez,2336,anna.salazar@bilearner.com,EW,Voluntarily Terminated,Full-Time,Zone C,Full-Time,Production,Production Operations,1976-10-07,MA,Female,US-MA-01,Black,Divorced,Fully Meets,3
3066,Vicente,Davis,2009-10-16,2021-06-21,Production Technician I,Walter Immediato,2279,vicente.davis@bilearner.com,MSC,Voluntarily Terminated,Full-Time,Zone B,Full-Time,Production,Production Operations,1967-04-12,MA,Male,US-MA-02,Hispanic,Divorced,Fully Meets,4
3067,Annabel,Lewis,2022-07-01,,Production Technician I,Marquise Pacheco,2464,annabel.lewis@bilearner.com,TNS,Active,Contract,Zone C,Temporary,Production,Production Operations,1982-03-21,MA,Male,US-MA-03,Hispanic,Single,Fully Meets,3
3068,Alana,Nunez,2025-10-31,2026-05-25,Production Technician I,Fabian Mullins,2452,alana.nunez@bilearner.com,PYZ,Terminated for Cause,Full-Time,Zone C,Full-Time,Production,Production Operations,1987-02-28,MA,Male,US-MA-01,Asian,Single,Fully Meets,4
3069,Jaylen,Donaldson,2012-07-08,2013-10-08,Production Technician II,Sawyer Little,2385,jaylen.donaldson@bilearner.com,WBL,Voluntarily Terminated,Full-Time,Zone C,Full-Time,Production,Production Operations,1966-10-11,MA,Female,US-MA-02,White,Married,Fully Meets,3
3070,Malakai,Shelton,2010-04-27,2015-08-10,Production Technician II,Brycen York,2421,malakai.shelton@bilearner.com,BPC,Voluntarily Terminated,Full-Time,Zone C,Full-Time,Production,Production Operations,1972-05-05,MA,Female,US-MA-03,White,Divorced,Fully Meets,3
3071,Erick,Wood,2019-09-24,2023-01-18,Production Technician II,Eli Owens,2342,erick.wood@bilearner.com,CCDR,Retired,Contract,Zone C,Temporary,Production,Production Operations,1956-01-26,MA,Female,US-MA-01,Black,Married,Fully Meets,3
3072,Daniel,Frye,2025-07-04,2026-04-07,Production Technician II,Antwan Gay,2316,daniel.frye@bilearner.com,EW,Voluntarily Terminated,Part-Time,Zone C,Part-Time,Production,Production Operations,1986-02-15,MA,Female,US-MA-02,Asian,Divorced,Fully Meets,3
3073,Jayvon,Simpson,2014-06-23,2014-09-10,Production Technician II,Kyle Ali,2490,jayvon.simpson@bilearner.com,MSC,Voluntarily Terminated,Full-Time,Zone C,Full-Time,Production,Production Operations,1987-04-26,MA,Female,US-MA-03,Black,Single,Fully Meets,3
3074,Bryant,Singleton,2013-09-29,2014-07-27,Production Technician II,Uriel Brennan,2386,bryant.singleton@bilearner.com,NEL,Voluntarily Terminated,Contract,Zone C,Temporary,Production,Production Operations,1963-10-04,MA,Female,US-MA-01,Hispanic,Single,Fully Meets,3
3075,Adam,Meza,2024-07-12,,Production Technician II,Milagros Jimenez,2364,adam.meza@bilearner.com,PL,Active,Contract,Zone C,Temporary,Production,Production Operations,1969-01-09,MA,Female,US-MA-02,Other,Single,Fully Meets,3
3076,Omari,Keller,2019-06-08,,Production Technician II,Amy Dunn,2277,omari.keller@bilearner.com,PYZ,Active,Full-Time,Zone C,Full-Time,Production,Production Operations,1998-05-26,MA,Male,US-MA-03,White,Married,Fully Meets,3
3077,Asher,Miles,2020-12-13,2022-10-28,Production Technician I,Walter Dominguez,2336,asher.miles@bilearner.com,CCDR,Retired,Full-Time,Zone C,Full-Time,Production,Production Operations,1958-08-16,MA,Male,US-MA-01,Hispanic,Married,Fully Meets,3
3078,Makaila,Baxter,2003-09-30,2008-04-01,Production Technician I,Ariel Cervantes,2322,makaila.baxter@bilearner.com,SVG,Voluntarily Terminated,Full-Time,Zone C,Full-Time,Production,Production Operations,1960-04-14,MA,Male,US-MA-02,Black,Widowed,Fully Meets,3
3079,Tommy,Carter,2023-11-02,,Production Technician I,Kissy Sullivan,2278,tommy.carter@bilearner.com,EW,Leave of Absence,Contract,Zone C,Temporary,Production,Production Operations,1973-07-09,MA,Female,US-MA-03,Black,Single,Fully Meets,3
3080,Zavier,Reese,2023-10-20,,Production Technician I,Jonathan Hogland,2292,zavier.reese@bilearner.com,MSC,Leave of Absence,Full-Time,Zone C,Full-Time,Production,Production Operations,1999-06-19,MA,Female,US-MA-01,Hispanic,Widowed,Fully Meets,3
3081,Colt,Kemp,2011-04-12,,Production Technician I,Ibrahim Wolfe,1142,colt.kemp@bilearner.com,TNS,Active,Full-Time,Zone A,Full-Time,Production,Production Operations,1980-03-17,MA,Male,US-MA-02,White,Widowed,Fully Meets,3
3082,Marco,Robles,2002-01-10,,Production Technician I,Marlon Stanton,2304,marco.robles@bilearner.com,PYZ,Active,Full-Time,Zone A,Full-Time,Production,Production Operations,1978-04-14,MA,Female,US-MA-03,Other,Single,Fully Meets,3
3083,Nick,Palmer,2001-04-15,,Production Technician I,Marlon Stanton,2304,nick.palmer@bilearner.com,WBL,Active,Full-Time,Zone A,Full-Time,Production,Production Operations,1967-05-24,MA,Male,US-MA-01,Asian,Widowed,Fully Meets,3
3084,Mekhi,Hopkins,2019-02-01,2021-08-28,Production Technician I,Colby Wolfe,1144,mekhi.hopkins@bilearner.com,NEL,Terminated for Cause,Part-Time,Zone C,Part-Time,Production,Production Operations,1996-06-29,MA,Male,US-MA-02,Black,Widowed,Fully Meets,3
3085,Eileen,Oneal,2012-07-13,,Production Technician I,Walter Immediato,2279,eileen.oneal@bilearner.com,PL,Active,Full-Time,Zone B,Full-Time,Production,Production Operations,1963-03-04,MA,Female,US-MA-03,Asian,Single,Fully Meets,4
3086,Alani,Cooley,2015-08-26,2021-04-23,Production Technician I,Ariana Strickland,2294,alani.cooley@bilearner.com,BPC,Voluntarily Terminated,Full-Time,Zone C,Full-Time,Production,Production Operations,1987-03-29,MA,Female,US-MA-01,Asian,Divorced,Fully Meets,3
3087,Corinne,Campos,2018-11-07,,Production Technician I,Faith Golden,2318,corinne.campos@bilearner.com,CCDR,Active,Full-Time,Zone C,Full-Time,Production,Production Operations,1979-03-22,MA,Female,US-MA-02,Black,Married,Fully Meets,3
3088,Heaven,Nelson,2022-03-08,,Production Technician I,Danny Thomas,2383,heaven.nelson@bilearner.com,SVG,Active,Full-Time,Zone C,Full-Time,Production,Production Operations,1979-11-12,MA,Female,US-MA-03,Other,Married,Fully Meets,4
3089,Baylee,Castaneda,2014-08-21,2015-06-23,Production Technician I,Jesus Hendricks,2341,baylee.castaneda@bilearner.com,EW,Voluntarily Terminated,Full-Time,Zone C,Full-Time,Production,Production Operations,1963-05-16,MA,Female,US-MA-01,Black,Single,Fully Meets,3
3090,Morgan,Roth,2025-08-04,,Production Technician I,Ibrahim Wolfe,1142,morgan.roth@bilearner.com,MSC,Active,Contract,Zone C,Temporary,Production,Production Operations,1968-02-15,MA,Male,US-MA-02,Black,Married,Fully Meets,3
3091,Kali,Hensley,2022-01-19,2023-07-29,Production Technician I,Kissy Sullivan,2278,kali.hensley@bilearner.com,TNS,Retired,Part-Time,Zone C,Part-Time,Production,Production Operations,1958-03-06,MA,Male,US-MA-03,White,Single,Fully Meets,3
3092,Beckett,Sandoval,2016-09-21,2019-01-24,Production Technician II,Courtney E Wallace,2276,beckett.sandoval@bilearner.com,TNS,Terminated for Cause,Full-Time,Zone C,Full-Time,Production,Production Operations,1979-12-10,MA,Female,US-MA-01,Other,Married,Fully Meets,3
3093,Isabell,Meadows,2014-08-17,2016-11-20,Production Technician II,Payton Nolan,2377,isabell.meadows@bilearner.com,PYZ,Voluntarily Terminated,Full-Time,Zone C,Full-Time,Production,Production Operations,1976-09-21,MA,Female,US-MA-02,Asian,Divorced,Fully Meets,3
3094,Jordin,Alexander,2020-10-07,2024-05-27,Production Technician II,Emelia Mcintyre,2343,jordin.alexander@bilearner.com,WBL,Voluntarily Terminated,Full-Time,Zone C,Full-Time,Production,Production Operations,1963-10-18,MA,Female,US-MA-03,Other,Widowed,Fully Meets,4
3095,Frederick,Carney,2018-04-26,,Production Technician II,Julianne Shaw,2414,frederick.carney@bilearner.com,NEL,Active,Contract,Zone C,Temporary,Production,Production Operations,1979-02-19,MA,Female,US-MA-01,Other,Divorced,Fully Meets,3
3096,Baron,Lindsey,2010-09-10,2015-01-23,Production Technician II,Colby Wolfe,1144,baron.lindsey@bilearner.com,PL,Voluntarily Terminated,Part-Time,Zone C,Part-Time,Production,Production Operations,1974-09-07,MA,Female,US-MA-02,Hispanic,Single,Fully Meets,3
3097,Rigoberto,Gentry,2018-08-17,2021-04-05,Production Technician II,Leland Chang,2416,rigoberto.gentry@bilearner.com,BPC,Voluntarily Terminated,Contract,Zone C,Temporary,Production,Production Operations,1961-06-11,MA,Female,US-MA-03,White,Married,Fully Meets,4
3098,Rayne,Chambers,2008-12-10,,Production Technician II,Julianne Shaw,2414,rayne.chambers@bilearner.com,CCDR,Active,Contract,Zone A,Temporary,Production,Production Operations,1976-09-11,MA,Male,US-MA-01,Black,Widowed,Fully Meets,3
3099,Laila,Simmons,2002-11-17,,Production Technician I,Ariel Cervantes,2322,laila.simmons@bilearner.com,CCDR,Active,Contract,Zone A,Temporary,Production,Production Operations,1965-09-02,MA,Male,US-MA-02,Black,Divorced,Exceeds,5
3100,Carsen,Schmidt,2009-02-25,2009-11-27,Production Technician I,Brycen York,2421,carsen.schmidt@bilearner.com,SVG,Voluntarily Terminated,Contract,Zone C,Temporary,Production,Production Operations,1950-06-08,MA,Female,US-MA-03,White,Single,Fully Meets,3
3101,Bethany,Mckay,2012-05-06,,Production Technician I,Cordell Vazquez,2439,bethany.mckay@bilearner.com,EW,Active,Full-Time,Zone B,Full-Time,Production,Production Operations,1961-03-09,MA,Female,US-MA-01,Asian,Single,Fully Meets,3
3102,Eden,Robles,2007-08-21,,Production Technician I,Julianne Shaw,2414,eden.robles@bilearner.com,MSC,Leave of Absence,Full-Time,Zone A,Full-Time,Production,Production Operations,1984-07-04,MA,Male,US-MA-02,Black,Widowed,Exceeds,5
3103,Abel,Snow,2018-07-14,,Production Technician I,Colby Wolfe,1144,abel.snow@bilearner.com,TNS,Leave of Absence,Full-Time,Zone C,Full-Time,Production,Production Operations,1960-01-16,MA,Male,US-MA-03,Asian,Single,Fully Meets,3
3104,Ashton,Winters,2015-02-04,,Production Technician I,Cordell Vazquez,2439,ashton.winters@bilearner.com,PYZ,Active,Full-Time,Zone B,Full-Time,Production,Production Operations,1976-12-24,MA,Female,US-MA-01,Black,Married,Fully Meets,3
3105,Josie,Melton,2008-12-30,2010-08-01,Production Technician I,Ariel Cervantes,2322,josie.melton@bilearner.com,WBL,Retired,Full-Time,Zone C,Full-Time,Production,Production Operations,1943-05-12,MA,Male,US-MA-02,Black,Married,Fully Meets,3
3106,Bruno,Jimenez,2023-07-16,,Production Technician I,Brycen York,2421,bruno.jimenez@bilearner.com,NEL,Active,Full-Time,Zone C,Full-Time,Production,Production Operations,2000-03-30,MA,Male,US-MA-03,Hispanic,Divorced,Fully Meets,3
3107,Elijah,Barr,2013-10-27,2020-03-23,Production Technician I,Walter Immediato,2279,elijah.barr@bilearner.com,PL,Terminated for Cause,Full-Time,Zone C,Full-Time,Production,Production Operations,1971-12-26,MA,Female,US-MA-01,Black,Widowed,Fully Meets,3
3108,Oswaldo,Hanson,2009-01-02,2011-04-18,Production Technician I,Teagan Fletcher,2440,oswaldo.hanson@bilearner.com,BPC,Retired,Full-Time,Zone C,Full-Time,Production,Production Operations,1945-07-05,MA,Female,US-MA-02,Hispanic,Married,Fully Meets,3
3109,Samara,Roberson,2008-08-08,,Production Technician I,Terrell Guerra,2395,samara.roberson@bilearner.com,CCDR,Active,Part-Time,Zone A,Part-Time,Production,Production Operations,1971-05-08,MA,Female,US-MA-03,White,Married,PIP,1
3110,Luis,Frazier,2015-01-09,,Production Technician I,Jesus Hendricks,2341,luis.frazier@bilearner.com,SVG,Active,Full-Time,Zone B,Full-Time,Production,Production Operations,1995-09-22,MA,Female,US-MA-01,Hispanic,Single,Fully Meets,3
3111,Jaquan,Hancock,2014-02-21,,Production Technician I,Milagros Foley,1185,jaquan.hancock@bilearner.com,EW,Active,Full-Time,Zone B,Full-Time,Production,Production Operations,1958-05-07,MA,Female,US-MA-02,Other,Divorced,Fully Meets,4
3112,Emanuel,George,2019-07-06,2023-07-23,Production Technician I,Nathaly Stuart,2411,emanuel.george@bilearner.com,MSC,Terminated for Cause,Full-Time,Zone C,Full-Time,Production,Production Operations,1976-05-15,MA,Male,US-MA-03,Asian,Single,Fully Meets,3
3113,Giselle,Calderon,2025-06-04,2026-02-08,Production Technician II,Nathaly Stuart,2411,giselle.calderon@bilearner.com,TNS,Voluntarily Terminated,Part-Time,Zone C,Part-Time,Production,Production Operations,1981-07-02,MA,Female,US-MA-01,White,Divorced,Fully Meets,3
3114,Cullen,French,2016-06-13,,Production Technician II,Michael Albert,2275,cullen.french@bilearner.com,PYZ,Active,Full-Time,Zone B,Full-Time,Production,Production Operations,1957-07-06,MA,Female,US-MA-02,Asian,Divorced,Fully Meets,3
3115,Braiden,Kirby,2015-01-30,2019-08-31,Production Technician II,Rigoberto Townsend,1187,braiden.kirby@bilearner.com,WBL,Terminated for Cause,Full-Time,Zone C,Full-Time,Production,Production Operations,1964-01-01,MA,Female,US-MA-03,Hispanic,Divorced,Fully Meets,3
3116,Johnathan,Harmon,2018-02-28,,Production Technician II,Emelia Mcintyre,2343,johnathan.harmon@bilearner.com,NEL,Active,Contract,Zone C,Temporary,Production,Production Operations,1981-10-24,MA,Female,US-MA-01,Hispanic,Married,Fully Meets,3
3117,Camren,Bridges,2008-12-14,,Production Technician II,Courtney E Wallace,2276,camren.bridges@bilearner.com,PL,Active,Contract,Zone A,Temporary,Production,Production Operations,1981-05-29,MA,Female,US-MA-02,White,Married,Fully Meets,4
3118,Jeramiah,Chandler,2007-04-22,2008-05-01,Production Technician II,Ariana Strickland,2294,jeramiah.chandler@bilearner.com,BPC,Voluntarily Terminated,Full-Time,Zone C,Full-Time,Production,Production Operations,1956-12-14,MA,Female,US-MA-03,Black,Divorced,Fully Meets,4
3119,Dana,Stevenson,2026-01-04,,Production Technician I,Emelia Mcintyre,2343,dana.stevenson@bilearner.com,NEL,Active,Contract,Zone C,Temporary,Production,Production Operations,1993-06-05,MA,Male,US-MA-01,Other,Single,Fully Meets,4
3120,Angelique,Hogan,2016-07-03,2017-12-05,Production Technician I,Justice Pineda,1164,angelique.hogan@bilearner.com,PL,Voluntarily Terminated,Full-Time,Zone C,Full-Time,Production,Production Operations,1972-05-24,MA,Female,US-MA-02,Asian,Widowed,Fully Meets,4
3121,Moriah,Dodson,2017-07-18,2018-07-31,Production Technician I,Trey Johnston,2506,moriah.dodson@bilearner.com,PYZ,Retired,Full-Time,Zone C,Full-Time,Production,Production Operations,1949-10-17,MA,Female,US-MA-03,Black,Single,Fully Meets,3
3122,Connor,Bray,2008-05-15,,Production Technician I,Amy Dunn,2277,connor.bray@bilearner.com,SVG,Leave of Absence,Full-Time,Zone A,Full-Time,Production,Production Operations,1985-06-16,MA,Female,US-MA-01,White,Single,Fully Meets,3
3123,Zaiden,Leblanc,2014-10-07,,Production Technician I,Walter Immediato,2279,zaiden.leblanc@bilearner.com,TNS,Active,Full-Time,Zone B,Full-Time,Production,Production Operations,1980-12-28,MA,Male,US-MA-02,Hispanic,Married,Fully Meets,3
3124,Taliyah,Yang,2019-06-27,,Production Technician I,Humberto Rocha,2438,taliyah.yang@bilearner.com,WBL,Leave of Absence,Part-Time,Zone C,Part-Time,Production,Production Operations,1991-08-28,MA,Female,US-MA-03,White,Single,Fully Meets,3
3125,Boston,Cochran,2019-01-27,,Production Technician I,Uriel Brennan,2386,boston.cochran@bilearner.com,PYZ,Leave of Absence,Full-Time,Zone C,Full-Time,Production,Production Operations,1992-09-08,MA,Male,US-MA-01,Black,Divorced,Fully Meets,3
3126,Amelia,Mueller,2016-02-11,,Production Technician I,Brycen York,2421,amelia.mueller@bilearner.com,WBL,Active,Part-Time,Zone B,Part-Time,Production,Production Operations,1978-07-02,MA,Male,US-MA-02,Black,Divorced,Fully Meets,4
3127,Lillianna,Hull,2020-12-28,2025-02-13,Production Technician I,Walter Dominguez,2336,lillianna.hull@bilearner.com,NEL,Voluntarily Terminated,Full-Time,Zone C,Full-Time,Production,Production Operations,1991-10-26,MA,Male,US-MA-03,White,Married,Fully Meets,3
3128,Laci,Frederick,2008-10-09,,Production Technician I,Julianne Shaw,2414,laci.frederick@bilearner.com,PL,Active,Full-Time,Zone A,Full-Time,Production,Production Operations,1974-04-15,MA,Female,US-MA-01,Black,Widowed,Fully Meets,3
3129,Jayda,Chapman,2022-10-14,,Production Technician I,Isabela Collins,1121,jayda.chapman@bilearner.com,BPC,Active,Full-Time,Zone C,Full-Time,Production,Production Operations,1985-07-11,MA,Female,US-MA-02,Black,Widowed,Fully Meets,3
3130,Kennedy,Beard,2024-02-17,2024-10-22,Production Technician I,Isiah Decker,1165,kennedy.beard@bilearner.com,CCDR,Voluntarily Terminated,Full-Time,Zone C,Full-Time,Production,Production Operations,1981-05-09,MA,Female,US-MA-03,Black,Widowed,Fully Meets,3
3131,Alma,Hanna,2021-10-20,2026-01-30,Production Technician I,Isabela Collins,1121,alma.hanna@bilearner.com,SVG,Voluntarily Terminated,Full-Time,Zone C,Full-Time,Production,Production Operations,1965-08-09,MA,Female,US-MA-01,Hispanic,Single,Fully Meets,4
3132,Ximena,Suarez,2012-03-29,2013-01-11,Production Technician I,Courtney E Wallace,2276,ximena.suarez@bilearner.com,EW,Voluntarily Terminated,Full-Time,Zone C,Full-Time,Production,Production Operations,1979-09-20,MA,Female,US-MA-02,Asian,Divorced,Fully Meets,3
3133,Aydin,Dixon,2026-02-15,2026-04-27,Production Technician I,Milagros Foley,1185,aydin.dixon@bilearner.com,MSC,Retired,Part-Time,Zone C,Part-Time,Production,Production Operations,1958-10-23,MA,Male,US-MA-03,White,Married,Fully Meets,3
3134,Heidi,Joyce,2013-08-26,2014-01-16,Production Technician II,Kaylyn Joyce,2419,heidi.joyce@bilearner.com,TNS,Retired,Full-Time,Zone C,Full-Time,Production,Production Operations,1947-04-15,MA,Female,US-MA-01,Hispanic,Married,Exceeds,4
3135,Elle,Spears,2016-05-14,2018-04-26,Production Technician II,Walter Dominguez,2336,elle.spears@bilearner.com,BPC,Voluntarily Terminated,Contract,Zone C,Temporary,Production,Production Operations,1993-04-25,MA,Female,US-MA-02,White,Single,Fully Meets,3
3136,Cesar,Anderson,2008-05-19,,Production Technician II,Teagan Fletcher,2440,cesar.anderson@bilearner.com,CCDR,Active,Contract,Zone A,Temporary,Production,Production Operations,1988-07-06,MA,Female,US-MA-03,Hispanic,Married,Fully Meets,3
3137,Dean,Mckenzie,2005-01-10,2005-10-01,Production Technician II,Uriel Brennan,2386,dean.mckenzie@bilearner.com,EW,Voluntarily Terminated,Contract,Zone C,Temporary,Production,Production Operations,1967-11-11,MA,Female,US-MA-01,Other,Single,Fully Meets,3
3138,Isabell,Wu,2007-06-24,2008-09-05,Production Technician II,Uriel Brennan,2386,isabell.wu@bilearner.com,MSC,Voluntarily Terminated,Full-Time,Zone C,Full-Time,Production,Production Operations,1987-04-07,MA,Female,US-MA-02,Black,Single,Fully Meets,3
3139,Kenny,Blanchard,2016-03-18,,Production Technician II,Cordell Vazquez,2439,kenny.blanchard@bilearner.com,NEL,Active,Full-Time,Zone B,Full-Time,Production,Production Operations,1971-08-11,MA,Female,US-MA-03,Asian,Single,Fully Meets,3
3140,Evie,Beard,2010-07-18,,Production Technician I,Ariel Cervantes,2322,evie.beard@bilearner.com,PL,Active,Full-Time,Zone A,Full-Time,Production,Production Operations,1990-04-02,MA,Male,US-MA-01,Hispanic,Widowed,Fully Meets,4
3141,Aliya,Morton,2021-05-18,,Production Technician I,Uriel Brennan,2386,aliya.morton@bilearner.com,BPC,Active,Contract,Zone C,Temporary,Production,Production Operations,1970-07-10,MA,Male,US-MA-02,Black,Married,Exceeds,4
3142,Ingrid,Wilkins,2014-08-13,,Production Technician I,Brycen York,2421,ingrid.wilkins@bilearner.com,CCDR,Active,Contract,Zone B,Temporary,Production,Production Operations,1986-01-17,MA,Female,US-MA-03,White,Single,Fully Meets,3
3143,Morgan,Elliott,2010-08-01,,Production Technician I,Teagan Fletcher,2440,morgan.elliott@bilearner.com,SVG,Active,Full-Time,Zone A,Full-Time,Production,Production Operations,1959-04-02,MA,Female,US-MA-01,Black,Widowed,Fully Meets,3
3144,Shannon,Lambert,2021-11-13,,Production Technician I,Callum Mccormick,2454,shannon.lambert@bilearner.com,EW,Active,Contract,Zone C,Temporary,Production,Production Operations,1979-05-01,MA,Male,US-MA-02,Hispanic,Married,Exceeds,4
3145,Prince,Petty,2016-08-23,,Production Technician I,Ava Chan,2463,prince.petty@bilearner.com,MSC,Leave of Absence,Full-Time,Zone C,Full-Time,Production,Production Operations,1995-10-30,MA,Male,US-MA-03,Asian,Divorced,Fully Meets,4
3146,Abril,Joseph,2016-05-03,,Production Technician I,Nathaly Stuart,2411,abril.joseph@bilearner.com,TNS,Active,Part-Time,Zone B,Part-Time,Production,Production Operations,1978-10-18,MA,Female,US-MA-01,White,Widowed,Fully Meets,3
3147,Bobby,Levy,2014-10-13,2022-12-10,Production Technician I,Marquise Pacheco,2464,bobby.levy@bilearner.com,PYZ,Voluntarily Terminated,Full-Time,Zone C,Full-Time,Production,Production Operations,1981-08-27,MA,Male,US-MA-02,Hispanic,Divorced,Fully Meets,3
3148,Gustavo,Durham,2006-04-08,2012-12-04,Production Technician I,Amy Dunn,2277,gustavo.durham@bilearner.com,WBL,Terminated for Cause,Full-Time,Zone C,Full-Time,Production,Production Operations,1950-03-01,MA,Male,US-MA-03,White,Single,Exceeds,5
3149,Teagan,Stevens,2025-10-28,2026-03-31,Production Technician I,Taryn Black,2346,teagan.stevens@bilearner.com,NEL,Terminated for Cause,Contract,Zone C,Temporary,Production,Production Operations,1983-09-27,MA,Female,US-MA-01,Black,Single,Exceeds,4
3150,Neil,Patton,2011-05-19,,Production Technician I,Terrell Guerra,2395,neil.patton@bilearner.com,PL,Active,Full-Time,Zone A,Full-Time,Production,Production Operations,1975-07-05,MA,Female,US-MA-02,Asian,Widowed,Fully Meets,3
3151,Khalil,Guzman,2002-03-01,,Production Technician I,Axel Howe,3456,khalil.guzman@bilearner.com,BPC,Active,Contract,Zone A,Temporary,Production,Production Operations,1965-11-15,MA,Female,US-MA-03,White,Widowed,Exceeds,4
3152,Alaina,Mayo,2026-04-24,2026-06-25,Production Technician I,Elijiah Gray,2281,alaina.mayo@bilearner.com,CCDR,Voluntarily Terminated,Full-Time,Zone C,Full-Time,Production,Production Operations,1977-03-04,MA,Female,US-MA-01,Black,Widowed,Exceeds,4
3153,Jagger,Morgan,2016-03-06,2018-03-21,Production Technician I,Hallie Macias,2337,jagger.morgan@bilearner.com,SVG,Voluntarily Terminated,Full-Time,Zone C,Full-Time,Production,Production Operations,1994-12-13,MA,Female,US-MA-02,Other,Single,Fully Meets,3
3154,Donavan,Kennedy,2011-12-16,,Production Technician I,Julianne Shaw,2414,donavan.kennedy@bilearner.com,EW,Active,Full-Time,Zone B,Full-Time,Production,Production Operations,1993-04-19,MA,Female,US-MA-03,Black,Single,Fully Meets,4
3155,Amy,Frederick,2024-04-17,2025-11-28,Production Technician I,Colby Wolfe,1144,amy.frederick@bilearner.com,MSC,Terminated for Cause,Full-Time,Zone C,Full-Time,Production,Production Operations,1975-11-05,MA,Male,US-MA-01,Black,Married,Fully Meets,3
3156,Pierce,Charles,2018-05-08,2021-04-14,Production Technician II,Brianna Hurley,2471,pierce.charles@bilearner.com,MSC,Voluntarily Terminated,Contract,Zone C,Temporary,Production,Production Operations,1962-07-16,MA,Female,US-MA-02,Black,Married,Fully Meets,3
3157,Deegan,Pham,2025-01-15,2026-05-24,Production Technician II,Walter Immediato,2279,deegan.pham@bilearner.com,TNS,Terminated for Cause,Part-Time,Zone C,Part-Time,Production,Production Operations,1984-03-16,MA,Female,US-MA-03,White,Divorced,Exceeds,4
3158,Seth,Oneill,2013-09-25,2015-02-01,Production Technician II,Julianne Shaw,2414,seth.oneill@bilearner.com,PYZ,Voluntarily Terminated,Full-Time,Zone C,Full-Time,Production,Production Operations,1976-01-21,MA,Female,US-MA-01,Hispanic,Divorced,Exceeds,5
3159,Mollie,Woodward,2006-10-30,2008-06-23,Production Technician II,Ariel Cervantes,2322,mollie.woodward@bilearner.com,WBL,Voluntarily Terminated,Full-Time,Zone C,Full-Time,Production,Production Operations,1978-05-29,MA,Female,US-MA-02,Asian,Married,Fully Meets,4
3160,Baylee,Warner,2019-06-12,,Production Technician II,Payton Nolan,2377,baylee.warner@bilearner.com,NEL,Active,Contract,Zone C,Temporary,Production,Production Operations,1976-01-10,MA,Female,US-MA-03,Other,Single,Exceeds,4
3161,Celeste,Allison,2024-06-12,2025-12-24,Production Technician II,Dane Kelly,1209,celeste.allison@bilearner.com,PL,Voluntarily Terminated,Contract,Zone C,Temporary,Production,Production Operations,1983-04-17,MA,Female,US-MA-01,Black,Divorced,Fully Meets,3
3162,Camryn,Clark,2017-06-12,2018-06-23,Production Technician II,Charles Bozzi,2282,camryn.clark@bilearner.com,BPC,Terminated for Cause,Full-Time,Zone C,Full-Time,Production,Production Operations,1997-08-27,MA,Male,US-MA-02,White,Single,Fully Meets,3
3163,Geovanni,Crawford,2019-01-26,,Production Technician I,Elisa Bramante,2291,geovanni.crawford@bilearner.com,PL,Active,Full-Time,Zone C,Full-Time,Production,Production Operations,1979-03-13,MA,Male,US-MA-03,Black,Married,Fully Meets,3
3164,Danielle,Blanchard,2010-04-16,2012-08-28,Production Technician I,Terrell Guerra,2395,danielle.blanchard@bilearner.com,BPC,Voluntarily Terminated,Full-Time,Zone C,Full-Time,Production,Production Operations,1974-05-15,MA,Female,US-MA-01,Other,Married,Fully Meets,3
3165,Kasey,Pineda,2005-01-04,2007-09-16,Production Technician I,Teagan Fletcher,2440,kasey.pineda@bilearner.com,CCDR,Retired,Contract,Zone C,Temporary,Production,Production Operations,1941-12-07,MA,Female,US-MA-02,Black,Single,Fully Meets,3
3166,Kenzie,Friedman,2022-05-15,2025-05-04,Production Technician I,Jakob Luna,2455,kenzie.friedman@bilearner.com,SVG,Terminated for Cause,Full-Time,Zone C,Full-Time,Production,Production Operations,1993-11-02,MA,Female,US-MA-03,White,Single,Exceeds,5
3167,Destinee,Mejia,2019-07-12,,Production Technician I,Justice Pineda,1164,destinee.mejia@bilearner.com,EW,Active,Full-Time,Zone C,Full-Time,Production,Production Operations,1971-10-19,MA,Male,US-MA-01,Other,Divorced,Exceeds,5
3168,Deshawn,Henry,2017-05-27,,Production Technician I,Ariel Cervantes,2322,deshawn.henry@bilearner.com,MSC,Leave of Absence,Full-Time,Zone C,Full-Time,Production,Production Operations,1990-05-24,MA,Male,US-MA-02,Hispanic,Married,Fully Meets,3
3169,Cristian,Ritter,2009-07-29,2011-02-08,Production Technician I,Trey Johnston,2506,cristian.ritter@bilearner.com,TNS,Voluntarily Terminated,Full-Time,Zone C,Full-Time,Production,Production Operations,1951-04-03,MA,Female,US-MA-03,Other,Single,Exceeds,4
3170,Demarcus,Huffman,2008-03-01,2010-04-11,Production Technician I,Ariana Strickland,2294,demarcus.huffman@bilearner.com,PYZ,Voluntarily Terminated,Full-Time,Zone C,Full-Time,Production,Production Operations,1955-11-11,MA,Male,US-MA-01,Asian,Married,Fully Meets,3
3171,Regina,Lopez,2016-04-16,2024-04-08,Production Technician I,Ava Chan,2463,regina.lopez@bilearner.com,WBL,Terminated for Cause,Part-Time,Zone C,Part-Time,Production,Production Operations,1995-02-25,MA,Female,US-MA-02,White,Widowed,Fully Meets,3
3172,Justice,Clark,2024-09-10,,Production Technician I,Isiah Decker,1165,justice.clark@bilearner.com,NEL,Active,Part-Time,Zone C,Part-Time,Production,Production Operations,1983-07-09,MA,Female,US-MA-03,Asian,Divorced,Fully Meets,3
3173,Tucker,Sweeney,2022-04-13,2023-12-27,Production Technician I,Fabian Mullins,2452,tucker.sweeney@bilearner.com,PL,Retired,Part-Time,Zone C,Part-Time,Production,Production Operations,1957-03-14,MA,Female,US-MA-01,Asian,Married,Fully Meets,3
3174,Roy,Pratt,2019-12-01,2020-08-05,Production Technician I,Mila Poole,2453,roy.pratt@bilearner.com,BPC,Voluntarily Terminated,Full-Time,Zone C,Full-Time,Production,Production Operations,1961-06-13,MA,Female,US-MA-02,Hispanic,Single,Fully Meets,3
3175,Raphael,Whitney,2024-03-11,2025-12-18,Production Technician I,Elijiah Gray,2281,raphael.whitney@bilearner.com,CCDR,Voluntarily Terminated,Contract,Zone C,Temporary,Production,Production Operations,1982-12-21,MA,Female,US-MA-03,Asian,Single,Fully Meets,3
3176,Cade,Palmer,2013-12-20,2016-10-20,Production Technician I,Julianne Shaw,2414,cade.palmer@bilearner.com,SVG,Terminated for Cause,Contract,Zone C,Temporary,Production,Production Operations,1954-07-14,MA,Female,US-MA-01,Other,Widowed,Exceeds,5
3177,Abel,Potts,2009-06-23,2015-09-29,Production Technician I,Leticia Parks,2378,abel.potts@bilearner.com,EW,Terminated for Cause,Part-Time,Zone C,Part-Time,Production,Production Operations,1966-08-02,MA,Female,US-MA-02,Asian,Single,Fully Meets,4
3178,Wayne,Leon,2007-03-27,2008-10-08,Production Technician II,Michael Albert,2275,wayne.leon@bilearner.com,MSC,Voluntarily Terminated,Full-Time,Zone C,Full-Time,Production,Production Operations,1984-12-28,MA,Female,US-MA-03,White,Married,PIP,1
3179,Amya,Armstrong,2019-08-29,2023-01-08,Production Technician II,Emelia Mcintyre,2343,amya.armstrong@bilearner.com,TNS,Voluntarily Terminated,Full-Time,Zone C,Full-Time,Production,Production Operations,1969-03-03,MA,Male,US-MA-01,Black,Divorced,Fully Meets,3
3180,Johnny,Whitehead,2010-05-02,2013-05-22,Production Technician II,Ariel Cervantes,2322,johnny.whitehead@bilearner.com,PYZ,Voluntarily Terminated,Contract,Zone C,Temporary,Production,Production Operations,1965-11-25,MA,Female,US-MA-02,Hispanic,Divorced,Fully Meets,4
3181,Antwan,Clayton,2016-05-26,2017-05-16,Production Technician II,Marquise Pacheco,2464,antwan.clayton@bilearner.com,WBL,Voluntarily Terminated,Full-Time,Zone C,Full-Time,Production,Production Operations,1959-07-17,MA,Female,US-MA-03,Other,Single,Fully Meets,3
3182,Dexter,Preston,2025-03-04,,Production Technician II,Abbigail Cameron,1232,dexter.preston@bilearner.com,NEL,Active,Contract,Zone C,Temporary,Production,Production Operations,1971-11-21,MA,Female,US-MA-01,White,Married,PIP,1
3183,Uriah,Guerrero,2002-09-20,2004-03-07,Production Technician II,Carla Willis,2251,uriah.guerrero@bilearner.com,PL,Voluntarily Terminated,Part-Time,Zone C,Part-Time,Production,Production Operations,1953-02-15,MA,Male,US-MA-02,Other,Single,PIP,1
3184,Dakota,Oliver,2017-08-13,,Production Technician I,Colby Wolfe,1144,dakota.oliver@bilearner.com,MSC,Active,Full-Time,Zone C,Full-Time,Production,Production Operations,1972-05-21,MA,Female,US-MA-03,Hispanic,Single,PIP,1
3185,Selena,Yoder,2020-06-28,2023-09-24,Production Technician I,Uriel Brennan,2386,selena.yoder@bilearner.com,NEL,Voluntarily Terminated,Full-Time,Zone C,Full-Time,Production,Production Operations,1999-11-10,MA,Female,US-MA-01,Other,Divorced,PIP,1
3186,Kaila,Flowers,2006-05-31,2008-07-25,Production Technician I,Trey Johnston,2506,kaila.flowers@bilearner.com,PL,Voluntarily Terminated,Full-Time,Zone C,Full-Time,Production,Production Operations,1967-05-03,MA,Female,US-MA-02,Black,Divorced,Fully Meets,4
3187,Dashawn,Ramirez,2020-01-21,2022-06-10,Production Technician I,Kissy Sullivan,2278,dashawn.ramirez@bilearner.com,PYZ,Terminated for Cause,Full-Time,Zone C,Full-Time,Production,Production Operations,1962-04-08,MA,Female,US-MA-03,Black,Single,PIP,1
3188,Meghan,Ray,2021-04-20,,Production Technician I,Nathaly Stuart,2411,meghan.ray@bilearner.com,SVG,Active,Part-Time,Zone C,Part-Time,Production,Production Operations,1978-11-04,MA,Male,US-MA-01,Hispanic,Divorced,Fully Meets,3
3189,Jasiah,Palmer,2025-08-10,,Production Technician I,Mila Poole,2453,jasiah.palmer@bilearner.com,TNS,Active,Contract,Zone C,Temporary,Production,Production Operations,1964-07-21,MA,Female,US-MA-02,Asian,Married,PIP,1
3190,Jaiden,Hawkins,2011-09-13,,Production Technician I,Ibrahim Wolfe,1142,jaiden.hawkins@bilearner.com,WBL,Active,Contract,Zone B,Temporary,Production,Production Operations,1972-05-04,MA,Male,US-MA-03,White,Divorced,PIP,1
3191,Monserrat,Miranda,2005-01-07,2006-02-11,Production Technician I,Uriel Brennan,2386,monserrat.miranda@bilearner.com,BPC,Voluntarily Terminated,Full-Time,Zone C,Full-Time,Production,Production Operations,1945-01-28,MA,Male,US-MA-01,Black,Married,Fully Meets,4
3192,Johnathon,Lynch,2008-11-05,2012-02-21,Production Technician I,Courtney E Wallace,2276,johnathon.lynch@bilearner.com,CCDR,Terminated for Cause,Full-Time,Zone C,Full-Time,Production,Production Operations,1986-01-10,MA,Female,US-MA-02,Black,Single,Fully Meets,3
3193,Dayanara,Murray,2023-10-21,,Production Technician I,Braden Nicholson,2478,dayanara.murray@bilearner.com,EW,Active,Full-Time,Zone C,Full-Time,Production,Production Operations,2003-10-26,MA,Female,US-MA-03,Black,Divorced,PIP,1
3194,Alessandro,Sawyer,2023-11-02,,Production Technician I,Rosa Rosales,2451,alessandro.sawyer@bilearner.com,MSC,Active,Full-Time,Zone C,Full-Time,Production,Production Operations,1995-08-11,MA,Female,US-MA-01,Asian,Divorced,Fully Meets,3
3195,Kaylen,Hogan,2018-02-10,2020-02-02,Production Technician I,Walter Dominguez,2336,kaylen.hogan@bilearner.com,NEL,Voluntarily Terminated,Contract,Zone C,Temporary,Production,Production Operations,1981-01-31,MA,Female,US-MA-02,White,Divorced,Fully Meets,3
3196,Karley,Michael,2008-10-10,2010-08-02,Production Technician I,Trey Johnston,2506,karley.michael@bilearner.com,PL,Voluntarily Terminated,Full-Time,Zone C,Full-Time,Production,Production Operations,1974-11-12,MA,Female,US-MA-03,Other,Divorced,Fully Meets,3
3197,Erik,Parks,2012-04-18,,Production Technician I,Ariana Strickland,2294,erik.parks@bilearner.com,PYZ,Active,Full-Time,Zone B,Full-Time,Production,Production Operations,1977-03-31,MA,Female,US-MA-01,Hispanic,Divorced,PIP,1
3198,Violet,Bennett,2024-10-11,,Production Technician I,Colby Wolfe,1144,violet.bennett@bilearner.com,SVG,Active,Contract,Zone C,Temporary,Production,Production Operations,1979-09-24,MA,Female,US-MA-02,Asian,Married,Fully Meets,3
3199,Hannah,Jacobi,2010-06-28,,Production Technician I,Faith Golden,2318,hannah.jacobi@bilearner.com,BPC,Active,Full-Time,Zone A,Full-Time,Production,Production Operations,1978-01-17,MA,Female,US-MA-03,Hispanic,Married,Fully Meets,3
3200,Peter,Robertson,2009-11-12,,Production Technician II,Julianne Shaw,2414,peter.robertson@bilearner.com,PL,Active,Part-Time,Zone A,Part-Time,Production,Production Operations,1975-07-26,MA,Male,US-MA-01,Asian,Married,Fully Meets,3
3201,Josephine,Bugali,2011-06-27,,Production Technician I,Terrell Guerra,2395,josephine.bugali@bilearner.com,EW,Active,Full-Time,Zone A,Full-Time,Production,Production Operations,1984-07-16,MA,Female,US-MA-02,Asian,Widowed,Fully Meets,4
3202,Dallas,Leach,2014-01-05,2016-04-04,Production Technician I,Amy Dunn,2277,dallas.leach@bilearner.com,WBL,Voluntarily Terminated,Full-Time,Zone C,Full-Time,Production,Production Operations,1989-12-23,MA,Female,US-MA-03,Other,Single,Fully Meets,3
3203,Marianne,Eaton,2013-06-02,2016-03-10,Production Technician I,Cordell Vazquez,2439,marianne.eaton@bilearner.com,PYZ,Voluntarily Terminated,Full-Time,Zone C,Full-Time,Production,Production Operations,1961-09-10,MA,Female,US-MA-01,White,Single,Fully Meets,3
3204,Bruno,Rossetti,2011-02-06,,Production Technician I,Courtney E Wallace,2276,bruno.rossetti@bilearner.com,BPC,Active,Contract,Zone A,Temporary,Production,Production Operations,1959-11-12,MA,Male,US-MA-02,White,Single,Fully Meets,4
3205,Roxana,Goyal,2024-05-29,,Production Technician I,Cordell Vazquez,2439,roxana.goyal@bilearner.com,TNS,Leave of Absence,Contract,Zone C,Temporary,Production,Production Operations,1988-02-02,MA,Female,US-MA-03,Asian,Married,Fully Meets,3
3206,Thomas,Barbara,2012-10-28,,Production Technician I,Colby Wolfe,1144,thomas.barbara@bilearner.com,BPC,Active,Contract,Zone B,Temporary,Production,Production Operations,1961-03-16,MA,Male,US-MA-01,Hispanic,Divorced,Fully Meets,3
3207,Lynn,O'hare,2012-12-15,,Production Technician I,Milagros Foley,1185,lynn.o'hare@bilearner.com,PYZ,Active,Contract,Zone B,Temporary,Production,Production Operations,1981-08-28,MA,Female,US-MA-02,White,Widowed,Fully Meets,3
3208,Abdellah,Veera,2015-09-24,2016-12-22,Production Technician I,Brycen York,2421,abdellah.veera@bilearner.com,CCDR,Voluntarily Terminated,Full-Time,Zone C,Full-Time,Production,Production Operations,1973-09-04,MA,Male,US-MA-03,Hispanic,Divorced,Fully Meets,4
3209,Daniel,Davis,2004-08-18,,Production Technician II,Terrell Guerra,2395,daniel.davis@bilearner.com,PL,Active,Full-Time,Zone A,Full-Time,Production,Production Operations,1983-03-17,MA,Male,US-MA-01,Hispanic,Widowed,Fully Meets,4
3210,Barbara M,Stanford,2018-03-28,,Production Technician I,Charles Bozzi,2282,barbara m.stanford@bilearner.com,WBL,Active,Full-Time,Zone C,Full-Time,Production,Production Operations,1993-06-13,MA,Female,US-MA-02,Hispanic,Divorced,Fully Meets,3
3211,Phylicia,Gosciminski,2023-12-26,,Production Technician II,Elisa Bramante,2291,phylicia.gosciminski@bilearner.com,SVG,Active,Full-Time,Zone C,Full-Time,Production,Production Operations,1970-06-15,MA,Female,US-MA-03,Other,Married,Fully Meets,3
3212,Mohammed,Latif,2012-06-27,2015-10-11,Production Technician II,Rosa Rosales,2451,mohammed.latif@bilearner.com,PYZ,Voluntarily Terminated,Full-Time,Zone C,Full-Time,Production,Production Operations,1972-06-30,MA,Male,US-MA-01,Asian,Married,Fully Meets,3
3213,Hamish,Garneau,2020-02-24,2020-12-13,Production Technician I,Cordell Vazquez,2439,hamish.garneau@bilearner.com,WBL,Retired,Full-Time,Zone C,Full-Time,Production,Production Operations,1952-06-28,MA,Male,US-MA-02,Hispanic,Widowed,Fully Meets,3
3214,Morissa,Power,2023-07-05,,Production Technician I,Eli Owens,2342,morissa.power@bilearner.com,PYZ,Active,Part-Time,Zone C,Part-Time,Production,Production Operations,1972-12-22,MA,Female,US-MA-03,Asian,Widowed,Fully Meets,4
3215,Jason,Woodson,2017-11-25,,Production Technician II,Leland Chang,2416,jason.woodson@bilearner.com,SVG,Active,Full-Time,Zone C,Full-Time,Production,Production Operations,1973-06-03,MA,Male,US-MA-01,White,Divorced,Fully Meets,3
3216,Janine,Purinton,2021-03-24,,Production Technician I,Teagan Fletcher,2440,janine.purinton@bilearner.com,MSC,Active,Full-Time,Zone C,Full-Time,Production,Production Operations,1972-02-28,MA,Female,US-MA-02,Other,Divorced,Fully Meets,4
3217,Sarah,Akinkuolie,2018-08-19,2020-06-27,Production Technician II,Milagros Foley,1185,sarah.akinkuolie@bilearner.com,BPC,Voluntarily Terminated,Full-Time,Zone C,Full-Time,Production,Production Operations,1968-09-28,MA,Female,US-MA-03,White,Single,Fully Meets,3
3218,Spencer,Cole,2017-09-26,,Production Technician I,Amy Dunn,2277,spencer.cole@bilearner.com,SVG,Active,Contract,Zone C,Temporary,Production,Production Operations,1971-07-13,MA,Male,US-MA-01,Other,Widowed,Fully Meets,3
3219,Luisa,Monterro,2011-11-03,,Production Technician II,Ava Chan,2463,luisa.monterro@bilearner.com,PL,Active,Full-Time,Zone B,Full-Time,Production,Production Operations,1966-01-18,MA,Female,US-MA-02,Black,Widowed,Fully Meets,3
3220,Sandy,Mckenna,2016-12-31,,Production Technician I,Ariel Cervantes,2322,sandy.mckenna@bilearner.com,SVG,Active,Full-Time,Zone C,Full-Time,Production,Production Operations,1980-10-11,MA,Female,US-MA-03,Other,Divorced,Fully Meets,3
3221,Savanah,Baker,2013-10-25,,Production Technician I,Terry Gay,2298,savanah.baker@bilearner.com,PL,Active,Full-Time,Zone B,Full-Time,Production,Production Operations,1973-12-26,MA,Male,US-MA-01,Other,Single,Fully Meets,3
3222,Gloria,Small,2013-08-20,,Production Technician I,Courtney E Wallace,2276,gloria.small@bilearner.com,BPC,Active,Full-Time,Zone B,Full-Time,Production,Production Operations,1990-08-14,MA,Female,US-MA-02,Hispanic,Married,Fully Meets,3
3223,Alisa,Aguirre,2013-09-25,,Production Technician I,Kyle Ali,2490,alisa.aguirre@bilearner.com,CCDR,Active,Part-Time,Zone B,Part-Time,Production,Production Operations,1980-11-15,MA,Female,US-MA-03,Asian,Single,Fully Meets,3
3224,Sterling,Davila,2009-02-25,,Production Technician I,Kaylyn Joyce,2419,sterling.davila@bilearner.com,SVG,Active,Full-Time,Zone A,Full-Time,Production,Production Operations,1970-02-06,MA,Female,US-MA-01,White,Single,Fully Meets,3
3225,Saniya,Bradley,2010-03-24,2015-03-22,Production Technician I,Uriel Brennan,2386,saniya.bradley@bilearner.com,EW,Voluntarily Terminated,Full-Time,Zone C,Full-Time,Production,Production Operations,1977-07-29,MA,Female,US-MA-02,White,Divorced,Fully Meets,3
3226,Drake,Ashley,2024-01-24,,Production Technician I,Ariel May,2472,drake.ashley@bilearner.com,MSC,Active,Full-Time,Zone C,Full-Time,Production,Production Operations,1988-12-31,MA,Female,US-MA-03,Black,Married,Fully Meets,3
3227,Rosemary,Manning,2017-12-21,,Production Technician I,Ariana Strickland,2294,rosemary.manning@bilearner.com,TNS,Leave of Absence,Full-Time,Zone C,Full-Time,Production,Production Operations,1969-07-08,MA,Female,US-MA-01,Black,Widowed,Fully Meets,3
3228,Adrianna,Johnston,2023-02-05,2025-04-12,Production Technician I,Julianne Shaw,2414,adrianna.johnston@bilearner.com,PYZ,Voluntarily Terminated,Part-Time,Zone C,Part-Time,Production,Production Operations,1993-04-21,MA,Male,US-MA-02,Hispanic,Single,Fully Meets,4
3229,Ruby,Bean,2023-06-04,,Production Technician I,Leticia Parks,2378,ruby.bean@bilearner.com,WBL,Active,Contract,Zone C,Temporary,Production,Production Operations,1984-10-17,MA,Male,US-MA-03,Other,Widowed,Fully Meets,3
3230,Annalise,Avila,2013-01-20,,Production Technician I,Ariana Strickland,2294,annalise.avila@bilearner.com,NEL,Leave of Absence,Full-Time,Zone B,Full-Time,Production,Production Operations,1991-04-20,MA,Female,US-MA-01,White,Single,Fully Meets,3
3231,Carley,Irwin,2021-10-27,,Production Technician I,Ibrahim Wolfe,1142,carley.irwin@bilearner.com,PL,Active,Contract,Zone C,Temporary,Production,Production Operations,1997-05-14,MA,Female,US-MA-02,White,Divorced,Exceeds,5
3232,Makenzie,Mercer,2007-03-03,,Production Technician I,Julianne Shaw,2414,makenzie.mercer@bilearner.com,BPC,Leave of Absence,Part-Time,Zone A,Part-Time,Production,Production Operations,1974-11-18,MA,Male,US-MA-03,Other,Divorced,Fully Meets,3
3233,Julia,Vargas,2021-03-01,,Production Technician I,Leticia Parks,2378,julia.vargas@bilearner.com,CCDR,Leave of Absence,Part-Time,Zone C,Part-Time,Production,Production Operations,1969-02-08,MA,Male,US-MA-01,Asian,Widowed,Fully Meets,3
3234,Parker,Harrison,2001-04-10,,Production Technician I,Marlon Stanton,2304,parker.harrison@bilearner.com,SVG,Active,Full-Time,Zone A,Full-Time,Production,Production Operations,1959-04-25,MA,Male,US-MA-02,Black,Widowed,Fully Meets,3
3235,Emmett,York,2001-07-26,2002-08-23,Production Technician I,Axel Howe,3456,emmett.york@bilearner.com,EW,Voluntarily Terminated,Full-Time,Zone C,Full-Time,Production,Production Operations,1963-08-01,MA,Male,US-MA-03,Hispanic,Married,Fully Meets,3
3236,Landin,Walton,2019-12-17,2021-10-10,Production Technician II,Emelia Mcintyre,2343,landin.walton@bilearner.com,NEL,Voluntarily Terminated,Contract,Zone C,Temporary,Production,Production Operations,1979-06-04,MA,Female,US-MA-01,Asian,Married,Fully Meets,4
3237,Landon,Mayo,2018-03-01,,Production Technician II,Ava Chan,2463,landon.mayo@bilearner.com,PL,Active,Full-Time,Zone C,Full-Time,Production,Production Operations,1987-12-08,MA,Male,US-MA-02,White,Married,Fully Meets,3
3238,Abby,Estes,2009-03-03,2010-05-12,Production Technician II,Kyle Ali,2490,abby.estes@bilearner.com,PYZ,Voluntarily Terminated,Full-Time,Zone C,Full-Time,Production,Production Operations,1984-04-17,MA,Male,US-MA-03,Other,Divorced,Fully Meets,3
3239,Rachael,Pena,2012-03-07,,Production Technician II,Ibrahim Wolfe,1142,rachael.pena@bilearner.com,SVG,Active,Full-Time,Zone B,Full-Time,Production,Production Operations,1992-07-19,MA,Male,US-MA-01,Black,Single,Fully Meets,4
3240,Kyan,Fritz,2020-06-01,2022-07-14,Production Technician II,Cesar Hunter,2470,kyan.fritz@bilearner.com,TNS,Voluntarily Terminated,Contract,Zone C,Temporary,Production,Production Operations,1980-03-05,MA,Female,US-MA-02,Asian,Married,Fully Meets,3
3241,Lana,Vega,2020-07-07,,Production Technician II,Trey Johnston,2506,lana.vega@bilearner.com,WBL,Active,Full-Time,Zone C,Full-Time,Production,Production Operations,1981-11-22,MA,Female,US-MA-03,White,Divorced,Fully Meets,3
3242,Alma,Fischer,2009-10-08,2010-11-28,Production Technician I,Courtney E Wallace,2276,alma.fischer@bilearner.com,NEL,Voluntarily Terminated,Full-Time,Zone C,Full-Time,Production,Production Operations,1955-04-13,MA,Male,US-MA-01,Hispanic,Single,Fully Meets,3
3243,Harley,Peterson,2010-06-10,,Production Technician I,Teagan Fletcher,2440,harley.peterson@bilearner.com,PL,Active,Contract,Zone A,Temporary,Production,Production Operations,1968-11-16,MA,Male,US-MA-02,Hispanic,Married,Fully Meets,3
3244,Kade,Stokes,2008-03-07,,Production Technician I,Walter Immediato,2279,kade.stokes@bilearner.com,BPC,Active,Contract,Zone A,Temporary,Production,Production Operations,1966-09-28,MA,Female,US-MA-03,Black,Divorced,Fully Meets,3
3245,Leonel,Tanner,2022-03-09,2024-06-09,Production Technician I,Amy Dunn,2277,leonel.tanner@bilearner.com,CCDR,Terminated for Cause,Full-Time,Zone C,Full-Time,Production,Production Operations,1975-10-11,MA,Female,US-MA-01,Black,Married,Fully Meets,4
3246,Natalia,Burns,2022-11-16,2024-12-30,Production Technician I,Rosa Rosales,2451,natalia.burns@bilearner.com,SVG,Terminated for Cause,Full-Time,Zone C,Full-Time,Production,Production Operations,1988-04-15,MA,Female,US-MA-02,White,Married,Fully Meets,3
3247,Hailee,Raymond,2019-03-19,2022-02-07,Production Technician I,Cordell Vazquez,2439,hailee.raymond@bilearner.com,EW,Voluntarily Terminated,Full-Time,Zone C,Full-Time,Production,Production Operations,1978-03-14,MA,Female,US-MA-03,Black,Single,Fully Meets,3
3248,Micah,Douglas,2009-12-01,2010-07-22,Production Technician I,Sawyer Little,2385,micah.douglas@bilearner.com,MSC,Voluntarily Terminated,Full-Time,Zone C,Full-Time,Production,Production Operations,1967-03-18,MA,Female,US-MA-01,Hispanic,Single,Fully Meets,3
3249,Kaley,Pollard,2020-05-31,,Production Technician I,Terrell Guerra,2395,kaley.pollard@bilearner.com,TNS,Active,Full-Time,Zone C,Full-Time,Production,Production Operations,1998-08-24,MA,Male,US-MA-02,Black,Single,Fully Meets,3
3250,Seth,Fletcher,2017-05-18,,Production Technician I,Rigoberto Townsend,1187,seth.fletcher@bilearner.com,PYZ,Active,Part-Time,Zone C,Part-Time,Production,Production Operations,1997-06-11,MA,Male,US-MA-03,Asian,Married,Fully Meets,4
3251,Elliana,Thomas,2014-10-22,2016-11-17,Production Technician I,Ava Chan,2463,elliana.thomas@bilearner.com,WBL,Voluntarily Terminated,Contract,Zone C,Temporary,Production,Production Operations,1956-04-12,MA,Male,US-MA-01,White,Divorced,Fully Meets,4
3252,Edward,Chung,2011-01-20,,Production Technician I,Sawyer Little,2385,edward.chung@bilearner.com,NEL,Active,Full-Time,Zone A,Full-Time,Production,Production Operations,1976-07-18,MA,Female,US-MA-02,Black,Divorced,PIP,1
3253,Tessa,Estes,2007-05-05,,Production Technician I,Teagan Fletcher,2440,tessa.estes@bilearner.com,PL,Leave of Absence,Contract,Zone A,Temporary,Production,Production Operations,1982-10-23,MA,Female,US-MA-03,White,Single,Fully Meets,3
3254,Charlie,Carson,2012-06-03,,Production Technician I,Kaylyn Joyce,2419,charlie.carson@bilearner.com,BPC,Leave of Absence,Full-Time,Zone B,Full-Time,Production,Production Operations,1989-08-20,MA,Male,US-MA-01,Other,Widowed,Fully Meets,4
3255,Lawson,Zuniga,2018-07-29,,Production Technician I,Ava Chan,2463,lawson.zuniga@bilearner.com,CCDR,Active,Full-Time,Zone C,Full-Time,Production,Production Operations,1961-05-06,MA,Male,US-MA-02,Other,Widowed,Fully Meets,3
3256,Coleman,Huffman,2011-05-16,,Production Technician I,Ariel Cervantes,2322,coleman.huffman@bilearner.com,SVG,Active,Full-Time,Zone A,Full-Time,Production,Production Operations,1974-12-30,MA,Male,US-MA-03,Black,Divorced,Fully Meets,3
3257,Sanaa,Reilly,2018-10-20,,Production Technician II,Payton Nolan,2377,sanaa.reilly@bilearner.com,PL,Active,Full-Time,Zone C,Full-Time,Production,Production Operations,1986-04-10,MA,Female,US-MA-01,Other,Single,Fully Meets,3
3258,Slade,Randolph,2021-07-05,,Production Technician II,Ariel May,2472,slade.randolph@bilearner.com,BPC,Active,Full-Time,Zone C,Full-Time,Production,Production Operations,1971-05-23,MA,Male,US-MA-02,White,Single,Fully Meets,4
3259,Dania,Hale,2004-04-05,2007-12-22,Production Technician II,Trey Johnston,2506,dania.hale@bilearner.com,CCDR,Voluntarily Terminated,Part-Time,Zone C,Part-Time,Production,Production Operations,1946-11-25,MA,Male,US-MA-03,Hispanic,Single,Fully Meets,4
3260,Roland,Orozco,2023-10-10,,Production Technician II,Brianna Hurley,2471,roland.orozco@bilearner.com,SVG,Active,Full-Time,Zone C,Full-Time,Production,Production Operations,1992-06-17,MA,Male,US-MA-01,Hispanic,Single,Fully Meets,4
3261,Kaylen,Fisher,2006-06-05,,Production Technician II,Ariana Strickland,2294,kaylen.fisher@bilearner.com,EW,Leave of Absence,Full-Time,Zone A,Full-Time,Production,Production Operations,1981-04-13,MA,Male,US-MA-02,Hispanic,Widowed,Fully Meets,3
3262,Kasey,Preston,2015-12-29,,Production Technician II,Cordell Vazquez,2439,kasey.preston@bilearner.com,MSC,Active,Full-Time,Zone B,Full-Time,Production,Production Operations,1984-01-27,MA,Female,US-MA-03,Black,Divorced,PIP,1
3263,Cruz,Davila,2015-09-21,2017-02-03,Production Technician I,George Meyers,2457,cruz.davila@bilearner.com,NEL,Voluntarily Terminated,Contract,Zone C,Temporary,Production,Production Operations,1990-04-14,MA,Male,US-MA-01,Asian,Single,PIP,1
3264,Alani,Phillips,2021-02-19,2021-11-16,Production Technician I,Justice Pineda,1164,alani.phillips@bilearner.com,PL,Terminated for Cause,Full-Time,Zone C,Full-Time,Production,Production Operations,1973-08-27,MA,Male,US-MA-02,Asian,Married,Fully Meets,3
3265,Giovanni,Klein,2016-10-19,,Production Technician I,Braden Nicholson,2478,giovanni.klein@bilearner.com,BPC,Active,Full-Time,Zone C,Full-Time,Production,Production Operations,1993-01-23,MA,Female,US-MA-03,Asian,Single,Fully Meets,3
3266,Max,Mahoney,2009-06-17,,Production Technician I,Amy Dunn,2277,max.mahoney@bilearner.com,CCDR,Active,Full-Time,Zone A,Full-Time,Production,Production Operations,1961-08-15,MA,Female,US-MA-01,Black,Married,Fully Meets,3
3267,Perla,Terry,2011-02-21,2019-11-19,Production Technician I,Courtney E Wallace,2276,perla.terry@bilearner.com,SVG,Voluntarily Terminated,Full-Time,Zone C,Full-Time,Production,Production Operations,1963-11-07,MA,Female,US-MA-02,Other,Single,Fully Meets,3
3268,Makai,Ochoa,2025-09-20,,Production Technician I,Elisa Bramante,2291,makai.ochoa@bilearner.com,EW,Active,Full-Time,Zone C,Full-Time,Production,Production Operations,1962-08-21,MA,Female,US-MA-03,Asian,Single,Fully Meets,3
3269,Caiden,Hogan,2024-03-23,,Production Technician I,Jaydan Hoffman,2317,caiden.hogan@bilearner.com,MSC,Active,Contract,Zone C,Temporary,Production,Production Operations,2000-04-08,MA,Male,US-MA-01,Asian,Married,Fully Meets,3
3270,Brandon,Dickerson,2012-12-21,,Production Technician I,Ally Brennan,2516,brandon.dickerson@bilearner.com,TNS,Active,Full-Time,Zone B,Full-Time,Production,Production Operations,1958-04-09,MA,Male,US-MA-02,Asian,Single,Fully Meets,3
3271,Taryn,Snow,2015-04-18,2015-08-13,Production Technician I,Rigoberto Townsend,1187,taryn.snow@bilearner.com,PYZ,Voluntarily Terminated,Full-Time,Zone C,Full-Time,Production,Production Operations,1970-04-29,MA,Male,US-MA-03,Asian,Divorced,Fully Meets,4
3272,Monserrat,Cooke,2002-05-21,,Production Technician I,Marlon Stanton,2304,monserrat.cooke@bilearner.com,WBL,Active,Contract,Zone A,Temporary,Production,Production Operations,1959-08-22,MA,Male,US-MA-01,Other,Widowed,Fully Meets,3
3273,Zaria,Mcintosh,2020-04-01,,Production Technician I,Braden Nicholson,2478,zaria.mcintosh@bilearner.com,NEL,Active,Full-Time,Zone C,Full-Time,Production,Production Operations,1998-12-08,MA,Female,US-MA-02,Asian,Divorced,Fully Meets,3
3274,Arely,May,2017-02-04,,Production Technician I,Marquise Pacheco,2464,arely.may@bilearner.com,PL,Leave of Absence,Full-Time,Zone C,Full-Time,Production,Production Operations,1965-06-28,MA,Female,US-MA-03,Other,Divorced,PIP,1
3275,Gina,Kent,2010-04-15,,Production Technician I,Ibrahim Wolfe,1142,gina.kent@bilearner.com,BPC,Active,Full-Time,Zone A,Full-Time,Production,Production Operations,1991-12-31,MA,Male,US-MA-01,Other,Divorced,PIP,1
3276,Catherine,Anthony,2012-02-03,,Production Technician I,Ariel Cervantes,2322,catherine.anthony@bilearner.com,CCDR,Active,Part-Time,Zone B,Part-Time,Production,Production Operations,1967-07-21,MA,Male,US-MA-02,Asian,Divorced,Fully Meets,4
3277,Wade,Beltran,2009-12-12,2010-09-23,Production Technician II,Leticia Parks,2378,wade.beltran@bilearner.com,NEL,Voluntarily Terminated,Contract,Zone C,Temporary,Production,Production Operations,1980-05-21,MA,Female,US-MA-03,Hispanic,Married,Fully Meets,4
3278,Mina,Bryant,2021-02-14,2022-03-08,Production Technician II,Cesar Hunter,2470,mina.bryant@bilearner.com,PL,Voluntarily Terminated,Full-Time,Zone C,Full-Time,Production,Production Operations,1972-12-17,MA,Female,US-MA-01,Black,Married,Fully Meets,3
3279,Jonas,Everett,2007-06-23,2008-12-22,Production Technician II,Teagan Fletcher,2440,jonas.everett@bilearner.com,BPC,Voluntarily Terminated,Full-Time,Zone C,Full-Time,Production,Production Operations,1951-09-16,MA,Male,US-MA-02,Black,Married,Fully Meets,3
3280,Makaila,Pham,2017-08-28,2019-01-28,Production Technician II,Colby Wolfe,1144,makaila.pham@bilearner.com,CCDR,Voluntarily Terminated,Contract,Zone C,Temporary,Production,Production Operations,1983-07-09,MA,Male,US-MA-03,Other,Divorced,Fully Meets,3
3281,Gloria,Rose,2023-03-03,,Production Technician II,Jakob Luna,2455,gloria.rose@bilearner.com,SVG,Active,Full-Time,Zone C,Full-Time,Production,Production Operations,1965-11-10,MA,Male,US-MA-01,Hispanic,Divorced,Fully Meets,3
3282,Rebekah,Carpenter,2025-11-27,,Production Technician II,Jaydan Hoffman,2317,rebekah.carpenter@bilearner.com,EW,Active,Full-Time,Zone C,Full-Time,Production,Production Operations,1978-06-23,MA,Female,US-MA-02,Asian,Married,Fully Meets,3
3283,Iris,Reynolds,2011-05-16,,Production Technician II,Uriel Brennan,2386,iris.reynolds@bilearner.com,MSC,Active,Contract,Zone A,Temporary,Production,Production Operations,1988-08-13,MA,Female,US-MA-03,Hispanic,Married,Fully Meets,3
3284,Kennedi,Howell,2013-11-25,2018-11-08,Production Technician I,Brianna Hurley,2471,kennedi.howell@bilearner.com,EW,Voluntarily Terminated,Contract,Zone C,Temporary,Production,Production Operations,1976-04-27,MA,Male,US-MA-01,Other,Divorced,Fully Meets,3
3285,Rashad,Sutton,2024-04-22,2026-03-02,Production Technician I,Ariel Cervantes,2322,rashad.sutton@bilearner.com,MSC,Terminated for Cause,Contract,Zone C,Temporary,Production,Production Operations,2002-03-27,MA,Male,US-MA-02,Other,Single,PIP,1
3286,Regan,Conrad,2020-04-01,,Production Technician I,Nathaly Stuart,2411,regan.conrad@bilearner.com,NEL,Active,Contract,Zone C,Temporary,Production,Production Operations,1970-08-15,MA,Female,US-MA-03,White,Divorced,PIP,1
3287,Litzy,Arias,2017-11-14,,Production Technician I,Cordell Vazquez,2439,litzy.arias@bilearner.com,PL,Active,Full-Time,Zone C,Full-Time,Production,Production Operations,1979-06-10,MA,Female,US-MA-01,Asian,Divorced,Fully Meets,3
3288,Eden,Silva,2016-06-26,,Production Technician I,Courtney E Wallace,2276,eden.silva@bilearner.com,PYZ,Active,Contract,Zone B,Temporary,Production,Production Operations,1967-12-16,MA,Female,US-MA-02,White,Divorced,Fully Meets,3
3289,Kinley,Serrano,2008-02-21,,Production Technician I,Ariel Cervantes,2322,kinley.serrano@bilearner.com,SVG,Active,Full-Time,Zone A,Full-Time,Production,Production Operations,1980-11-06,MA,Female,US-MA-03,White,Divorced,Fully Meets,4
3290,Jaiden,Middleton,2001-03-10,,Production Technician I,Marlon Stanton,2304,jaiden.middleton@bilearner.com,TNS,Active,Part-Time,Zone A,Part-Time,Production,Production Operations,1967-12-18,MA,Male,US-MA-01,Other,Single,Fully Meets,3
3291,Shamar,Serrano,2009-02-14,,Production Technician I,Michael Albert,2275,shamar.serrano@bilearner.com,WBL,Active,Part-Time,Zone A,Part-Time,Production,Production Operations,1957-08-09,MA,Male,US-MA-02,Hispanic,Married,Fully Meets,4
3292,Nadia,Romero,2007-07-12,2012-10-19,Production Technician I,Teagan Fletcher,2440,nadia.romero@bilearner.com,PYZ,Retired,Full-Time,Zone C,Full-Time,Production,Production Operations,1946-05-13,MA,Male,US-MA-03,Asian,Single,Fully Meets,4
3293,Lillianna,Hill,2016-01-19,2022-02-15,Production Technician I,Kyle Ali,2490,lillianna.hill@bilearner.com,WBL,Voluntarily Terminated,Full-Time,Zone C,Full-Time,Production,Production Operations,1967-09-01,MA,Female,US-MA-01,Black,Married,Fully Meets,3
3294,Brent,Henry,2019-06-12,,Production Technician I,Julianne Shaw,2414,brent.henry@bilearner.com,NEL,Leave of Absence,Contract,Zone C,Temporary,Production,Production Operations,1965-06-06,MA,Female,US-MA-02,Other,Divorced,Fully Meets,3
3295,Emmanuel,Perkins,2013-04-18,,Production Technician I,Braden Nicholson,2478,emmanuel.perkins@bilearner.com,PL,Active,Contract,Zone B,Temporary,Production,Production Operations,1959-09-26,MA,Female,US-MA-03,Black,Divorced,Fully Meets,3
3296,Isis,Brooks,2009-10-16,,Production Technician I,Leticia Parks,2378,isis.brooks@bilearner.com,BPC,Leave of Absence,Full-Time,Zone A,Full-Time,Production,Production Operations,1988-03-19,MA,Male,US-MA-01,White,Married,PIP,1
3297,Axel,Dunlap,2022-08-04,,Production Technician I,Cesar Hunter,2470,axel.dunlap@bilearner.com,CCDR,Leave of Absence,Part-Time,Zone C,Part-Time,Production,Production Operations,1965-05-27,MA,Male,US-MA-02,Black,Married,Fully Meets,3
3298,Tatum,Petty,2013-01-15,2014-07-08,Production Technician II,Ava Chan,2463,tatum.petty@bilearner.com,EW,Voluntarily Terminated,Full-Time,Zone C,Full-Time,Production,Production Operations,1960-06-22,MA,Female,US-MA-03,Hispanic,Widowed,Fully Meets,4
3299,Devyn,Pace,2014-01-27,,Production Technician II,Teagan Fletcher,2440,devyn.pace@bilearner.com,MSC,Active,Full-Time,Zone B,Full-Time,Production,Production Operations,1975-06-10,MA,Male,US-MA-01,White,Widowed,Fully Meets,4
3300,Rosemary,Becker,2015-08-14,2016-05-11,Production Technician II,Brianna Hurley,2471,rosemary.becker@bilearner.com,NEL,Voluntarily Terminated,Contract,Zone C,Temporary,Production,Production Operations,1978-09-28,MA,Male,US-MA-02,White,Married,Fully Meets,4
3301,Amiah,Sweeney,2008-11-26,2010-07-24,Production Technician II,Trey Johnston,2506,amiah.sweeney@bilearner.com,PL,Voluntarily Terminated,Full-Time,Zone C,Full-Time,Production,Production Operations,1961-06-04,MA,Male,US-MA-03,Black,Divorced,Fully Meets,4
3302,Maya,Mccoy,2020-11-07,,Production Technician II,Julianne Shaw,2414,maya.mccoy@bilearner.com,PYZ,Leave of Absence,Full-Time,Zone C,Full-Time,Production,Production Operations,1962-12-12,MA,Female,US-MA-01,Hispanic,Married,Fully Meets,3
3303,Ty,Page,2012-03-14,,Production Technician II,Trey Johnston,2506,ty.page@bilearner.com,SVG,Active,Full-Time,Zone B,Full-Time,Production,Production Operations,1981-11-11,MA,Female,US-MA-02,Black,Single,Fully Meets,4
3304,Destiney,Kirby,2010-10-11,,Production Technician II,Walter Immediato,2279,destiney.kirby@bilearner.com,TNS,Active,Full-Time,Zone A,Full-Time,Production,Production Operations,1984-12-07,MA,Female,US-MA-03,Other,Single,Fully Meets,3
3305,Jace,Galloway,2005-09-24,2010-04-18,Production Technician I,Trey Johnston,2506,jace.galloway@bilearner.com,WBL,Voluntarily Terminated,Contract,Zone C,Temporary,Production,Production Operations,1952-07-01,MA,Female,US-MA-01,Other,Widowed,Fully Meets,4
3306,Justice,Guerra,2008-11-20,2017-09-22,Production Technician I,Michael Albert,2275,justice.guerra@bilearner.com,NEL,Voluntarily Terminated,Part-Time,Zone C,Part-Time,Production,Production Operations,1986-02-05,MA,Male,US-MA-02,White,Married,PIP,1
3307,Quincy,Cardenas,2010-05-10,,Production Technician I,Walter Immediato,2279,quincy.cardenas@bilearner.com,PL,Active,Contract,Zone A,Temporary,Production,Production Operations,1978-10-18,MA,Male,US-MA-03,Asian,Married,Fully Meets,3
3308,Alyvia,Mitchell,2011-07-30,,Production Technician I,Faith Golden,2318,alyvia.mitchell@bilearner.com,BPC,Active,Full-Time,Zone B,Full-Time,Production,Production Operations,1962-10-06,MA,Female,US-MA-01,Black,Married,Fully Meets,3
3309,Lillie,Potter,2002-08-11,,Production Technician I,Axel Howe,3456,lillie.potter@bilearner.com,CCDR,Active,Contract,Zone A,Temporary,Production,Production Operations,1978-09-02,MA,Female,US-MA-02,White,Single,Fully Meets,3
3310,George,Fritz,2019-05-23,2024-07-08,Production Technician I,George Meyers,2457,george.fritz@bilearner.com,SVG,Voluntarily Terminated,Part-Time,Zone C,Part-Time,Production,Production Operations,1975-07-25,MA,Female,US-MA-03,Asian,Married,Fully Meets,3
3311,William,Avila,2007-10-06,2009-02-19,Production Technician I,Leticia Parks,2378,william.avila@bilearner.com,EW,Voluntarily Terminated,Full-Time,Zone C,Full-Time,Production,Production Operations,1974-03-12,MA,Female,US-MA-01,Black,Widowed,Fully Meets,3
3312,Saniya,Mosley,2023-12-21,,Production Technician I,Ariel Cervantes,2322,saniya.mosley@bilearner.com,MSC,Active,Part-Time,Zone C,Part-Time,Production,Production Operations,1994-02-10,MA,Male,US-MA-02,Hispanic,Married,Fully Meets,4
3313,Aimee,Davila,2017-10-31,,Production Technician I,Trey Johnston,2506,aimee.davila@bilearner.com,TNS,Active,Full-Time,Zone C,Full-Time,Production,Production Operations,1976-02-16,MA,Male,US-MA-03,Hispanic,Married,Fully Meets,3
3314,German,Hobbs,2024-06-12,,Production Technician I,Ariel May,2472,german.hobbs@bilearner.com,PYZ,Active,Full-Time,Zone C,Full-Time,Production,Production Operations,1967-07-05,MA,Male,US-MA-01,Other,Widowed,Fully Meets,3
3315,Amy,Pace,2019-02-19,2020-08-11,Production Technician I,Mila Poole,2453,amy.pace@bilearner.com,WBL,Retired,Full-Time,Zone C,Full-Time,Production,Production Operations,1957-04-15,MA,Female,US-MA-02,Other,Widowed,Fully Meets,3
3316,Bronson,Houston,2024-10-05,,Production Technician I,Keenan Jensen,2325,bronson.houston@bilearner.com,NEL,Leave of Absence,Full-Time,Zone C,Full-Time,Production,Production Operations,1975-11-11,MA,Female,US-MA-03,Hispanic,Widowed,Fully Meets,3
3317,Shyann,Hurst,2018-01-22,,Production Technician I,Uriel Brennan,2386,shyann.hurst@bilearner.com,PL,Active,Full-Time,Zone C,Full-Time,Production,Production Operations,1983-04-08,MA,Female,US-MA-01,Other,Single,Fully Meets,3
3318,Maddison,Dixon,2018-07-20,,Production Technician I,Kailyn Torres,2468,maddison.dixon@bilearner.com,BPC,Leave of Absence,Full-Time,Zone C,Full-Time,Production,Production Operations,1996-12-08,MA,Male,US-MA-02,White,Divorced,Fully Meets,3
3319,Madelynn,Murillo,2012-03-24,,Production Technician II,Milagros Foley,1185,madelynn.murillo@bilearner.com,NEL,Active,Full-Time,Zone B,Full-Time,Production,Production Operations,1963-01-25,MA,Female,US-MA-03,Hispanic,Married,Fully Meets,3
3320,Zachery,Moreno,2025-11-07,,Production Technician II,Brianna Hurley,2471,zachery.moreno@bilearner.com,PL,Active,Part-Time,Zone C,Part-Time,Production,Production Operations,1969-07-06,MA,Male,US-MA-01,Other,Divorced,Fully Meets,3
3321,Tatum,Terrell,2018-01-03,,Production Technician II,Leticia Parks,2378,tatum.terrell@bilearner.com,BPC,Active,Full-Time,Zone C,Full-Time,Production,Production Operations,1986-01-11,MA,Male,US-MA-02,White,Single,Fully Meets,3
3322,Roland,Berg,2013-07-26,2013-11-03,Production Technician II,Ally Brennan,2516,roland.berg@bilearner.com,CCDR,Voluntarily Terminated,Contract,Zone C,Temporary,Production,Production Operations,1959-05-20,MA,Male,US-MA-03,White,Single,Fully Meets,3
3323,Lilliana,Cowan,2011-08-23,,Production Technician II,Cordell Vazquez,2439,lilliana.cowan@bilearner.com,SVG,Leave of Absence,Full-Time,Zone B,Full-Time,Production,Production Operations,1962-06-04,MA,Female,US-MA-01,Black,Married,Fully Meets,4
3324,Beatrice,Vance,2021-05-13,,Production Technician II,Keenan Jensen,2325,beatrice.vance@bilearner.com,EW,Leave of Absence,Contract,Zone C,Temporary,Production,Production Operations,1992-07-11,MA,Female,US-MA-02,Black,Divorced,PIP,1
3325,Andrea,Khan,2002-06-22,2005-09-03,Production Technician II,Axel Howe,3456,andrea.khan@bilearner.com,MSC,Voluntarily Terminated,Full-Time,Zone C,Full-Time,Production,Production Operations,1948-03-21,MA,Female,US-MA-03,White,Single,Fully Meets,3
3326,Keagan,Vaughan,2016-08-16,,Production Technician I,Rosa Rosales,2451,keagan.vaughan@bilearner.com,PYZ,Active,Full-Time,Zone C,Full-Time,Production,Production Operations,1978-02-10,MA,Male,US-MA-01,Hispanic,Divorced,Fully Meets,3
3327,Selah,Ibarra,2011-02-05,,Production Technician I,Leticia Parks,2378,selah.ibarra@bilearner.com,WBL,Active,Full-Time,Zone A,Full-Time,Production,Production Operations,1979-04-27,MA,Female,US-MA-02,Hispanic,Widowed,Fully Meets,3
3328,Braylen,Cruz,2022-10-09,2025-10-03,Production Technician I,Nathaly Stuart,2411,braylen.cruz@bilearner.com,NEL,Retired,Contract,Zone C,Temporary,Production,Production Operations,1961-02-06,MA,Male,US-MA-03,White,Married,Fully Meets,3
3329,Gabriel,Smith,2016-10-27,,Production Technician I,Emelia Mcintyre,2343,gabriel.smith@bilearner.com,PL,Active,Full-Time,Zone C,Full-Time,Production,Production Operations,1978-10-08,MA,Male,US-MA-01,Hispanic,Divorced,Fully Meets,3
3330,Esther,Willis,2006-11-30,,Production Technician I,Amy Dunn,2277,esther.willis@bilearner.com,BPC,Active,Full-Time,Zone A,Full-Time,Production,Production Operations,1976-03-19,MA,Female,US-MA-02,White,Divorced,Fully Meets,3
3331,Sydney,Chang,2011-12-21,2016-02-08,Production Technician I,Teagan Fletcher,2440,sydney.chang@bilearner.com,CCDR,Voluntarily Terminated,Full-Time,Zone C,Full-Time,Production,Production Operations,1963-11-06,MA,Female,US-MA-03,Other,Single,Fully Meets,3
3332,Will,Morse,2011-10-27,,Production Technician I,Terrell Guerra,2395,will.morse@bilearner.com,SVG,Active,Full-Time,Zone B,Full-Time,Production,Production Operations,1961-03-06,MA,Female,US-MA-01,Other,Widowed,Fully Meets,4
3333,Yael,Sexton,2009-03-10,,Production Technician I,Teagan Fletcher,2440,yael.sexton@bilearner.com,EW,Active,Full-Time,Zone A,Full-Time,Production,Production Operations,1960-09-19,MA,Male,US-MA-02,Hispanic,Single,Fully Meets,3
3334,Brendon,Ryan,2021-03-23,,Production Technician I,Ariel May,2472,brendon.ryan@bilearner.com,MSC,Active,Full-Time,Zone C,Full-Time,Production,Production Operations,1989-05-19,MA,Male,US-MA-03,White,Single,Fully Meets,4
3335,Abbigail,Solis,2026-04-22,2026-04-28,Production Technician I,Carleigh Garrison,2420,abbigail.solis@bilearner.com,TNS,Voluntarily Terminated,Full-Time,Zone C,Full-Time,Production,Production Operations,1992-04-07,MA,Male,US-MA-01,Other,Divorced,Fully Meets,3
3336,Sincere,Preston,2022-06-23,2024-01-24,Production Technician I,George Meyers,2457,sincere.preston@bilearner.com,PYZ,Voluntarily Terminated,Contract,Zone C,Temporary,Production,Production Operations,1979-06-21,MA,Male,US-MA-02,Asian,Divorced,Fully Meets,3
3337,Jorge,Pineda,2022-09-06,,Production Technician I,Leland Chang,2416,jorge.pineda@bilearner.com,WBL,Active,Full-Time,Zone C,Full-Time,Production,Production Operations,1973-01-29,MA,Female,US-MA-03,Black,Single,Fully Meets,3
3338,Aspen,Underwood,2014-03-08,,Production Technician I,Michael Albert,2275,aspen.underwood@bilearner.com,NEL,Active,Full-Time,Zone B,Full-Time,Production,Production Operations,1984-05-11,MA,Female,US-MA-01,Hispanic,Divorced,Fully Meets,3
3339,Alyson,Hickman,2005-05-22,,Production Technician I,Ariel Cervantes,2322,alyson.hickman@bilearner.com,PL,Active,Full-Time,Zone A,Full-Time,Production,Production Operations,1959-01-23,MA,Male,US-MA-02,Hispanic,Divorced,Fully Meets,3
3340,Mina,Hancock,2018-01-16,,Production Technician I,Terry Gay,2298,mina.hancock@bilearner.com,BPC,Active,Full-Time,Zone C,Full-Time,Production,Production Operations,1961-05-10,MA,Male,US-MA-03,White,Married,Fully Meets,3
3341,Konner,Sheppard,2009-02-13,2011-06-28,Production Technician II,Ariana Strickland,2294,konner.sheppard@bilearner.com,WBL,Voluntarily Terminated,Full-Time,Zone C,Full-Time,Production,Production Operations,1955-01-28,MA,Female,US-MA-01,White,Single,Fully Meets,3
3342,London,Nunez,2008-09-24,,Production Technician II,Courtney E Wallace,2276,london.nunez@bilearner.com,NEL,Active,Full-Time,Zone A,Full-Time,Production,Production Operations,1988-05-26,MA,Male,US-MA-02,Other,Widowed,Fully Meets,3
3343,Seth,Huff,2008-10-08,2009-08-01,Production Technician II,Kyle Ali,2490,seth.huff@bilearner.com,PL,Voluntarily Terminated,Full-Time,Zone C,Full-Time,Production,Production Operations,1965-11-25,MA,Male,US-MA-03,Hispanic,Married,Fully Meets,3
3344,Justine,Villanueva,2010-12-11,,Production Technician II,Uriel Brennan,2386,justine.villanueva@bilearner.com,BPC,Active,Part-Time,Zone A,Part-Time,Production,Production Operations,1958-03-12,MA,Male,US-MA-01,White,Married,Fully Meets,3
3345,Moshe,Anderson,2010-11-17,2011-08-08,Production Technician II,Michael Albert,2275,moshe.anderson@bilearner.com,CCDR,Voluntarily Terminated,Full-Time,Zone C,Full-Time,Production,Production Operations,1981-04-09,MA,Male,US-MA-02,Asian,Single,Fully Meets,4
3346,Kadyn,Bush,2024-07-28,,Production Technician II,Colby Wolfe,1144,kadyn.bush@bilearner.com,SVG,Leave of Absence,Full-Time,Zone C,Full-Time,Production,Production Operations,1979-09-17,MA,Female,US-MA-03,Other,Divorced,Fully Meets,3
3347,Ahmed,Lindsey,2017-04-21,,Production Technician II,Brycen York,2421,ahmed.lindsey@bilearner.com,EW,Leave of Absence,Full-Time,Zone C,Full-Time,Production,Production Operations,1962-08-22,MA,Female,US-MA-01,Hispanic,Divorced,Fully Meets,4
3348,Ryder,Bray,2012-07-10,,Production Technician II,Ariel Cervantes,2322,ryder.bray@bilearner.com,MSC,Active,Contract,Zone B,Temporary,Production,Production Operations,1987-12-01,MA,Female,US-MA-02,Asian,Widowed,Fully Meets,3
3349,Taylor,Bonilla,2010-09-15,,Production Technician I,Leticia Parks,2378,taylor.bonilla@bilearner.com,WBL,Active,Full-Time,Zone A,Full-Time,Production,Production Operations,1959-02-27,MA,Male,US-MA-03,Hispanic,Divorced,Fully Meets,3
3350,Jalen,Richmond,2015-02-22,,Production Technician I,Kailyn Torres,2468,jalen.richmond@bilearner.com,BPC,Active,Full-Time,Zone B,Full-Time,Production,Production Operations,1973-01-07,MA,Female,US-MA-01,Hispanic,Divorced,Fully Meets,3
3351,Kayden,Hill,2021-03-06,2023-04-16,Production Technician I,Teagan Fletcher,2440,kayden.hill@bilearner.com,CCDR,Voluntarily Terminated,Full-Time,Zone C,Full-Time,Production,Production Operations,1974-09-08,MA,Male,US-MA-02,Hispanic,Married,Fully Meets,3
3352,Aubree,Mooney,2025-02-03,,Production Technician I,Danny Thomas,2383,aubree.mooney@bilearner.com,EW,Active,Full-Time,Zone C,Full-Time,Production,Production Operations,1986-04-05,MA,Male,US-MA-03,Other,Single,Fully Meets,3
3353,Haven,Donaldson,2018-01-16,,Production Technician I,Milagros Jimenez,2364,haven.donaldson@bilearner.com,MSC,Active,Part-Time,Zone C,Part-Time,Production,Production Operations,1978-06-11,MA,Female,US-MA-01,Hispanic,Married,Fully Meets,3
3354,Neil,Dunn,2010-04-02,2014-10-13,Production Technician I,Kaylyn Joyce,2419,neil.dunn@bilearner.com,NEL,Terminated for Cause,Contract,Zone C,Temporary,Production,Production Operations,1961-04-21,MA,Female,US-MA-02,Asian,Single,Fully Meets,3
3355,Darryl,Ponce,2019-04-09,2023-08-17,Production Technician I,Walter Dominguez,2336,darryl.ponce@bilearner.com,PL,Voluntarily Terminated,Full-Time,Zone C,Full-Time,Production,Production Operations,1991-02-23,MA,Female,US-MA-03,White,Divorced,Fully Meets,3
3356,Cade,Heath,2009-12-19,,Production Technician I,Courtney E Wallace,2276,cade.heath@bilearner.com,PYZ,Active,Contract,Zone A,Temporary,Production,Production Operations,1991-08-14,MA,Female,US-MA-01,Asian,Married,Needs Improvement,1
3357,Sidney,Hooper,2026-04-16,,Production Technician I,Kyle Ali,2490,sidney.hooper@bilearner.com,SVG,Active,Contract,Zone C,Temporary,Production,Production Operations,1995-10-03,MA,Male,US-MA-02,Asian,Married,Exceeds,5
3358,Johnathan,Mayo,2005-12-24,,Production Technician I,Uriel Brennan,2386,johnathan.mayo@bilearner.com,TNS,Leave of Absence,Part-Time,Zone A,Part-Time,Production,Production Operations,1970-06-10,MA,Male,US-MA-03,Black,Divorced,Fully Meets,3
3359,Anika,Arroyo,2007-11-10,,Production Technician I,Uriel Brennan,2386,anika.arroyo@bilearner.com,WBL,Active,Full-Time,Zone A,Full-Time,Production,Production Operations,1980-02-08,MA,Male,US-MA-01,Hispanic,Married,Exceeds,4
3360,Fatima,Kemp,2023-07-31,,Production Technician I,Rachael Buck,1186,fatima.kemp@bilearner.com,BPC,Active,Full-Time,Zone C,Full-Time,Production,Production Operations,1974-05-20,MA,Female,US-MA-02,Asian,Married,Exceeds,4
3361,Lilianna,Conway,2023-12-05,2025-10-31,Production Technician I,Isabela Collins,1121,lilianna.conway@bilearner.com,CCDR,Voluntarily Terminated,Full-Time,Zone C,Full-Time,Production,Production Operations,1963-01-24,MA,Female,US-MA-03,Other,Single,Exceeds,4
3362,Tony,Cooke,2003-11-14,,Production Technician I,Amy Dunn,2277,tony.cooke@bilearner.com,EW,Active,Contract,Zone A,Temporary,Production,Production Operations,1967-11-10,MA,Female,US-MA-01,Asian,Widowed,Exceeds,4
3363,Trevor,Barry,2020-05-21,,Production Technician I,Ariel Cervantes,2322,trevor.barry@bilearner.com,MSC,Active,Contract,Zone C,Temporary,Production,Production Operations,1957-07-26,MA,Male,US-MA-02,Black,Married,Exceeds,5
3364,Marisa,Frank,2005-04-20,2006-11-18,Production Technician II,Terrell Guerra,2395,marisa.frank@bilearner.com,WBL,Voluntarily Terminated,Full-Time,Zone C,Full-Time,Production,Production Operations,1960-06-05,MA,Female,US-MA-03,Hispanic,Single,Exceeds,5
3365,Shania,Flores,2007-10-14,,Production Technician II,Ariana Strickland,2294,shania.flores@bilearner.com,NEL,Active,Full-Time,Zone A,Full-Time,Production,Production Operations,1969-03-09,MA,Male,US-MA-01,Asian,Divorced,Fully Meets,3
3366,Andre,Allison,2014-02-22,2022-07-09,Production Technician II,Ariel Cervantes,2322,andre.allison@bilearner.com,PL,Voluntarily Terminated,Full-Time,Zone C,Full-Time,Production,Production Operations,1976-05-14,MA,Male,US-MA-02,Black,Widowed,Exceeds,5
3367,Destiny,Bright,2014-11-20,2019-09-22,Production Technician II,Cordell Vazquez,2439,destiny.bright@bilearner.com,BPC,Voluntarily Terminated,Full-Time,Zone C,Full-Time,Production,Production Operations,1962-10-16,MA,Male,US-MA-03,Other,Single,Exceeds,4
3368,Karli,Parks,2004-06-12,,Production Technician II,Amy Dunn,2277,karli.parks@bilearner.com,CCDR,Leave of Absence,Full-Time,Zone A,Full-Time,Production,Production Operations,1966-03-26,MA,Male,US-MA-01,Black,Married,Exceeds,4
3369,Mylie,Callahan,2020-08-06,,Production Technician II,Leticia Parks,2378,mylie.callahan@bilearner.com,SVG,Leave of Absence,Full-Time,Zone C,Full-Time,Production,Production Operations,1989-09-22,MA,Female,US-MA-02,Other,Single,Exceeds,4
3370,Jadiel,Dickson,2010-12-28,,Production Technician II,Brycen York,2421,jadiel.dickson@bilearner.com,EW,Active,Full-Time,Zone A,Full-Time,Production,Production Operations,1958-08-27,MA,Female,US-MA-03,Asian,Widowed,Exceeds,4
3371,Aliya,Moss,2009-06-13,2010-07-17,Production Technician II,Ariana Strickland,2294,aliya.moss@bilearner.com,MSC,Voluntarily Terminated,Part-Time,Zone C,Part-Time,Production,Production Operations,1970-11-22,MA,Female,US-MA-01,Hispanic,Married,Exceeds,4
3372,Kylie,Roman,2025-04-21,2025-10-10,Production Technician I,Antwan Gay,2316,kylie.roman@bilearner.com,TNS,Voluntarily Terminated,Full-Time,Zone C,Full-Time,Production,Production Operations,1992-05-27,MA,Female,US-MA-02,Asian,Divorced,Fully Meets,3
3373,Karter,Thornton,2001-04-24,,Production Technician I,Marlon Stanton,2304,karter.thornton@bilearner.com,PYZ,Active,Part-Time,Zone A,Part-Time,Production,Production Operations,1963-02-21,MA,Male,US-MA-03,Other,Married,Exceeds,4
3374,Ronald,Bullock,2003-12-03,2013-09-07,Production Technician I,Amy Dunn,2277,ronald.bullock@bilearner.com,WBL,Voluntarily Terminated,Full-Time,Zone C,Full-Time,Production,Production Operations,1964-09-15,MA,Male,US-MA-01,Hispanic,Divorced,Exceeds,5
3375,Sharon,Beltran,2018-04-02,2019-03-05,Production Technician I,Ibrahim Wolfe,1142,sharon.beltran@bilearner.com,NEL,Voluntarily Terminated,Full-Time,Zone C,Full-Time,Production,Production Operations,1999-09-20,MA,Female,US-MA-02,Black,Divorced,Exceeds,5
3376,Maren,Anderson,2016-07-09,,Production Technician I,Abbigail Cameron,1232,maren.anderson@bilearner.com,PL,Active,Full-Time,Zone C,Full-Time,Production,Production Operations,1986-11-11,MA,Female,US-MA-03,Asian,Single,Exceeds,5
3377,Cruz,Ashley,2019-07-16,2020-07-06,Production Technician I,Jesus Hendricks,2341,cruz.ashley@bilearner.com,BPC,Terminated for Cause,Contract,Zone C,Temporary,Production,Production Operations,1989-09-06,MA,Female,US-MA-01,Asian,Widowed,Exceeds,5
3378,Enzo,Carney,2025-01-31,,Production Technician I,Teagan Fletcher,2440,enzo.carney@bilearner.com,CCDR,Active,Full-Time,Zone C,Full-Time,Production,Production Operations,1993-09-04,MA,Female,US-MA-02,White,Single,Exceeds,5
3379,Marquis,Joseph,2019-06-09,,Production Technician I,Justice Pineda,1164,marquis.joseph@bilearner.com,SVG,Leave of Absence,Part-Time,Zone C,Part-Time,Production,Production Operations,1973-06-23,MA,Female,US-MA-03,Hispanic,Married,Exceeds,4
3380,Victor,Ibarra,2008-07-20,,Production Technician I,Uriel Brennan,2386,victor.ibarra@bilearner.com,EW,Active,Full-Time,Zone A,Full-Time,Production,Production Operations,1984-12-19,MA,Male,US-MA-01,Black,Widowed,Exceeds,5
3381,Annabelle,Marquez,2024-10-20,,Production Technician I,Lillie Leblanc,1274,annabelle.marquez@bilearner.com,MSC,Active,Part-Time,Zone C,Part-Time,Production,Production Operations,1960-08-05,MA,Male,US-MA-02,White,Single,Exceeds,5
3382,Romeo,Gordon,2002-11-10,,Production Technician I,Ariel Cervantes,2322,romeo.gordon@bilearner.com,TNS,Active,Full-Time,Zone A,Full-Time,Production,Production Operations,1970-05-20,MA,Male,US-MA-03,Other,Divorced,Exceeds,4
3383,Aimee,Hughes,2024-03-01,2025-02-24,Production Technician I,Braden Nicholson,2478,aimee.hughes@bilearner.com,PYZ,Voluntarily Terminated,Contract,Zone C,Temporary,Production,Production Operations,1985-04-01,MA,Female,US-MA-01,Hispanic,Divorced,Exceeds,5
3384,Dennis,Hays,2015-07-24,,Production Technician I,George Meyers,2457,dennis.hays@bilearner.com,WBL,Active,Full-Time,Zone B,Full-Time,Production,Production Operations,1991-07-18,MA,Female,US-MA-02,Hispanic,Married,Fully Meets,3
3385,Kelly,Fritz,2018-10-23,,Production Technician I,Uriel Brennan,2386,kelly.fritz@bilearner.com,NEL,Active,Full-Time,Zone C,Full-Time,Production,Production Operations,1978-07-10,MA,Female,US-MA-03,Other,Divorced,Fully Meets,3
3386,Darnell,Shelton,2018-12-28,2022-10-15,Production Technician II,Michael Albert,2275,darnell.shelton@bilearner.com,WBL,Terminated for Cause,Part-Time,Zone C,Part-Time,Production,Production Operations,1995-02-18,MA,Female,US-MA-01,Hispanic,Widowed,Fully Meets,3
3387,Sabrina,Holt,2017-08-20,,Production Technician II,Walter Dominguez,2336,sabrina.holt@bilearner.com,NEL,Active,Full-Time,Zone C,Full-Time,Production,Production Operations,1965-07-19,MA,Male,US-MA-02,Other,Widowed,Fully Meets,4
3388,Zoie,Logan,2020-11-01,,Production Technician II,Payton Nolan,2377,zoie.logan@bilearner.com,PL,Active,Full-Time,Zone C,Full-Time,Production,Production Operations,1990-09-17,MA,Male,US-MA-03,Black,Divorced,Fully Meets,3
3389,Finley,Medina,2003-09-30,,Production Technician II,Amy Dunn,2277,finley.medina@bilearner.com,BPC,Active,Full-Time,Zone A,Full-Time,Production,Production Operations,1972-12-03,MA,Male,US-MA-01,Asian,Married,Fully Meets,4
3390,Lizeth,Middleton,2017-02-07,,Production Technician II,Michael Albert,2275,lizeth.middleton@bilearner.com,CCDR,Leave of Absence,Full-Time,Zone C,Full-Time,Production,Production Operations,1969-01-10,MA,Female,US-MA-02,Hispanic,Married,Fully Meets,3
3391,Odin,Camacho,2025-01-07,,Production Technician II,Jakob Luna,2455,odin.camacho@bilearner.com,SVG,Active,Full-Time,Zone C,Full-Time,Production,Production Operations,1991-11-04,MA,Female,US-MA-03,Black,Divorced,Fully Meets,3
3392,Dakota,Lowery,2008-01-18,2011-03-25,Production Technician II,Courtney E Wallace,2276,dakota.lowery@bilearner.com,EW,Voluntarily Terminated,Full-Time,Zone C,Full-Time,Production,Production Operations,1988-02-29,MA,Female,US-MA-01,Other,Single,Fully Meets,3
3393,Skyla,Santiago,2009-08-14,,Production Technician I,Leticia Parks,2378,skyla.santiago@bilearner.com,BPC,Active,Full-Time,Zone A,Full-Time,Production,Production Operations,1982-07-17,MA,Female,US-MA-02,Hispanic,Married,Needs Improvement,2
3394,Harley,Beard,2004-12-02,,Production Technician I,Terrell Guerra,2395,harley.beard@bilearner.com,WBL,Active,Full-Time,Zone A,Full-Time,Production,Production Operations,1966-02-25,MA,Male,US-MA-03,Black,Divorced,Fully Meets,3
3395,Summer,Barber,2017-08-13,2020-01-06,Production Technician I,Kailyn Torres,2468,summer.barber@bilearner.com,TNS,Voluntarily Terminated,Full-Time,Zone C,Full-Time,Production,Production Operations,1975-02-09,MA,Female,US-MA-01,Other,Widowed,Needs Improvement,1
3396,Stephen,Mcmillan,2016-01-01,2016-07-30,Production Technician I,Rigoberto Townsend,1187,stephen.mcmillan@bilearner.com,SVG,Retired,Full-Time,Zone C,Full-Time,Production,Production Operations,1949-11-30,MA,Female,US-MA-02,Asian,Married,Fully Meets,3
3397,Rylan,Garrison,2003-07-12,,Production Technician I,Trey Johnston,2506,rylan.garrison@bilearner.com,PYZ,Active,Part-Time,Zone A,Part-Time,Production,Production Operations,1961-02-10,MA,Female,US-MA-03,Asian,Single,Fully Meets,3
3398,Kyler,Cherry,2017-12-20,2019-05-05,Production Technician I,Nathaly Stuart,2411,kyler.cherry@bilearner.com,PL,Voluntarily Terminated,Full-Time,Zone C,Full-Time,Production,Production Operations,1956-12-11,MA,Female,US-MA-01,Other,Single,Fully Meets,3
3399,Corinne,Reeves,2007-07-14,2008-03-26,Production Technician I,Michael Albert,2275,corinne.reeves@bilearner.com,NEL,Voluntarily Terminated,Full-Time,Zone C,Full-Time,Production,Production Operations,1984-02-25,MA,Female,US-MA-02,White,Widowed,Fully Meets,4
3400,Lorenzo,Short,2008-05-09,,Production Technician I,Walter Immediato,2279,lorenzo.short@bilearner.com,MSC,Active,Full-Time,Zone A,Full-Time,Production,Production Operations,1970-06-04,MA,Female,US-MA-03,Black,Divorced,Fully Meets,3
3401,Taniya,Kane,2011-09-27,,Production Technician I,Trey Johnston,2506,taniya.kane@bilearner.com,EW,Leave of Absence,Full-Time,Zone B,Full-Time,Production,Production Operations,1973-04-11,MA,Male,US-MA-01,Hispanic,Married,Fully Meets,4
3402,Nevaeh,Mcmillan,2023-11-15,2026-03-23,Production Technician I,Sawyer Little,2385,nevaeh.mcmillan@bilearner.com,CCDR,Voluntarily Terminated,Part-Time,Zone C,Part-Time,Production,Production Operations,1971-11-30,MA,Male,US-MA-02,Black,Single,Fully Meets,3
3403,Dillon,Larson,2013-08-10,2015-03-25,Production Technician I,Kyle Ali,2490,dillon.larson@bilearner.com,BPC,Voluntarily Terminated,Full-Time,Zone C,Full-Time,Production,Production Operations,1975-09-03,MA,Female,US-MA-03,Asian,Married,Exceeds,4
3404,Willie,Howe,2015-06-04,,Production Technician I,Terrell Guerra,2395,willie.howe@bilearner.com,PYZ,Leave of Absence,Full-Time,Zone B,Full-Time,Production,Production Operations,1985-01-20,MA,Female,US-MA-01,Other,Divorced,Fully Meets,3
3405,Selina,Jefferson,2019-10-30,,Production Technician I,Heath Romero,2381,selina.jefferson@bilearner.com,WBL,Leave of Absence,Contract,Zone C,Temporary,Production,Production Operations,1979-03-02,MA,Female,US-MA-02,White,Single,Fully Meets,4
3406,Serenity,Montgomery,2008-02-09,2008-09-22,Production Technician I,Ariel Cervantes,2322,serenity.montgomery@bilearner.com,NEL,Voluntarily Terminated,Contract,Zone C,Temporary,Production,Production Operations,1955-05-17,MA,Female,US-MA-03,Other,Single,Fully Meets,4
3407,Kamila,Sanders,2017-01-06,2017-11-18,Production Technician II,Teagan Fletcher,2440,kamila.sanders@bilearner.com,WBL,Retired,Contract,Zone C,Temporary,Production,Production Operations,1953-02-26,MA,Female,US-MA-01,Asian,Single,Fully Meets,3
3408,Rose,Mcguire,2019-03-11,2020-03-30,Production Technician II,Terry Gay,2298,rose.mcguire@bilearner.com,NEL,Voluntarily Terminated,Full-Time,Zone C,Full-Time,Production,Production Operations,1965-01-07,MA,Male,US-MA-02,Asian,Divorced,Fully Meets,3
3409,Brenton,Zavala,2008-11-13,2009-09-23,Production Technician II,Terrell Guerra,2395,brenton.zavala@bilearner.com,PL,Retired,Full-Time,Zone C,Full-Time,Production,Production Operations,1943-03-15,MA,Male,US-MA-03,Asian,Divorced,Fully Meets,4
3410,Laci,Klein,2011-09-24,,Production Technician II,Brycen York,2421,laci.klein@bilearner.com,BPC,Active,Part-Time,Zone B,Part-Time,Production,Production Operations,1980-07-07,MA,Male,US-MA-01,Hispanic,Widowed,Fully Meets,3
3411,Brenda,Boone,2023-08-01,,Production Technician II,Walter Dominguez,2336,brenda.boone@bilearner.com,CCDR,Active,Full-Time,Zone C,Full-Time,Production,Production Operations,1989-09-28,MA,Female,US-MA-02,Asian,Single,Fully Meets,3
3412,Andrea,Walters,2020-02-25,,Production Technician II,Rachael Buck,1186,andrea.walters@bilearner.com,SVG,Active,Full-Time,Zone C,Full-Time,Production,Production Operations,1991-03-20,MA,Female,US-MA-03,White,Divorced,Exceeds,4
3413,Jovanny,Matthews,2017-10-21,,Production Technician II,Uriel Brennan,2386,jovanny.matthews@bilearner.com,EW,Active,Full-Time,Zone C,Full-Time,Production,Production Operations,1962-12-15,MA,Female,US-MA-01,White,Single,Fully Meets,3
3414,Hunter,Silva,2021-09-26,,Production Technician I,Isiah Decker,1165,hunter.silva@bilearner.com,MSC,Active,Full-Time,Zone C,Full-Time,Production,Production Operations,1998-05-04,MA,Female,US-MA-02,Hispanic,Married,Exceeds,5
3415,Julien,Cisneros,2010-09-04,2014-07-11,Production Technician I,Ibrahim Wolfe,1142,julien.cisneros@bilearner.com,TNS,Voluntarily Terminated,Part-Time,Zone C,Part-Time,Production,Production Operations,1974-10-14,MA,Male,US-MA-03,Hispanic,Widowed,Fully Meets,3
3416,Aron,Waters,2008-10-21,,Production Technician I,Ariana Strickland,2294,aron.waters@bilearner.com,BPC,Active,Full-Time,Zone A,Full-Time,Production,Production Operations,1961-02-06,MA,Male,US-MA-01,Asian,Married,Fully Meets,4
3417,Brayden,Singh,2003-05-19,,Production Technician I,Trey Johnston,2506,brayden.singh@bilearner.com,CCDR,Active,Part-Time,Zone A,Part-Time,Production,Production Operations,1979-03-13,MA,Female,US-MA-02,Other,Widowed,Fully Meets,4
3418,Karma,Palmer,2009-12-20,,Production Technician I,Milagros Foley,1185,karma.palmer@bilearner.com,EW,Active,Full-Time,Zone A,Full-Time,Production,Production Operations,1965-05-02,MA,Female,US-MA-03,Asian,Widowed,Fully Meets,3
3419,Stanley,Reyes,2019-09-12,,Production Technician I,Leticia Parks,2378,stanley.reyes@bilearner.com,MSC,Active,Full-Time,Zone C,Full-Time,Production,Production Operations,1991-01-02,MA,Female,US-MA-01,Black,Divorced,Fully Meets,3
3420,Levi,Hayden,2023-11-07,2024-06-01,Production Technician I,Elijiah Gray,2281,levi.hayden@bilearner.com,NEL,Voluntarily Terminated,Full-Time,Zone C,Full-Time,Production,Production Operations,1966-11-10,MA,Female,US-MA-02,Other,Married,Fully Meets,4
3421,Brenden,Leach,2007-06-17,2007-09-18,Production Technician I,Amy Dunn,2277,brenden.leach@bilearner.com,PL,Voluntarily Terminated,Full-Time,Zone C,Full-Time,Production,Production Operations,1959-06-11,MA,Female,US-MA-03,Other,Divorced,Fully Meets,3
3422,Jakobe,Erickson,2020-09-08,,Production Technician I,Michael Albert,2275,jakobe.erickson@bilearner.com,PYZ,Leave of Absence,Contract,Zone C,Temporary,Production,Production Operations,1998-06-23,MA,Female,US-MA-01,Other,Widowed,Fully Meets,3
3423,Adyson,Strickland,2007-08-13,,Production Technician I,Terrell Guerra,2395,adyson.strickland@bilearner.com,SVG,Active,Full-Time,Zone A,Full-Time,Production,Production Operations,1959-07-02,MA,Male,US-MA-02,Black,Widowed,Fully Meets,3
3424,Annabel,Wilkins,2006-03-05,2007-06-17,Production Technician I,Terrell Guerra,2395,annabel.wilkins@bilearner.com,TNS,Voluntarily Terminated,Full-Time,Zone C,Full-Time,Production,Production Operations,1956-07-25,MA,Male,US-MA-03,White,Single,Fully Meets,3
3425,Kendra,Braun,2019-08-16,2021-02-17,Production Technician I,Ibrahim Wolfe,1142,kendra.braun@bilearner.com,WBL,Retired,Full-Time,Zone C,Full-Time,Production,Production Operations,1954-05-28,MA,Female,US-MA-01,Hispanic,Divorced,Fully Meets,3
3426,Chace,Kerr,2010-04-15,,Production Technician I,Michael Albert,2275,chace.kerr@bilearner.com,BPC,Active,Full-Time,Zone A,Full-Time,Production,Production Operations,1990-09-11,MA,Female,US-MA-02,White,Married,Fully Meets,3
